beacon,k,attacker_block_share,favourable_share,trials,p_without_withholding,p_with_withholding,standard_error,p_with_withholding_formula,gain_formula,blocks_forgone,blocks_forgone_formula
allocation (§4.2),,0.1,0.00999990000099999,100000,0.01018999999999994,0.011099999999999902,0.0003313140469252351,0.011098668270794188,1.1098779257476896,0.10850999999999934,0.10987792574768952
allocation (§4.2),,0.1,0.0999990000099999,100000,0.10268000000000022,0.1124399999999999,0.0009989907125816722,0.10988902307559595,1.098901219658267,0.09987000000000035,0.09890121965826712
committee lottery (§4.3),1,0.1,0.1,100000,0.09981000000000005,0.1102200000000005,0.0009903157694660962,0.10989010989010989,1.0989010989010988,0.1007199999999998,0.09890109890109891
committee lottery (§4.3),3,0.1,0.1,100000,0.10109999999999884,0.11114999999999974,0.0009939651174294506,0.10989010989010989,1.0989010989010988,0.09951000000000153,0.09890109890109891
committee lottery (§4.3),6,0.1,0.1,100000,0.09891999999999956,0.10860999999999935,0.0009839453036036118,0.10989010989010989,1.0989010989010988,0.09957999999999993,0.09890109890109891
committee lottery (§4.3),12,0.1,0.1,100000,0.10004999999999978,0.10984000000000056,0.0009888182449849995,0.10989010989010989,1.0989010989010988,0.09844999999999922,0.09890109890109891
allocation (§4.2),,0.25,0.00999990000099999,100000,0.010069999999999912,0.013309999999999949,0.0003623944705669809,0.013288904097301357,1.3289036986342329,0.3255599999999961,0.32890369863423286
allocation (§4.2),,0.25,0.0999990000099999,100000,0.09867000000000102,0.12764000000000392,0.001055221037941521,0.1290310093773286,1.2903229968742236,0.29109999999999886,0.2903229968742238
committee lottery (§4.3),1,0.25,0.25,100000,0.24978999999999943,0.3080299999999963,0.001459964556407135,0.3076923076923077,1.2307692307692308,0.232389999999998,0.23076923076923078
committee lottery (§4.3),3,0.25,0.25,100000,0.24970000000000006,0.3078100000000009,0.0014596750821718775,0.3076923076923077,1.2307692307692308,0.23204000000000144,0.23076923076923078
committee lottery (§4.3),6,0.25,0.25,100000,0.24826999999999985,0.307480000000001,0.0014592401412440318,0.3076923076923077,1.2307692307692308,0.23127000000000003,0.23076923076923078
committee lottery (§4.3),12,0.25,0.25,100000,0.24919000000000155,0.307339999999999,0.0014590553561895224,0.3076923076923077,1.2307692307692308,0.23321999999999946,0.23076923076923078
