genesis_ids,issuance_per_year,attacker_share,threshold,outcome,years,years_in_units_of_g_over_r,long_run_share
1000000,1051200.0,0.05,0.33,never reached,,,0.05
1000000,1051200.0,0.05,0.51,never reached,,,0.05
1000000,1051200.0,0.05,0.67,never reached,,,0.05
1000000,1051200.0,0.1,0.33,never reached,,,0.1
1000000,1051200.0,0.1,0.51,never reached,,,0.1
1000000,1051200.0,0.1,0.67,never reached,,,0.1
1000000,1051200.0,0.2,0.33,never reached,,,0.2
1000000,1051200.0,0.2,0.51,never reached,,,0.2
1000000,1051200.0,0.2,0.67,never reached,,,0.2
1000000,1051200.0,0.25,0.33,never reached,,,0.25
1000000,1051200.0,0.25,0.51,never reached,,,0.25
1000000,1051200.0,0.25,0.67,never reached,,,0.25
1000000,1051200.0,0.3,0.33,never reached,,,0.3
1000000,1051200.0,0.3,0.51,never reached,,,0.3
1000000,1051200.0,0.3,0.67,never reached,,,0.3
1000000,1051200.0,0.34,0.33,reached,31.39269406392694,33.0,0.34
1000000,1051200.0,0.34,0.51,never reached,,,0.34
1000000,1051200.0,0.34,0.67,never reached,,,0.34
1000000,1051200.0,0.4,0.33,reached,4.484670580560992,4.714285714285714,0.4
1000000,1051200.0,0.4,0.51,never reached,,,0.4
1000000,1051200.0,0.4,0.67,never reached,,,0.4
1000000,1051200.0,0.52,0.33,reached,1.6522470559961548,1.736842105263158,0.52
1000000,1051200.0,0.52,0.51,reached,48.51598173515982,51.0,0.52
1000000,1051200.0,0.52,0.67,never reached,,,0.52
1000000,1051200.0,0.55,0.33,reached,1.4269406392694064,1.5,0.55
1000000,1051200.0,0.55,0.51,reached,12.128995433789955,12.75,0.55
1000000,1051200.0,0.55,0.67,never reached,,,0.55
1000000,1051200.0,0.6,0.33,reached,1.162692372738035,1.2222222222222223,0.6
1000000,1051200.0,0.6,0.51,reached,5.39066463723998,5.666666666666667,0.6
1000000,1051200.0,0.6,0.67,never reached,,,0.6
1000000,1051200.0,0.75,0.33,reached,0.7474450967601652,0.7857142857142857,0.75
1000000,1051200.0,0.75,0.51,reached,2.021499238964992,2.1249999999999996,0.75
1000000,1051200.0,0.75,0.67,reached,7.967085235920853,8.375,0.75
1000000,1051200.0,1.0,0.33,reached,0.4685476725959245,0.49253731343283585,1.0
1000000,1051200.0,1.0,0.51,reached,0.9901220762277514,1.0408163265306123,1.0
1000000,1051200.0,1.0,0.67,reached,1.9314146026474794,2.0303030303030303,1.0
2100000,1051200.0,0.05,0.33,never reached,,,0.05
2100000,1051200.0,0.05,0.51,never reached,,,0.05
2100000,1051200.0,0.05,0.67,never reached,,,0.05
2100000,1051200.0,0.1,0.33,never reached,,,0.1
2100000,1051200.0,0.1,0.51,never reached,,,0.1
2100000,1051200.0,0.1,0.67,never reached,,,0.1
2100000,1051200.0,0.2,0.33,never reached,,,0.2
2100000,1051200.0,0.2,0.51,never reached,,,0.2
2100000,1051200.0,0.2,0.67,never reached,,,0.2
2100000,1051200.0,0.25,0.33,never reached,,,0.25
2100000,1051200.0,0.25,0.51,never reached,,,0.25
2100000,1051200.0,0.25,0.67,never reached,,,0.25
2100000,1051200.0,0.3,0.33,never reached,,,0.3
2100000,1051200.0,0.3,0.51,never reached,,,0.3
2100000,1051200.0,0.3,0.67,never reached,,,0.3
2100000,1051200.0,0.34,0.33,reached,65.92465753424658,33.0,0.34
2100000,1051200.0,0.34,0.51,never reached,,,0.34
2100000,1051200.0,0.34,0.67,never reached,,,0.34
2100000,1051200.0,0.4,0.33,reached,9.417808219178083,4.714285714285714,0.4
2100000,1051200.0,0.4,0.51,never reached,,,0.4
2100000,1051200.0,0.4,0.67,never reached,,,0.4
2100000,1051200.0,0.52,0.33,reached,3.469718817591925,1.736842105263158,0.52
2100000,1051200.0,0.52,0.51,reached,101.88356164383562,51.00000000000001,0.52
2100000,1051200.0,0.52,0.67,never reached,,,0.52
2100000,1051200.0,0.55,0.33,reached,2.9965753424657535,1.5000000000000002,0.55
2100000,1051200.0,0.55,0.51,reached,25.470890410958905,12.750000000000002,0.55
2100000,1051200.0,0.55,0.67,never reached,,,0.55
2100000,1051200.0,0.6,0.33,reached,2.441653982749873,1.2222222222222223,0.6
2100000,1051200.0,0.6,0.51,reached,11.320395738203958,5.666666666666667,0.6
2100000,1051200.0,0.6,0.67,never reached,,,0.6
2100000,1051200.0,0.75,0.33,reached,1.5696347031963471,0.7857142857142858,0.75
2100000,1051200.0,0.75,0.51,reached,4.2451484018264845,2.1250000000000004,0.75
2100000,1051200.0,0.75,0.67,reached,16.73087899543379,8.375000000000002,0.75
2100000,1051200.0,1.0,0.33,reached,0.9839501124514414,0.4925373134328358,1.0
2100000,1051200.0,1.0,0.51,reached,2.079256360078278,1.0408163265306123,1.0
2100000,1051200.0,1.0,0.67,reached,4.055970665559706,2.0303030303030303,1.0
2900000,1051200.0,0.05,0.33,never reached,,,0.05
2900000,1051200.0,0.05,0.51,never reached,,,0.05
2900000,1051200.0,0.05,0.67,never reached,,,0.05
2900000,1051200.0,0.1,0.33,never reached,,,0.1
2900000,1051200.0,0.1,0.51,never reached,,,0.1
2900000,1051200.0,0.1,0.67,never reached,,,0.1
2900000,1051200.0,0.2,0.33,never reached,,,0.2
2900000,1051200.0,0.2,0.51,never reached,,,0.2
2900000,1051200.0,0.2,0.67,never reached,,,0.2
2900000,1051200.0,0.25,0.33,never reached,,,0.25
2900000,1051200.0,0.25,0.51,never reached,,,0.25
2900000,1051200.0,0.25,0.67,never reached,,,0.25
2900000,1051200.0,0.3,0.33,never reached,,,0.3
2900000,1051200.0,0.3,0.51,never reached,,,0.3
2900000,1051200.0,0.3,0.67,never reached,,,0.3
2900000,1051200.0,0.34,0.33,reached,91.03881278538813,33.0,0.34
2900000,1051200.0,0.34,0.51,never reached,,,0.34
2900000,1051200.0,0.34,0.67,never reached,,,0.34
2900000,1051200.0,0.4,0.33,reached,13.005544683626875,4.7142857142857135,0.4
2900000,1051200.0,0.4,0.51,never reached,,,0.4
2900000,1051200.0,0.4,0.67,never reached,,,0.4
2900000,1051200.0,0.52,0.33,reached,4.791516462388849,1.7368421052631577,0.52
2900000,1051200.0,0.52,0.51,reached,140.69634703196348,51.0,0.52
2900000,1051200.0,0.52,0.67,never reached,,,0.52
2900000,1051200.0,0.55,0.33,reached,4.1381278538812785,1.5,0.55
2900000,1051200.0,0.55,0.51,reached,35.17408675799087,12.75,0.55
2900000,1051200.0,0.55,0.67,never reached,,,0.55
2900000,1051200.0,0.6,0.33,reached,3.371807880940301,1.2222222222222223,0.6
2900000,1051200.0,0.6,0.51,reached,15.632927447995941,5.666666666666666,0.6
2900000,1051200.0,0.6,0.67,never reached,,,0.6
2900000,1051200.0,0.75,0.33,reached,2.1675907806044794,0.7857142857142857,0.75
2900000,1051200.0,0.75,0.51,reached,5.862347792998478,2.125,0.75
2900000,1051200.0,0.75,0.67,reached,23.10454718417047,8.375,0.75
2900000,1051200.0,1.0,0.33,reached,1.358788250528181,0.4925373134328358,1.0
2900000,1051200.0,1.0,0.51,reached,2.871354021060479,1.040816326530612,1.0
2900000,1051200.0,1.0,0.67,reached,5.60110234767769,2.0303030303030303,1.0
5000000,1051200.0,0.05,0.33,never reached,,,0.05
5000000,1051200.0,0.05,0.51,never reached,,,0.05
5000000,1051200.0,0.05,0.67,never reached,,,0.05
5000000,1051200.0,0.1,0.33,never reached,,,0.1
5000000,1051200.0,0.1,0.51,never reached,,,0.1
5000000,1051200.0,0.1,0.67,never reached,,,0.1
5000000,1051200.0,0.2,0.33,never reached,,,0.2
5000000,1051200.0,0.2,0.51,never reached,,,0.2
5000000,1051200.0,0.2,0.67,never reached,,,0.2
5000000,1051200.0,0.25,0.33,never reached,,,0.25
5000000,1051200.0,0.25,0.51,never reached,,,0.25
5000000,1051200.0,0.25,0.67,never reached,,,0.25
5000000,1051200.0,0.3,0.33,never reached,,,0.3
5000000,1051200.0,0.3,0.51,never reached,,,0.3
5000000,1051200.0,0.3,0.67,never reached,,,0.3
5000000,1051200.0,0.34,0.33,reached,156.9634703196347,33.0,0.34
5000000,1051200.0,0.34,0.51,never reached,,,0.34
5000000,1051200.0,0.34,0.67,never reached,,,0.34
5000000,1051200.0,0.4,0.33,reached,22.423352902804957,4.714285714285714,0.4
5000000,1051200.0,0.4,0.51,never reached,,,0.4
5000000,1051200.0,0.4,0.67,never reached,,,0.4
5000000,1051200.0,0.52,0.33,reached,8.261235279980774,1.736842105263158,0.52
5000000,1051200.0,0.52,0.51,reached,242.5799086757991,51.0,0.52
5000000,1051200.0,0.52,0.67,never reached,,,0.52
5000000,1051200.0,0.55,0.33,reached,7.134703196347032,1.5,0.55
5000000,1051200.0,0.55,0.51,reached,60.64497716894977,12.75,0.55
5000000,1051200.0,0.55,0.67,never reached,,,0.55
5000000,1051200.0,0.6,0.33,reached,5.813461863690174,1.222222222222222,0.6
5000000,1051200.0,0.6,0.51,reached,26.9533231861999,5.666666666666667,0.6
5000000,1051200.0,0.6,0.67,never reached,,,0.6
5000000,1051200.0,0.75,0.33,reached,3.737225483800826,0.7857142857142857,0.75
5000000,1051200.0,0.75,0.51,reached,10.107496194824963,2.125,0.75
5000000,1051200.0,0.75,0.67,reached,39.83542617960426,8.375,0.75
5000000,1051200.0,1.0,0.33,reached,2.3427383629796226,0.49253731343283585,1.0
5000000,1051200.0,1.0,0.51,reached,4.950610381138757,1.0408163265306123,1.0
5000000,1051200.0,1.0,0.67,reached,9.657073013237397,2.0303030303030303,1.0
10000000,1051200.0,0.05,0.33,never reached,,,0.05
10000000,1051200.0,0.05,0.51,never reached,,,0.05
10000000,1051200.0,0.05,0.67,never reached,,,0.05
10000000,1051200.0,0.1,0.33,never reached,,,0.1
10000000,1051200.0,0.1,0.51,never reached,,,0.1
10000000,1051200.0,0.1,0.67,never reached,,,0.1
10000000,1051200.0,0.2,0.33,never reached,,,0.2
10000000,1051200.0,0.2,0.51,never reached,,,0.2
10000000,1051200.0,0.2,0.67,never reached,,,0.2
10000000,1051200.0,0.25,0.33,never reached,,,0.25
10000000,1051200.0,0.25,0.51,never reached,,,0.25
10000000,1051200.0,0.25,0.67,never reached,,,0.25
10000000,1051200.0,0.3,0.33,never reached,,,0.3
10000000,1051200.0,0.3,0.51,never reached,,,0.3
10000000,1051200.0,0.3,0.67,never reached,,,0.3
10000000,1051200.0,0.34,0.33,reached,313.9269406392694,33.0,0.34
10000000,1051200.0,0.34,0.51,never reached,,,0.34
10000000,1051200.0,0.34,0.67,never reached,,,0.34
10000000,1051200.0,0.4,0.33,reached,44.846705805609915,4.714285714285714,0.4
10000000,1051200.0,0.4,0.51,never reached,,,0.4
10000000,1051200.0,0.4,0.67,never reached,,,0.4
10000000,1051200.0,0.52,0.33,reached,16.522470559961548,1.736842105263158,0.52
10000000,1051200.0,0.52,0.51,reached,485.1598173515982,51.0,0.52
10000000,1051200.0,0.52,0.67,never reached,,,0.52
10000000,1051200.0,0.55,0.33,reached,14.269406392694064,1.5,0.55
10000000,1051200.0,0.55,0.51,reached,121.28995433789954,12.75,0.55
10000000,1051200.0,0.55,0.67,never reached,,,0.55
10000000,1051200.0,0.6,0.33,reached,11.626923727380348,1.222222222222222,0.6
10000000,1051200.0,0.6,0.51,reached,53.9066463723998,5.666666666666667,0.6
10000000,1051200.0,0.6,0.67,never reached,,,0.6
10000000,1051200.0,0.75,0.33,reached,7.474450967601652,0.7857142857142857,0.75
10000000,1051200.0,0.75,0.51,reached,20.214992389649925,2.125,0.75
10000000,1051200.0,0.75,0.67,reached,79.67085235920852,8.375,0.75
10000000,1051200.0,1.0,0.33,reached,4.685476725959245,0.49253731343283585,1.0
10000000,1051200.0,1.0,0.51,reached,9.901220762277514,1.0408163265306123,1.0
10000000,1051200.0,1.0,0.67,reached,19.314146026474795,2.0303030303030303,1.0
