genesis_ids,growth,honest_growth_per_year,attacker_share,threshold,outcome,years,minimum_share_for_finite_time
1000000,0R,0.0,0.05,0.33,reached,9.37095345191849,0.0
1000000,0R,0.0,0.05,0.51,reached,19.80244152455503,0.0
1000000,0R,0.0,0.05,0.67,reached,38.62829205294959,0.0
1000000,0.5R,525600.0,0.05,0.33,never reached,,0.2462686567164179
1000000,0.5R,525600.0,0.05,0.51,never reached,,0.5204081632653061
1000000,0.5R,525600.0,0.05,0.67,never reached,,1.0151515151515151
1000000,1R,1051200.0,0.05,0.33,never reached,,0.4925373134328358
1000000,1R,1051200.0,0.05,0.51,never reached,,1.0408163265306123
1000000,1R,1051200.0,0.05,0.67,never reached,,2.0303030303030303
1000000,2R,2102400.0,0.05,0.33,never reached,,0.9850746268656716
1000000,2R,2102400.0,0.05,0.51,never reached,,2.0816326530612246
1000000,2R,2102400.0,0.05,0.67,never reached,,4.0606060606060606
1000000,(1-s)R base,998640.0,0.05,0.33,never reached,,0.467910447761194
1000000,(1-s)R base,998640.0,0.05,0.51,never reached,,0.9887755102040816
1000000,(1-s)R base,998640.0,0.05,0.67,never reached,,1.9287878787878787
1000000,0R,0.0,0.1,0.33,reached,4.685476725959245,0.0
1000000,0R,0.0,0.1,0.51,reached,9.901220762277514,0.0
1000000,0R,0.0,0.1,0.67,reached,19.314146026474795,0.0
1000000,0.5R,525600.0,0.1,0.33,never reached,,0.2462686567164179
1000000,0.5R,525600.0,0.1,0.51,never reached,,0.5204081632653061
1000000,0.5R,525600.0,0.1,0.67,never reached,,1.0151515151515151
1000000,1R,1051200.0,0.1,0.33,never reached,,0.4925373134328358
1000000,1R,1051200.0,0.1,0.51,never reached,,1.0408163265306123
1000000,1R,1051200.0,0.1,0.67,never reached,,2.0303030303030303
1000000,2R,2102400.0,0.1,0.33,never reached,,0.9850746268656716
1000000,2R,2102400.0,0.1,0.51,never reached,,2.0816326530612246
1000000,2R,2102400.0,0.1,0.67,never reached,,4.0606060606060606
1000000,(1-s)R base,946080.0,0.1,0.33,never reached,,0.44328358208955226
1000000,(1-s)R base,946080.0,0.1,0.51,never reached,,0.936734693877551
1000000,(1-s)R base,946080.0,0.1,0.67,never reached,,1.8272727272727274
1000000,0R,0.0,0.2,0.33,reached,2.3427383629796226,0.0
1000000,0R,0.0,0.2,0.51,reached,4.950610381138757,0.0
1000000,0R,0.0,0.2,0.67,reached,9.657073013237397,0.0
1000000,0.5R,525600.0,0.2,0.33,never reached,,0.2462686567164179
1000000,0.5R,525600.0,0.2,0.51,never reached,,0.5204081632653061
1000000,0.5R,525600.0,0.2,0.67,never reached,,1.0151515151515151
1000000,1R,1051200.0,0.2,0.33,never reached,,0.4925373134328358
1000000,1R,1051200.0,0.2,0.51,never reached,,1.0408163265306123
1000000,1R,1051200.0,0.2,0.67,never reached,,2.0303030303030303
1000000,2R,2102400.0,0.2,0.33,never reached,,0.9850746268656716
1000000,2R,2102400.0,0.2,0.51,never reached,,2.0816326530612246
1000000,2R,2102400.0,0.2,0.67,never reached,,4.0606060606060606
1000000,(1-s)R base,840960.0,0.2,0.33,never reached,,0.3940298507462687
1000000,(1-s)R base,840960.0,0.2,0.51,never reached,,0.8326530612244898
1000000,(1-s)R base,840960.0,0.2,0.67,never reached,,1.6242424242424243
1000000,0R,0.0,0.25,0.33,reached,1.874190690383698,0.0
1000000,0R,0.0,0.25,0.51,reached,3.9604883049110056,0.0
1000000,0R,0.0,0.25,0.67,reached,7.725658410589918,0.0
1000000,0.5R,525600.0,0.25,0.33,reached,125.57077625570776,0.2462686567164179
1000000,0.5R,525600.0,0.25,0.51,never reached,,0.5204081632653061
1000000,0.5R,525600.0,0.25,0.67,never reached,,1.0151515151515151
1000000,1R,1051200.0,0.25,0.33,never reached,,0.4925373134328358
1000000,1R,1051200.0,0.25,0.51,never reached,,1.0408163265306123
1000000,1R,1051200.0,0.25,0.67,never reached,,2.0303030303030303
1000000,2R,2102400.0,0.25,0.33,never reached,,0.9850746268656716
1000000,2R,2102400.0,0.25,0.51,never reached,,2.0816326530612246
1000000,2R,2102400.0,0.25,0.67,never reached,,4.0606060606060606
1000000,(1-s)R base,788400.0,0.25,0.33,never reached,,0.3694029850746269
1000000,(1-s)R base,788400.0,0.25,0.51,never reached,,0.7806122448979592
1000000,(1-s)R base,788400.0,0.25,0.67,never reached,,1.5227272727272727
1000000,0R,0.0,0.3,0.33,reached,1.5618255753197483,0.0
1000000,0R,0.0,0.3,0.51,reached,3.3004069207591713,0.0
1000000,0R,0.0,0.3,0.67,reached,6.438048675491598,0.0
1000000,0.5R,525600.0,0.3,0.33,reached,8.720192795535262,0.2462686567164179
1000000,0.5R,525600.0,0.3,0.51,never reached,,0.5204081632653061
1000000,0.5R,525600.0,0.3,0.67,never reached,,1.0151515151515151
1000000,1R,1051200.0,0.3,0.33,never reached,,0.4925373134328358
1000000,1R,1051200.0,0.3,0.51,never reached,,1.0408163265306123
1000000,1R,1051200.0,0.3,0.67,never reached,,2.0303030303030303
1000000,2R,2102400.0,0.3,0.33,never reached,,0.9850746268656716
1000000,2R,2102400.0,0.3,0.51,never reached,,2.0816326530612246
1000000,2R,2102400.0,0.3,0.67,never reached,,4.0606060606060606
1000000,(1-s)R base,735840.0,0.3,0.33,never reached,,0.3447761194029851
1000000,(1-s)R base,735840.0,0.3,0.51,never reached,,0.7285714285714285
1000000,(1-s)R base,735840.0,0.3,0.67,never reached,,1.4212121212121211
1000000,0R,0.0,0.34,0.33,reached,1.378081389988013,0.0
1000000,0R,0.0,0.34,0.51,reached,2.9121237536110334,0.0
1000000,0R,0.0,0.34,0.67,reached,5.680631184257292,0.0
1000000,0.5R,525600.0,0.34,0.33,reached,4.998836634383271,0.2462686567164179
1000000,0.5R,525600.0,0.34,0.51,never reached,,0.5204081632653061
1000000,0.5R,525600.0,0.34,0.67,never reached,,1.0151515151515151
1000000,1R,1051200.0,0.34,0.33,never reached,,0.4925373134328358
1000000,1R,1051200.0,0.34,0.51,never reached,,1.0408163265306123
1000000,1R,1051200.0,0.34,0.67,never reached,,2.0303030303030303
1000000,2R,2102400.0,0.34,0.33,never reached,,0.9850746268656716
1000000,2R,2102400.0,0.34,0.51,never reached,,2.0816326530612246
1000000,2R,2102400.0,0.34,0.67,never reached,,4.0606060606060606
1000000,(1-s)R base,693792.0,0.34,0.33,reached,31.39269406392694,0.3250746268656716
1000000,(1-s)R base,693792.0,0.34,0.51,never reached,,0.6869387755102041
1000000,(1-s)R base,693792.0,0.34,0.67,never reached,,1.34
1000000,0R,0.0,0.4,0.33,reached,1.1713691814898113,0.0
1000000,0R,0.0,0.4,0.51,reached,2.4753051905693786,0.0
1000000,0R,0.0,0.4,0.67,reached,4.828536506618699,0.0
1000000,0.5R,525600.0,0.4,0.33,reached,3.047834375138538,0.2462686567164179
1000000,0.5R,525600.0,0.4,0.51,never reached,,0.5204081632653061
1000000,0.5R,525600.0,0.4,0.67,never reached,,1.0151515151515151
1000000,1R,1051200.0,0.4,0.33,never reached,,0.4925373134328358
1000000,1R,1051200.0,0.4,0.51,never reached,,1.0408163265306123
1000000,1R,1051200.0,0.4,0.67,never reached,,2.0303030303030303
1000000,2R,2102400.0,0.4,0.33,never reached,,0.9850746268656716
1000000,2R,2102400.0,0.4,0.51,never reached,,2.0816326530612246
1000000,2R,2102400.0,0.4,0.67,never reached,,4.0606060606060606
1000000,(1-s)R base,630720.0,0.4,0.33,reached,4.484670580560992,0.2955223880597015
1000000,(1-s)R base,630720.0,0.4,0.51,never reached,,0.6244897959183674
1000000,(1-s)R base,630720.0,0.4,0.67,never reached,,1.2181818181818183
1000000,0R,0.0,0.52,0.33,reached,0.901053216530624,0.0
1000000,0R,0.0,0.52,0.51,reached,1.9040809158225989,0.0
1000000,0R,0.0,0.52,0.67,reached,3.7142588512451526,0.0
1000000,0.5R,525600.0,0.52,0.33,reached,1.7117063284583938,0.2462686567164179
1000000,0.5R,525600.0,0.52,0.51,never reached,,0.5204081632653061
1000000,0.5R,525600.0,0.52,0.67,never reached,,1.0151515151515151
1000000,1R,1051200.0,0.52,0.33,reached,17.061246773873336,0.4925373134328358
1000000,1R,1051200.0,0.52,0.51,never reached,,1.0408163265306123
1000000,1R,1051200.0,0.52,0.67,never reached,,2.0303030303030303
1000000,2R,2102400.0,0.52,0.33,never reached,,0.9850746268656716
1000000,2R,2102400.0,0.52,0.51,never reached,,2.0816326530612246
1000000,2R,2102400.0,0.52,0.67,never reached,,4.0606060606060606
1000000,(1-s)R base,504576.0,0.52,0.33,reached,1.6522470559961548,0.2364179104477612
1000000,(1-s)R base,504576.0,0.52,0.51,reached,48.51598173515982,0.4995918367346939
1000000,(1-s)R base,504576.0,0.52,0.67,never reached,,0.9745454545454545
1000000,0R,0.0,0.55,0.33,reached,0.8519048592653172,0.0
1000000,0R,0.0,0.55,0.51,reached,1.8002219567777298,0.0
1000000,0R,0.0,0.55,0.67,reached,3.511662913904508,0.0
1000000,0.5R,525600.0,0.55,0.33,reached,1.5426385289398987,0.2462686567164179
1000000,0.5R,525600.0,0.55,0.51,reached,33.45929774838608,0.5204081632653061
1000000,0.5R,525600.0,0.55,0.67,never reached,,1.0151515151515151
1000000,1R,1051200.0,0.55,0.33,reached,8.153946510110893,0.4925373134328358
1000000,1R,1051200.0,0.55,0.51,never reached,,1.0408163265306123
1000000,1R,1051200.0,0.55,0.67,never reached,,2.0303030303030303
1000000,2R,2102400.0,0.55,0.33,never reached,,0.9850746268656716
1000000,2R,2102400.0,0.55,0.51,never reached,,2.0816326530612246
1000000,2R,2102400.0,0.55,0.67,never reached,,4.0606060606060606
1000000,(1-s)R base,473040.0,0.55,0.33,reached,1.4269406392694064,0.22164179104477613
1000000,(1-s)R base,473040.0,0.55,0.51,reached,12.128995433789955,0.4683673469387755
1000000,(1-s)R base,473040.0,0.55,0.67,never reached,,0.9136363636363637
1000000,0R,0.0,0.6,0.33,reached,0.7809127876598742,0.0
1000000,0R,0.0,0.6,0.51,reached,1.6502034603795857,0.0
1000000,0R,0.0,0.6,0.67,reached,3.219024337745799,0.0
1000000,0.5R,525600.0,0.6,0.33,reached,1.3245862474230776,0.2462686567164179
1000000,0.5R,525600.0,0.6,0.51,reached,12.439995316707645,0.5204081632653061
1000000,0.5R,525600.0,0.6,0.67,never reached,,1.0151515151515151
1000000,1R,1051200.0,0.6,0.33,reached,4.360096397767631,0.4925373134328358
1000000,1R,1051200.0,0.6,0.51,never reached,,1.0408163265306123
1000000,1R,1051200.0,0.6,0.67,never reached,,2.0303030303030303
1000000,2R,2102400.0,0.6,0.33,never reached,,0.9850746268656716
1000000,2R,2102400.0,0.6,0.51,never reached,,2.0816326530612246
1000000,2R,2102400.0,0.6,0.67,never reached,,4.0606060606060606
1000000,(1-s)R base,420480.0,0.6,0.33,reached,1.162692372738035,0.19701492537313434
1000000,(1-s)R base,420480.0,0.6,0.51,reached,5.39066463723998,0.4163265306122449
1000000,(1-s)R base,420480.0,0.6,0.67,never reached,,0.8121212121212121
1000000,0R,0.0,0.75,0.33,reached,0.6247302301278993,0.0
1000000,0R,0.0,0.75,0.51,reached,1.3201627683036685,0.0
1000000,0R,0.0,0.75,0.67,reached,2.575219470196639,0.0
1000000,0.5R,525600.0,0.75,0.33,reached,0.9301538981904278,0.2462686567164179
1000000,0.5R,525600.0,0.75,0.51,reached,4.312531709791984,0.5204081632653061
1000000,0.5R,525600.0,0.75,0.67,never reached,,1.0151515151515151
1000000,1R,1051200.0,0.75,0.33,reached,1.8198663225464893,0.4925373134328358
1000000,1R,1051200.0,0.75,0.51,never reached,,1.0408163265306123
1000000,1R,1051200.0,0.75,0.67,never reached,,2.0303030303030303
1000000,2R,2102400.0,0.75,0.33,never reached,,0.9850746268656716
1000000,2R,2102400.0,0.75,0.51,never reached,,2.0816326530612246
1000000,2R,2102400.0,0.75,0.67,never reached,,4.0606060606060606
1000000,(1-s)R base,262800.0,0.75,0.33,reached,0.7474450967601652,0.12313432835820895
1000000,(1-s)R base,262800.0,0.75,0.51,reached,2.021499238964992,0.2602040816326531
1000000,(1-s)R base,262800.0,0.75,0.67,reached,7.967085235920853,0.5075757575757576
1000000,0R,0.0,1.0,0.33,reached,0.4685476725959245,0.0
1000000,0R,0.0,1.0,0.51,reached,0.9901220762277514,0.0
1000000,0R,0.0,1.0,0.67,reached,1.9314146026474794,0.0
1000000,0.5R,525600.0,1.0,0.33,reached,0.621637506216375,0.2462686567164179
1000000,0.5R,525600.0,1.0,0.51,reached,2.0645098610706305,0.5204081632653061
1000000,0.5R,525600.0,1.0,0.67,never reached,,1.0151515151515151
1000000,1R,1051200.0,1.0,0.33,reached,0.9233145312919688,0.4925373134328358
1000000,1R,1051200.0,1.0,0.51,never reached,,1.0408163265306123
1000000,1R,1051200.0,1.0,0.67,never reached,,2.0303030303030303
1000000,2R,2102400.0,1.0,0.33,reached,31.39269406392694,0.9850746268656716
1000000,2R,2102400.0,1.0,0.51,never reached,,2.0816326530612246
1000000,2R,2102400.0,1.0,0.67,never reached,,4.0606060606060606
1000000,(1-s)R base,0.0,1.0,0.33,reached,0.4685476725959245,0.0
1000000,(1-s)R base,0.0,1.0,0.51,reached,0.9901220762277514,0.0
1000000,(1-s)R base,0.0,1.0,0.67,reached,1.9314146026474794,0.0
2100000,0R,0.0,0.05,0.33,reached,19.67900224902883,0.0
2100000,0R,0.0,0.05,0.51,reached,41.585127201565555,0.0
2100000,0R,0.0,0.05,0.67,reached,81.11941331119414,0.0
2100000,0.5R,525600.0,0.05,0.33,never reached,,0.2462686567164179
2100000,0.5R,525600.0,0.05,0.51,never reached,,0.5204081632653061
2100000,0.5R,525600.0,0.05,0.67,never reached,,1.0151515151515151
2100000,1R,1051200.0,0.05,0.33,never reached,,0.4925373134328358
2100000,1R,1051200.0,0.05,0.51,never reached,,1.0408163265306123
2100000,1R,1051200.0,0.05,0.67,never reached,,2.0303030303030303
2100000,2R,2102400.0,0.05,0.33,never reached,,0.9850746268656716
2100000,2R,2102400.0,0.05,0.51,never reached,,2.0816326530612246
2100000,2R,2102400.0,0.05,0.67,never reached,,4.0606060606060606
2100000,(1-s)R base,998640.0,0.05,0.33,never reached,,0.467910447761194
2100000,(1-s)R base,998640.0,0.05,0.51,never reached,,0.9887755102040816
2100000,(1-s)R base,998640.0,0.05,0.67,never reached,,1.9287878787878787
2100000,0R,0.0,0.1,0.33,reached,9.839501124514415,0.0
2100000,0R,0.0,0.1,0.51,reached,20.792563600782778,0.0
2100000,0R,0.0,0.1,0.67,reached,40.55970665559707,0.0
2100000,0.5R,525600.0,0.1,0.33,never reached,,0.2462686567164179
2100000,0.5R,525600.0,0.1,0.51,never reached,,0.5204081632653061
2100000,0.5R,525600.0,0.1,0.67,never reached,,1.0151515151515151
2100000,1R,1051200.0,0.1,0.33,never reached,,0.4925373134328358
2100000,1R,1051200.0,0.1,0.51,never reached,,1.0408163265306123
2100000,1R,1051200.0,0.1,0.67,never reached,,2.0303030303030303
2100000,2R,2102400.0,0.1,0.33,never reached,,0.9850746268656716
2100000,2R,2102400.0,0.1,0.51,never reached,,2.0816326530612246
2100000,2R,2102400.0,0.1,0.67,never reached,,4.0606060606060606
2100000,(1-s)R base,946080.0,0.1,0.33,never reached,,0.44328358208955226
2100000,(1-s)R base,946080.0,0.1,0.51,never reached,,0.936734693877551
2100000,(1-s)R base,946080.0,0.1,0.67,never reached,,1.8272727272727274
2100000,0R,0.0,0.2,0.33,reached,4.9197505622572075,0.0
2100000,0R,0.0,0.2,0.51,reached,10.396281800391389,0.0
2100000,0R,0.0,0.2,0.67,reached,20.279853327798534,0.0
2100000,0.5R,525600.0,0.2,0.33,never reached,,0.2462686567164179
2100000,0.5R,525600.0,0.2,0.51,never reached,,0.5204081632653061
2100000,0.5R,525600.0,0.2,0.67,never reached,,1.0151515151515151
2100000,1R,1051200.0,0.2,0.33,never reached,,0.4925373134328358
2100000,1R,1051200.0,0.2,0.51,never reached,,1.0408163265306123
2100000,1R,1051200.0,0.2,0.67,never reached,,2.0303030303030303
2100000,2R,2102400.0,0.2,0.33,never reached,,0.9850746268656716
2100000,2R,2102400.0,0.2,0.51,never reached,,2.0816326530612246
2100000,2R,2102400.0,0.2,0.67,never reached,,4.0606060606060606
2100000,(1-s)R base,840960.0,0.2,0.33,never reached,,0.3940298507462687
2100000,(1-s)R base,840960.0,0.2,0.51,never reached,,0.8326530612244898
2100000,(1-s)R base,840960.0,0.2,0.67,never reached,,1.6242424242424243
2100000,0R,0.0,0.25,0.33,reached,3.9358004498057655,0.0
2100000,0R,0.0,0.25,0.51,reached,8.317025440313111,0.0
2100000,0R,0.0,0.25,0.67,reached,16.223882662238825,0.0
2100000,0.5R,525600.0,0.25,0.33,reached,263.6986301369863,0.2462686567164179
2100000,0.5R,525600.0,0.25,0.51,never reached,,0.5204081632653061
2100000,0.5R,525600.0,0.25,0.67,never reached,,1.0151515151515151
2100000,1R,1051200.0,0.25,0.33,never reached,,0.4925373134328358
2100000,1R,1051200.0,0.25,0.51,never reached,,1.0408163265306123
2100000,1R,1051200.0,0.25,0.67,never reached,,2.0303030303030303
2100000,2R,2102400.0,0.25,0.33,never reached,,0.9850746268656716
2100000,2R,2102400.0,0.25,0.51,never reached,,2.0816326530612246
2100000,2R,2102400.0,0.25,0.67,never reached,,4.0606060606060606
2100000,(1-s)R base,788400.0,0.25,0.33,never reached,,0.3694029850746269
2100000,(1-s)R base,788400.0,0.25,0.51,never reached,,0.7806122448979592
2100000,(1-s)R base,788400.0,0.25,0.67,never reached,,1.5227272727272727
2100000,0R,0.0,0.3,0.33,reached,3.2798337081714712,0.0
2100000,0R,0.0,0.3,0.51,reached,6.9308545335942595,0.0
2100000,0R,0.0,0.3,0.67,reached,13.519902218532355,0.0
2100000,0.5R,525600.0,0.3,0.33,reached,18.31240487062405,0.2462686567164179
2100000,0.5R,525600.0,0.3,0.51,never reached,,0.5204081632653061
2100000,0.5R,525600.0,0.3,0.67,never reached,,1.0151515151515151
2100000,1R,1051200.0,0.3,0.33,never reached,,0.4925373134328358
2100000,1R,1051200.0,0.3,0.51,never reached,,1.0408163265306123
2100000,1R,1051200.0,0.3,0.67,never reached,,2.0303030303030303
2100000,2R,2102400.0,0.3,0.33,never reached,,0.9850746268656716
2100000,2R,2102400.0,0.3,0.51,never reached,,2.0816326530612246
2100000,2R,2102400.0,0.3,0.67,never reached,,4.0606060606060606
2100000,(1-s)R base,735840.0,0.3,0.33,never reached,,0.3447761194029851
2100000,(1-s)R base,735840.0,0.3,0.51,never reached,,0.7285714285714285
2100000,(1-s)R base,735840.0,0.3,0.67,never reached,,1.4212121212121211
2100000,0R,0.0,0.34,0.33,reached,2.8939709189748277,0.0
2100000,0R,0.0,0.34,0.51,reached,6.1154598825831705,0.0
2100000,0R,0.0,0.34,0.67,reached,11.929325486940314,0.0
2100000,0.5R,525600.0,0.34,0.33,reached,10.49755693220487,0.2462686567164179
2100000,0.5R,525600.0,0.34,0.51,never reached,,0.5204081632653061
2100000,0.5R,525600.0,0.34,0.67,never reached,,1.0151515151515151
2100000,1R,1051200.0,0.34,0.33,never reached,,0.4925373134328358
2100000,1R,1051200.0,0.34,0.51,never reached,,1.0408163265306123
2100000,1R,1051200.0,0.34,0.67,never reached,,2.0303030303030303
2100000,2R,2102400.0,0.34,0.33,never reached,,0.9850746268656716
2100000,2R,2102400.0,0.34,0.51,never reached,,2.0816326530612246
2100000,2R,2102400.0,0.34,0.67,never reached,,4.0606060606060606
2100000,(1-s)R base,693792.0,0.34,0.33,reached,65.92465753424658,0.3250746268656716
2100000,(1-s)R base,693792.0,0.34,0.51,never reached,,0.6869387755102041
2100000,(1-s)R base,693792.0,0.34,0.67,never reached,,1.34
2100000,0R,0.0,0.4,0.33,reached,2.4598752811286038,0.0
2100000,0R,0.0,0.4,0.51,reached,5.198140900195694,0.0
2100000,0R,0.0,0.4,0.67,reached,10.139926663899267,0.0
2100000,0.5R,525600.0,0.4,0.33,reached,6.40045218779093,0.2462686567164179
2100000,0.5R,525600.0,0.4,0.51,never reached,,0.5204081632653061
2100000,0.5R,525600.0,0.4,0.67,never reached,,1.0151515151515151
2100000,1R,1051200.0,0.4,0.33,never reached,,0.4925373134328358
2100000,1R,1051200.0,0.4,0.51,never reached,,1.0408163265306123
2100000,1R,1051200.0,0.4,0.67,never reached,,2.0303030303030303
2100000,2R,2102400.0,0.4,0.33,never reached,,0.9850746268656716
2100000,2R,2102400.0,0.4,0.51,never reached,,2.0816326530612246
2100000,2R,2102400.0,0.4,0.67,never reached,,4.0606060606060606
2100000,(1-s)R base,630720.0,0.4,0.33,reached,9.417808219178083,0.2955223880597015
2100000,(1-s)R base,630720.0,0.4,0.51,never reached,,0.6244897959183674
2100000,(1-s)R base,630720.0,0.4,0.67,never reached,,1.2181818181818183
2100000,0R,0.0,0.52,0.33,reached,1.8922117547143105,0.0
2100000,0R,0.0,0.52,0.51,reached,3.9985699232274574,0.0
2100000,0R,0.0,0.52,0.67,reached,7.799943587614821,0.0
2100000,0.5R,525600.0,0.52,0.33,reached,3.594583289762627,0.2462686567164179
2100000,0.5R,525600.0,0.52,0.51,never reached,,0.5204081632653061
2100000,0.5R,525600.0,0.52,0.67,never reached,,1.0151515151515151
2100000,1R,1051200.0,0.52,0.33,reached,35.82861822513401,0.4925373134328358
2100000,1R,1051200.0,0.52,0.51,never reached,,1.0408163265306123
2100000,1R,1051200.0,0.52,0.67,never reached,,2.0303030303030303
2100000,2R,2102400.0,0.52,0.33,never reached,,0.9850746268656716
2100000,2R,2102400.0,0.52,0.51,never reached,,2.0816326530612246
2100000,2R,2102400.0,0.52,0.67,never reached,,4.0606060606060606
2100000,(1-s)R base,504576.0,0.52,0.33,reached,3.469718817591925,0.2364179104477612
2100000,(1-s)R base,504576.0,0.52,0.51,reached,101.88356164383562,0.4995918367346939
2100000,(1-s)R base,504576.0,0.52,0.67,never reached,,0.9745454545454545
2100000,0R,0.0,0.55,0.33,reached,1.7890002044571662,0.0
2100000,0R,0.0,0.55,0.51,reached,3.7804661092332323,0.0
2100000,0R,0.0,0.55,0.67,reached,7.374492119199466,0.0
2100000,0.5R,525600.0,0.55,0.33,reached,3.2395409107737874,0.2462686567164179
2100000,0.5R,525600.0,0.55,0.51,reached,70.26452527161076,0.5204081632653061
2100000,0.5R,525600.0,0.55,0.67,never reached,,1.0151515151515151
2100000,1R,1051200.0,0.55,0.33,reached,17.123287671232877,0.4925373134328358
2100000,1R,1051200.0,0.55,0.51,never reached,,1.0408163265306123
2100000,1R,1051200.0,0.55,0.67,never reached,,2.0303030303030303
2100000,2R,2102400.0,0.55,0.33,never reached,,0.9850746268656716
2100000,2R,2102400.0,0.55,0.51,never reached,,2.0816326530612246
2100000,2R,2102400.0,0.55,0.67,never reached,,4.0606060606060606
2100000,(1-s)R base,473040.0,0.55,0.33,reached,2.9965753424657535,0.22164179104477613
2100000,(1-s)R base,473040.0,0.55,0.51,reached,25.470890410958905,0.4683673469387755
2100000,(1-s)R base,473040.0,0.55,0.67,never reached,,0.9136363636363637
2100000,0R,0.0,0.6,0.33,reached,1.6399168540857356,0.0
2100000,0R,0.0,0.6,0.51,reached,3.4654272667971298,0.0
2100000,0R,0.0,0.6,0.67,reached,6.7599511092661775,0.0
2100000,0.5R,525600.0,0.6,0.33,reached,2.781631119588463,0.2462686567164179
2100000,0.5R,525600.0,0.6,0.51,reached,26.123990165086056,0.5204081632653061
2100000,0.5R,525600.0,0.6,0.67,never reached,,1.0151515151515151
2100000,1R,1051200.0,0.6,0.33,reached,9.156202435312025,0.4925373134328358
2100000,1R,1051200.0,0.6,0.51,never reached,,1.0408163265306123
2100000,1R,1051200.0,0.6,0.67,never reached,,2.0303030303030303
2100000,2R,2102400.0,0.6,0.33,never reached,,0.9850746268656716
2100000,2R,2102400.0,0.6,0.51,never reached,,2.0816326530612246
2100000,2R,2102400.0,0.6,0.67,never reached,,4.0606060606060606
2100000,(1-s)R base,420480.0,0.6,0.33,reached,2.441653982749873,0.19701492537313434
2100000,(1-s)R base,420480.0,0.6,0.51,reached,11.320395738203958,0.4163265306122449
2100000,(1-s)R base,420480.0,0.6,0.67,never reached,,0.8121212121212121
2100000,0R,0.0,0.75,0.33,reached,1.3119334832685885,0.0
2100000,0R,0.0,0.75,0.51,reached,2.772341813437704,0.0
2100000,0R,0.0,0.75,0.67,reached,5.407960887412942,0.0
2100000,0.5R,525600.0,0.75,0.33,reached,1.9533231861998985,0.2462686567164179
2100000,0.5R,525600.0,0.75,0.51,reached,9.056316590563165,0.5204081632653061
2100000,0.5R,525600.0,0.75,0.67,never reached,,1.0151515151515151
2100000,1R,1051200.0,0.75,0.33,reached,3.8217192773476274,0.4925373134328358
2100000,1R,1051200.0,0.75,0.51,never reached,,1.0408163265306123
2100000,1R,1051200.0,0.75,0.67,never reached,,2.0303030303030303
2100000,2R,2102400.0,0.75,0.33,never reached,,0.9850746268656716
2100000,2R,2102400.0,0.75,0.51,never reached,,2.0816326530612246
2100000,2R,2102400.0,0.75,0.67,never reached,,4.0606060606060606
2100000,(1-s)R base,262800.0,0.75,0.33,reached,1.5696347031963471,0.12313432835820895
2100000,(1-s)R base,262800.0,0.75,0.51,reached,4.2451484018264845,0.2602040816326531
2100000,(1-s)R base,262800.0,0.75,0.67,reached,16.73087899543379,0.5075757575757576
2100000,0R,0.0,1.0,0.33,reached,0.9839501124514414,0.0
2100000,0R,0.0,1.0,0.51,reached,2.079256360078278,0.0
2100000,0R,0.0,1.0,0.67,reached,4.055970665559706,0.0
2100000,0.5R,525600.0,1.0,0.33,reached,1.3054387630543876,0.2462686567164179
2100000,0.5R,525600.0,1.0,0.51,reached,4.335470708248324,0.5204081632653061
2100000,0.5R,525600.0,1.0,0.67,never reached,,1.0151515151515151
2100000,1R,1051200.0,1.0,0.33,reached,1.9389605157131347,0.4925373134328358
2100000,1R,1051200.0,1.0,0.51,never reached,,1.0408163265306123
2100000,1R,1051200.0,1.0,0.67,never reached,,2.0303030303030303
2100000,2R,2102400.0,1.0,0.33,reached,65.92465753424658,0.9850746268656716
2100000,2R,2102400.0,1.0,0.51,never reached,,2.0816326530612246
2100000,2R,2102400.0,1.0,0.67,never reached,,4.0606060606060606
2100000,(1-s)R base,0.0,1.0,0.33,reached,0.9839501124514414,0.0
2100000,(1-s)R base,0.0,1.0,0.51,reached,2.079256360078278,0.0
2100000,(1-s)R base,0.0,1.0,0.67,reached,4.055970665559706,0.0
2900000,0R,0.0,0.05,0.33,reached,27.17576501056362,0.0
2900000,0R,0.0,0.05,0.51,reached,57.42708042120958,0.0
2900000,0R,0.0,0.05,0.67,reached,112.0220469535538,0.0
2900000,0.5R,525600.0,0.05,0.33,never reached,,0.2462686567164179
2900000,0.5R,525600.0,0.05,0.51,never reached,,0.5204081632653061
2900000,0.5R,525600.0,0.05,0.67,never reached,,1.0151515151515151
2900000,1R,1051200.0,0.05,0.33,never reached,,0.4925373134328358
2900000,1R,1051200.0,0.05,0.51,never reached,,1.0408163265306123
2900000,1R,1051200.0,0.05,0.67,never reached,,2.0303030303030303
2900000,2R,2102400.0,0.05,0.33,never reached,,0.9850746268656716
2900000,2R,2102400.0,0.05,0.51,never reached,,2.0816326530612246
2900000,2R,2102400.0,0.05,0.67,never reached,,4.0606060606060606
2900000,(1-s)R base,998640.0,0.05,0.33,never reached,,0.467910447761194
2900000,(1-s)R base,998640.0,0.05,0.51,never reached,,0.9887755102040816
2900000,(1-s)R base,998640.0,0.05,0.67,never reached,,1.9287878787878787
2900000,0R,0.0,0.1,0.33,reached,13.58788250528181,0.0
2900000,0R,0.0,0.1,0.51,reached,28.71354021060479,0.0
2900000,0R,0.0,0.1,0.67,reached,56.0110234767769,0.0
2900000,0.5R,525600.0,0.1,0.33,never reached,,0.2462686567164179
2900000,0.5R,525600.0,0.1,0.51,never reached,,0.5204081632653061
2900000,0.5R,525600.0,0.1,0.67,never reached,,1.0151515151515151
2900000,1R,1051200.0,0.1,0.33,never reached,,0.4925373134328358
2900000,1R,1051200.0,0.1,0.51,never reached,,1.0408163265306123
2900000,1R,1051200.0,0.1,0.67,never reached,,2.0303030303030303
2900000,2R,2102400.0,0.1,0.33,never reached,,0.9850746268656716
2900000,2R,2102400.0,0.1,0.51,never reached,,2.0816326530612246
2900000,2R,2102400.0,0.1,0.67,never reached,,4.0606060606060606
2900000,(1-s)R base,946080.0,0.1,0.33,never reached,,0.44328358208955226
2900000,(1-s)R base,946080.0,0.1,0.51,never reached,,0.936734693877551
2900000,(1-s)R base,946080.0,0.1,0.67,never reached,,1.8272727272727274
2900000,0R,0.0,0.2,0.33,reached,6.793941252640905,0.0
2900000,0R,0.0,0.2,0.51,reached,14.356770105302395,0.0
2900000,0R,0.0,0.2,0.67,reached,28.00551173838845,0.0
2900000,0.5R,525600.0,0.2,0.33,never reached,,0.2462686567164179
2900000,0.5R,525600.0,0.2,0.51,never reached,,0.5204081632653061
2900000,0.5R,525600.0,0.2,0.67,never reached,,1.0151515151515151
2900000,1R,1051200.0,0.2,0.33,never reached,,0.4925373134328358
2900000,1R,1051200.0,0.2,0.51,never reached,,1.0408163265306123
2900000,1R,1051200.0,0.2,0.67,never reached,,2.0303030303030303
2900000,2R,2102400.0,0.2,0.33,never reached,,0.9850746268656716
2900000,2R,2102400.0,0.2,0.51,never reached,,2.0816326530612246
2900000,2R,2102400.0,0.2,0.67,never reached,,4.0606060606060606
2900000,(1-s)R base,840960.0,0.2,0.33,never reached,,0.3940298507462687
2900000,(1-s)R base,840960.0,0.2,0.51,never reached,,0.8326530612244898
2900000,(1-s)R base,840960.0,0.2,0.67,never reached,,1.6242424242424243
2900000,0R,0.0,0.25,0.33,reached,5.435153002112724,0.0
2900000,0R,0.0,0.25,0.51,reached,11.485416084241916,0.0
2900000,0R,0.0,0.25,0.67,reached,22.40440939071076,0.0
2900000,0.5R,525600.0,0.25,0.33,reached,364.1552511415525,0.2462686567164179
2900000,0.5R,525600.0,0.25,0.51,never reached,,0.5204081632653061
2900000,0.5R,525600.0,0.25,0.67,never reached,,1.0151515151515151
2900000,1R,1051200.0,0.25,0.33,never reached,,0.4925373134328358
2900000,1R,1051200.0,0.25,0.51,never reached,,1.0408163265306123
2900000,1R,1051200.0,0.25,0.67,never reached,,2.0303030303030303
2900000,2R,2102400.0,0.25,0.33,never reached,,0.9850746268656716
2900000,2R,2102400.0,0.25,0.51,never reached,,2.0816326530612246
2900000,2R,2102400.0,0.25,0.67,never reached,,4.0606060606060606
2900000,(1-s)R base,788400.0,0.25,0.33,never reached,,0.3694029850746269
2900000,(1-s)R base,788400.0,0.25,0.51,never reached,,0.7806122448979592
2900000,(1-s)R base,788400.0,0.25,0.67,never reached,,1.5227272727272727
2900000,0R,0.0,0.3,0.33,reached,4.52929416842727,0.0
2900000,0R,0.0,0.3,0.51,reached,9.571180070201597,0.0
2900000,0R,0.0,0.3,0.67,reached,18.670341158925634,0.0
2900000,0.5R,525600.0,0.3,0.33,reached,25.288559107052258,0.2462686567164179
2900000,0.5R,525600.0,0.3,0.51,never reached,,0.5204081632653061
2900000,0.5R,525600.0,0.3,0.67,never reached,,1.0151515151515151
2900000,1R,1051200.0,0.3,0.33,never reached,,0.4925373134328358
2900000,1R,1051200.0,0.3,0.51,never reached,,1.0408163265306123
2900000,1R,1051200.0,0.3,0.67,never reached,,2.0303030303030303
2900000,2R,2102400.0,0.3,0.33,never reached,,0.9850746268656716
2900000,2R,2102400.0,0.3,0.51,never reached,,2.0816326530612246
2900000,2R,2102400.0,0.3,0.67,never reached,,4.0606060606060606
2900000,(1-s)R base,735840.0,0.3,0.33,never reached,,0.3447761194029851
2900000,(1-s)R base,735840.0,0.3,0.51,never reached,,0.7285714285714285
2900000,(1-s)R base,735840.0,0.3,0.67,never reached,,1.4212121212121211
2900000,0R,0.0,0.34,0.33,reached,3.9964360309652385,0.0
2900000,0R,0.0,0.34,0.51,reached,8.445158885471997,0.0
2900000,0R,0.0,0.34,0.67,reached,16.473830434346148,0.0
2900000,0.5R,525600.0,0.34,0.33,reached,14.496626239711485,0.2462686567164179
2900000,0.5R,525600.0,0.34,0.51,never reached,,0.5204081632653061
2900000,0.5R,525600.0,0.34,0.67,never reached,,1.0151515151515151
2900000,1R,1051200.0,0.34,0.33,never reached,,0.4925373134328358
2900000,1R,1051200.0,0.34,0.51,never reached,,1.0408163265306123
2900000,1R,1051200.0,0.34,0.67,never reached,,2.0303030303030303
2900000,2R,2102400.0,0.34,0.33,never reached,,0.9850746268656716
2900000,2R,2102400.0,0.34,0.51,never reached,,2.0816326530612246
2900000,2R,2102400.0,0.34,0.67,never reached,,4.0606060606060606
2900000,(1-s)R base,693792.0,0.34,0.33,reached,91.03881278538813,0.3250746268656716
2900000,(1-s)R base,693792.0,0.34,0.51,never reached,,0.6869387755102041
2900000,(1-s)R base,693792.0,0.34,0.67,never reached,,1.34
2900000,0R,0.0,0.4,0.33,reached,3.3969706263204524,0.0
2900000,0R,0.0,0.4,0.51,reached,7.178385052651198,0.0
2900000,0R,0.0,0.4,0.67,reached,14.002755869194225,0.0
2900000,0.5R,525600.0,0.4,0.33,reached,8.83871968790176,0.2462686567164179
2900000,0.5R,525600.0,0.4,0.51,never reached,,0.5204081632653061
2900000,0.5R,525600.0,0.4,0.67,never reached,,1.0151515151515151
2900000,1R,1051200.0,0.4,0.33,never reached,,0.4925373134328358
2900000,1R,1051200.0,0.4,0.51,never reached,,1.0408163265306123
2900000,1R,1051200.0,0.4,0.67,never reached,,2.0303030303030303
2900000,2R,2102400.0,0.4,0.33,never reached,,0.9850746268656716
2900000,2R,2102400.0,0.4,0.51,never reached,,2.0816326530612246
2900000,2R,2102400.0,0.4,0.67,never reached,,4.0606060606060606
2900000,(1-s)R base,630720.0,0.4,0.33,reached,13.005544683626875,0.2955223880597015
2900000,(1-s)R base,630720.0,0.4,0.51,never reached,,0.6244897959183674
2900000,(1-s)R base,630720.0,0.4,0.67,never reached,,1.2181818181818183
2900000,0R,0.0,0.52,0.33,reached,2.6130543279388094,0.0
2900000,0R,0.0,0.52,0.51,reached,5.521834655885536,0.0
2900000,0R,0.0,0.52,0.67,reached,10.771350668610943,0.0
2900000,0.5R,525600.0,0.52,0.33,reached,4.963948352529342,0.2462686567164179
2900000,0.5R,525600.0,0.52,0.51,never reached,,0.5204081632653061
2900000,0.5R,525600.0,0.52,0.67,never reached,,1.0151515151515151
2900000,1R,1051200.0,0.52,0.33,reached,49.47761564423268,0.4925373134328358
2900000,1R,1051200.0,0.52,0.51,never reached,,1.0408163265306123
2900000,1R,1051200.0,0.52,0.67,never reached,,2.0303030303030303
2900000,2R,2102400.0,0.52,0.33,never reached,,0.9850746268656716
2900000,2R,2102400.0,0.52,0.51,never reached,,2.0816326530612246
2900000,2R,2102400.0,0.52,0.67,never reached,,4.0606060606060606
2900000,(1-s)R base,504576.0,0.52,0.33,reached,4.791516462388849,0.2364179104477612
2900000,(1-s)R base,504576.0,0.52,0.51,reached,140.69634703196348,0.4995918367346939
2900000,(1-s)R base,504576.0,0.52,0.67,never reached,,0.9745454545454545
2900000,0R,0.0,0.55,0.33,reached,2.4705240918694202,0.0
2900000,0R,0.0,0.55,0.51,reached,5.220643674655416,0.0
2900000,0R,0.0,0.55,0.67,reached,10.183822450323072,0.0
2900000,0.5R,525600.0,0.55,0.33,reached,4.473651733925706,0.2462686567164179
2900000,0.5R,525600.0,0.55,0.51,reached,97.03196347031964,0.5204081632653061
2900000,0.5R,525600.0,0.55,0.67,never reached,,1.0151515151515151
2900000,1R,1051200.0,0.55,0.33,reached,23.646444879321592,0.4925373134328358
2900000,1R,1051200.0,0.55,0.51,never reached,,1.0408163265306123
2900000,1R,1051200.0,0.55,0.67,never reached,,2.0303030303030303
2900000,2R,2102400.0,0.55,0.33,never reached,,0.9850746268656716
2900000,2R,2102400.0,0.55,0.51,never reached,,2.0816326530612246
2900000,2R,2102400.0,0.55,0.67,never reached,,4.0606060606060606
2900000,(1-s)R base,473040.0,0.55,0.33,reached,4.1381278538812785,0.22164179104477613
2900000,(1-s)R base,473040.0,0.55,0.51,reached,35.17408675799087,0.4683673469387755
2900000,(1-s)R base,473040.0,0.55,0.67,never reached,,0.9136363636363637
2900000,0R,0.0,0.6,0.33,reached,2.264647084213635,0.0
2900000,0R,0.0,0.6,0.51,reached,4.785590035100799,0.0
2900000,0R,0.0,0.6,0.67,reached,9.335170579462817,0.0
2900000,0.5R,525600.0,0.6,0.33,reached,3.841300117526925,0.2462686567164179
2900000,0.5R,525600.0,0.6,0.51,reached,36.075986418452175,0.5204081632653061
2900000,0.5R,525600.0,0.6,0.67,never reached,,1.0151515151515151
2900000,1R,1051200.0,0.6,0.33,reached,12.644279553526129,0.4925373134328358
2900000,1R,1051200.0,0.6,0.51,never reached,,1.0408163265306123
2900000,1R,1051200.0,0.6,0.67,never reached,,2.0303030303030303
2900000,2R,2102400.0,0.6,0.33,never reached,,0.9850746268656716
2900000,2R,2102400.0,0.6,0.51,never reached,,2.0816326530612246
2900000,2R,2102400.0,0.6,0.67,never reached,,4.0606060606060606
2900000,(1-s)R base,420480.0,0.6,0.33,reached,3.371807880940301,0.19701492537313434
2900000,(1-s)R base,420480.0,0.6,0.51,reached,15.632927447995941,0.4163265306122449
2900000,(1-s)R base,420480.0,0.6,0.67,never reached,,0.8121212121212121
2900000,0R,0.0,0.75,0.33,reached,1.8117176673709081,0.0
2900000,0R,0.0,0.75,0.51,reached,3.828472028080639,0.0
2900000,0R,0.0,0.75,0.67,reached,7.468136463570254,0.0
2900000,0.5R,525600.0,0.75,0.33,reached,2.697446304752241,0.2462686567164179
2900000,0.5R,525600.0,0.75,0.51,reached,12.506341958396753,0.5204081632653061
2900000,0.5R,525600.0,0.75,0.67,never reached,,1.0151515151515151
2900000,1R,1051200.0,0.75,0.33,reached,5.277612335384819,0.4925373134328358
2900000,1R,1051200.0,0.75,0.51,never reached,,1.0408163265306123
2900000,1R,1051200.0,0.75,0.67,never reached,,2.0303030303030303
2900000,2R,2102400.0,0.75,0.33,never reached,,0.9850746268656716
2900000,2R,2102400.0,0.75,0.51,never reached,,2.0816326530612246
2900000,2R,2102400.0,0.75,0.67,never reached,,4.0606060606060606
2900000,(1-s)R base,262800.0,0.75,0.33,reached,2.1675907806044794,0.12313432835820895
2900000,(1-s)R base,262800.0,0.75,0.51,reached,5.862347792998478,0.2602040816326531
2900000,(1-s)R base,262800.0,0.75,0.67,reached,23.10454718417047,0.5075757575757576
2900000,0R,0.0,1.0,0.33,reached,1.358788250528181,0.0
2900000,0R,0.0,1.0,0.51,reached,2.871354021060479,0.0
2900000,0R,0.0,1.0,0.67,reached,5.60110234767769,0.0
2900000,0.5R,525600.0,1.0,0.33,reached,1.8027487680274876,0.2462686567164179
2900000,0.5R,525600.0,1.0,0.51,reached,5.987078597104828,0.5204081632653061
2900000,0.5R,525600.0,1.0,0.67,never reached,,1.0151515151515151
2900000,1R,1051200.0,1.0,0.33,reached,2.6776121407467097,0.4925373134328358
2900000,1R,1051200.0,1.0,0.51,never reached,,1.0408163265306123
2900000,1R,1051200.0,1.0,0.67,never reached,,2.0303030303030303
2900000,2R,2102400.0,1.0,0.33,reached,91.03881278538813,0.9850746268656716
2900000,2R,2102400.0,1.0,0.51,never reached,,2.0816326530612246
2900000,2R,2102400.0,1.0,0.67,never reached,,4.0606060606060606
2900000,(1-s)R base,0.0,1.0,0.33,reached,1.358788250528181,0.0
2900000,(1-s)R base,0.0,1.0,0.51,reached,2.871354021060479,0.0
2900000,(1-s)R base,0.0,1.0,0.67,reached,5.60110234767769,0.0
5000000,0R,0.0,0.05,0.33,reached,46.85476725959245,0.0
5000000,0R,0.0,0.05,0.51,reached,99.01220762277514,0.0
5000000,0R,0.0,0.05,0.67,reached,193.14146026474793,0.0
5000000,0.5R,525600.0,0.05,0.33,never reached,,0.2462686567164179
5000000,0.5R,525600.0,0.05,0.51,never reached,,0.5204081632653061
5000000,0.5R,525600.0,0.05,0.67,never reached,,1.0151515151515151
5000000,1R,1051200.0,0.05,0.33,never reached,,0.4925373134328358
5000000,1R,1051200.0,0.05,0.51,never reached,,1.0408163265306123
5000000,1R,1051200.0,0.05,0.67,never reached,,2.0303030303030303
5000000,2R,2102400.0,0.05,0.33,never reached,,0.9850746268656716
5000000,2R,2102400.0,0.05,0.51,never reached,,2.0816326530612246
5000000,2R,2102400.0,0.05,0.67,never reached,,4.0606060606060606
5000000,(1-s)R base,998640.0,0.05,0.33,never reached,,0.467910447761194
5000000,(1-s)R base,998640.0,0.05,0.51,never reached,,0.9887755102040816
5000000,(1-s)R base,998640.0,0.05,0.67,never reached,,1.9287878787878787
5000000,0R,0.0,0.1,0.33,reached,23.427383629796225,0.0
5000000,0R,0.0,0.1,0.51,reached,49.50610381138757,0.0
5000000,0R,0.0,0.1,0.67,reached,96.57073013237397,0.0
5000000,0.5R,525600.0,0.1,0.33,never reached,,0.2462686567164179
5000000,0.5R,525600.0,0.1,0.51,never reached,,0.5204081632653061
5000000,0.5R,525600.0,0.1,0.67,never reached,,1.0151515151515151
5000000,1R,1051200.0,0.1,0.33,never reached,,0.4925373134328358
5000000,1R,1051200.0,0.1,0.51,never reached,,1.0408163265306123
5000000,1R,1051200.0,0.1,0.67,never reached,,2.0303030303030303
5000000,2R,2102400.0,0.1,0.33,never reached,,0.9850746268656716
5000000,2R,2102400.0,0.1,0.51,never reached,,2.0816326530612246
5000000,2R,2102400.0,0.1,0.67,never reached,,4.0606060606060606
5000000,(1-s)R base,946080.0,0.1,0.33,never reached,,0.44328358208955226
5000000,(1-s)R base,946080.0,0.1,0.51,never reached,,0.936734693877551
5000000,(1-s)R base,946080.0,0.1,0.67,never reached,,1.8272727272727274
5000000,0R,0.0,0.2,0.33,reached,11.713691814898112,0.0
5000000,0R,0.0,0.2,0.51,reached,24.753051905693784,0.0
5000000,0R,0.0,0.2,0.67,reached,48.28536506618698,0.0
5000000,0.5R,525600.0,0.2,0.33,never reached,,0.2462686567164179
5000000,0.5R,525600.0,0.2,0.51,never reached,,0.5204081632653061
5000000,0.5R,525600.0,0.2,0.67,never reached,,1.0151515151515151
5000000,1R,1051200.0,0.2,0.33,never reached,,0.4925373134328358
5000000,1R,1051200.0,0.2,0.51,never reached,,1.0408163265306123
5000000,1R,1051200.0,0.2,0.67,never reached,,2.0303030303030303
5000000,2R,2102400.0,0.2,0.33,never reached,,0.9850746268656716
5000000,2R,2102400.0,0.2,0.51,never reached,,2.0816326530612246
5000000,2R,2102400.0,0.2,0.67,never reached,,4.0606060606060606
5000000,(1-s)R base,840960.0,0.2,0.33,never reached,,0.3940298507462687
5000000,(1-s)R base,840960.0,0.2,0.51,never reached,,0.8326530612244898
5000000,(1-s)R base,840960.0,0.2,0.67,never reached,,1.6242424242424243
5000000,0R,0.0,0.25,0.33,reached,9.37095345191849,0.0
5000000,0R,0.0,0.25,0.51,reached,19.80244152455503,0.0
5000000,0R,0.0,0.25,0.67,reached,38.62829205294959,0.0
5000000,0.5R,525600.0,0.25,0.33,reached,627.8538812785388,0.2462686567164179
5000000,0.5R,525600.0,0.25,0.51,never reached,,0.5204081632653061
5000000,0.5R,525600.0,0.25,0.67,never reached,,1.0151515151515151
5000000,1R,1051200.0,0.25,0.33,never reached,,0.4925373134328358
5000000,1R,1051200.0,0.25,0.51,never reached,,1.0408163265306123
5000000,1R,1051200.0,0.25,0.67,never reached,,2.0303030303030303
5000000,2R,2102400.0,0.25,0.33,never reached,,0.9850746268656716
5000000,2R,2102400.0,0.25,0.51,never reached,,2.0816326530612246
5000000,2R,2102400.0,0.25,0.67,never reached,,4.0606060606060606
5000000,(1-s)R base,788400.0,0.25,0.33,never reached,,0.3694029850746269
5000000,(1-s)R base,788400.0,0.25,0.51,never reached,,0.7806122448979592
5000000,(1-s)R base,788400.0,0.25,0.67,never reached,,1.5227272727272727
5000000,0R,0.0,0.3,0.33,reached,7.809127876598741,0.0
5000000,0R,0.0,0.3,0.51,reached,16.502034603795856,0.0
5000000,0R,0.0,0.3,0.67,reached,32.19024337745799,0.0
5000000,0.5R,525600.0,0.3,0.33,reached,43.60096397767631,0.2462686567164179
5000000,0.5R,525600.0,0.3,0.51,never reached,,0.5204081632653061
5000000,0.5R,525600.0,0.3,0.67,never reached,,1.0151515151515151
5000000,1R,1051200.0,0.3,0.33,never reached,,0.4925373134328358
5000000,1R,1051200.0,0.3,0.51,never reached,,1.0408163265306123
5000000,1R,1051200.0,0.3,0.67,never reached,,2.0303030303030303
5000000,2R,2102400.0,0.3,0.33,never reached,,0.9850746268656716
5000000,2R,2102400.0,0.3,0.51,never reached,,2.0816326530612246
5000000,2R,2102400.0,0.3,0.67,never reached,,4.0606060606060606
5000000,(1-s)R base,735840.0,0.3,0.33,never reached,,0.3447761194029851
5000000,(1-s)R base,735840.0,0.3,0.51,never reached,,0.7285714285714285
5000000,(1-s)R base,735840.0,0.3,0.67,never reached,,1.4212121212121211
5000000,0R,0.0,0.34,0.33,reached,6.890406949940066,0.0
5000000,0R,0.0,0.34,0.51,reached,14.560618768055168,0.0
5000000,0R,0.0,0.34,0.67,reached,28.403155921286462,0.0
5000000,0.5R,525600.0,0.34,0.33,reached,24.994183171916355,0.2462686567164179
5000000,0.5R,525600.0,0.34,0.51,never reached,,0.5204081632653061
5000000,0.5R,525600.0,0.34,0.67,never reached,,1.0151515151515151
5000000,1R,1051200.0,0.34,0.33,never reached,,0.4925373134328358
5000000,1R,1051200.0,0.34,0.51,never reached,,1.0408163265306123
5000000,1R,1051200.0,0.34,0.67,never reached,,2.0303030303030303
5000000,2R,2102400.0,0.34,0.33,never reached,,0.9850746268656716
5000000,2R,2102400.0,0.34,0.51,never reached,,2.0816326530612246
5000000,2R,2102400.0,0.34,0.67,never reached,,4.0606060606060606
5000000,(1-s)R base,693792.0,0.34,0.33,reached,156.9634703196347,0.3250746268656716
5000000,(1-s)R base,693792.0,0.34,0.51,never reached,,0.6869387755102041
5000000,(1-s)R base,693792.0,0.34,0.67,never reached,,1.34
5000000,0R,0.0,0.4,0.33,reached,5.856845907449056,0.0
5000000,0R,0.0,0.4,0.51,reached,12.376525952846892,0.0
5000000,0R,0.0,0.4,0.67,reached,24.14268253309349,0.0
5000000,0.5R,525600.0,0.4,0.33,reached,15.239171875692689,0.2462686567164179
5000000,0.5R,525600.0,0.4,0.51,never reached,,0.5204081632653061
5000000,0.5R,525600.0,0.4,0.67,never reached,,1.0151515151515151
5000000,1R,1051200.0,0.4,0.33,never reached,,0.4925373134328358
5000000,1R,1051200.0,0.4,0.51,never reached,,1.0408163265306123
5000000,1R,1051200.0,0.4,0.67,never reached,,2.0303030303030303
5000000,2R,2102400.0,0.4,0.33,never reached,,0.9850746268656716
5000000,2R,2102400.0,0.4,0.51,never reached,,2.0816326530612246
5000000,2R,2102400.0,0.4,0.67,never reached,,4.0606060606060606
5000000,(1-s)R base,630720.0,0.4,0.33,reached,22.423352902804957,0.2955223880597015
5000000,(1-s)R base,630720.0,0.4,0.51,never reached,,0.6244897959183674
5000000,(1-s)R base,630720.0,0.4,0.67,never reached,,1.2181818181818183
5000000,0R,0.0,0.52,0.33,reached,4.50526608265312,0.0
5000000,0R,0.0,0.52,0.51,reached,9.520404579112993,0.0
5000000,0R,0.0,0.52,0.67,reached,18.571294256225762,0.0
5000000,0.5R,525600.0,0.52,0.33,reached,8.55853164229197,0.2462686567164179
5000000,0.5R,525600.0,0.52,0.51,never reached,,0.5204081632653061
5000000,0.5R,525600.0,0.52,0.67,never reached,,1.0151515151515151
5000000,1R,1051200.0,0.52,0.33,reached,85.3062338693667,0.4925373134328358
5000000,1R,1051200.0,0.52,0.51,never reached,,1.0408163265306123
5000000,1R,1051200.0,0.52,0.67,never reached,,2.0303030303030303
5000000,2R,2102400.0,0.52,0.33,never reached,,0.9850746268656716
5000000,2R,2102400.0,0.52,0.51,never reached,,2.0816326530612246
5000000,2R,2102400.0,0.52,0.67,never reached,,4.0606060606060606
5000000,(1-s)R base,504576.0,0.52,0.33,reached,8.261235279980774,0.2364179104477612
5000000,(1-s)R base,504576.0,0.52,0.51,reached,242.5799086757991,0.4995918367346939
5000000,(1-s)R base,504576.0,0.52,0.67,never reached,,0.9745454545454545
5000000,0R,0.0,0.55,0.33,reached,4.259524296326586,0.0
5000000,0R,0.0,0.55,0.51,reached,9.00110978388865,0.0
5000000,0R,0.0,0.55,0.67,reached,17.55831456952254,0.0
5000000,0.5R,525600.0,0.55,0.33,reached,7.713192644699494,0.2462686567164179
5000000,0.5R,525600.0,0.55,0.51,reached,167.2964887419304,0.5204081632653061
5000000,0.5R,525600.0,0.55,0.67,never reached,,1.0151515151515151
5000000,1R,1051200.0,0.55,0.33,reached,40.769732550554465,0.4925373134328358
5000000,1R,1051200.0,0.55,0.51,never reached,,1.0408163265306123
5000000,1R,1051200.0,0.55,0.67,never reached,,2.0303030303030303
5000000,2R,2102400.0,0.55,0.33,never reached,,0.9850746268656716
5000000,2R,2102400.0,0.55,0.51,never reached,,2.0816326530612246
5000000,2R,2102400.0,0.55,0.67,never reached,,4.0606060606060606
5000000,(1-s)R base,473040.0,0.55,0.33,reached,7.134703196347032,0.22164179104477613
5000000,(1-s)R base,473040.0,0.55,0.51,reached,60.64497716894977,0.4683673469387755
5000000,(1-s)R base,473040.0,0.55,0.67,never reached,,0.9136363636363637
5000000,0R,0.0,0.6,0.33,reached,3.9045639382993707,0.0
5000000,0R,0.0,0.6,0.51,reached,8.251017301897928,0.0
5000000,0R,0.0,0.6,0.67,reached,16.095121688728995,0.0
5000000,0.5R,525600.0,0.6,0.33,reached,6.622931237115388,0.2462686567164179
5000000,0.5R,525600.0,0.6,0.51,reached,62.19997658353823,0.5204081632653061
5000000,0.5R,525600.0,0.6,0.67,never reached,,1.0151515151515151
5000000,1R,1051200.0,0.6,0.33,reached,21.800481988838154,0.4925373134328358
5000000,1R,1051200.0,0.6,0.51,never reached,,1.0408163265306123
5000000,1R,1051200.0,0.6,0.67,never reached,,2.0303030303030303
5000000,2R,2102400.0,0.6,0.33,never reached,,0.9850746268656716
5000000,2R,2102400.0,0.6,0.51,never reached,,2.0816326530612246
5000000,2R,2102400.0,0.6,0.67,never reached,,4.0606060606060606
5000000,(1-s)R base,420480.0,0.6,0.33,reached,5.813461863690174,0.19701492537313434
5000000,(1-s)R base,420480.0,0.6,0.51,reached,26.9533231861999,0.4163265306122449
5000000,(1-s)R base,420480.0,0.6,0.67,never reached,,0.8121212121212121
5000000,0R,0.0,0.75,0.33,reached,3.1236511506394966,0.0
5000000,0R,0.0,0.75,0.51,reached,6.600813841518343,0.0
5000000,0R,0.0,0.75,0.67,reached,12.876097350983196,0.0
5000000,0.5R,525600.0,0.75,0.33,reached,4.65076949095214,0.2462686567164179
5000000,0.5R,525600.0,0.75,0.51,reached,21.56265854895992,0.5204081632653061
5000000,0.5R,525600.0,0.75,0.67,never reached,,1.0151515151515151
5000000,1R,1051200.0,0.75,0.33,reached,9.099331612732447,0.4925373134328358
5000000,1R,1051200.0,0.75,0.51,never reached,,1.0408163265306123
5000000,1R,1051200.0,0.75,0.67,never reached,,2.0303030303030303
5000000,2R,2102400.0,0.75,0.33,never reached,,0.9850746268656716
5000000,2R,2102400.0,0.75,0.51,never reached,,2.0816326530612246
5000000,2R,2102400.0,0.75,0.67,never reached,,4.0606060606060606
5000000,(1-s)R base,262800.0,0.75,0.33,reached,3.737225483800826,0.12313432835820895
5000000,(1-s)R base,262800.0,0.75,0.51,reached,10.107496194824963,0.2602040816326531
5000000,(1-s)R base,262800.0,0.75,0.67,reached,39.83542617960426,0.5075757575757576
5000000,0R,0.0,1.0,0.33,reached,2.3427383629796226,0.0
5000000,0R,0.0,1.0,0.51,reached,4.950610381138757,0.0
5000000,0R,0.0,1.0,0.67,reached,9.657073013237397,0.0
5000000,0.5R,525600.0,1.0,0.33,reached,3.1081875310818754,0.2462686567164179
5000000,0.5R,525600.0,1.0,0.51,reached,10.322549305353153,0.5204081632653061
5000000,0.5R,525600.0,1.0,0.67,never reached,,1.0151515151515151
5000000,1R,1051200.0,1.0,0.33,reached,4.616572656459844,0.4925373134328358
5000000,1R,1051200.0,1.0,0.51,never reached,,1.0408163265306123
5000000,1R,1051200.0,1.0,0.67,never reached,,2.0303030303030303
5000000,2R,2102400.0,1.0,0.33,reached,156.9634703196347,0.9850746268656716
5000000,2R,2102400.0,1.0,0.51,never reached,,2.0816326530612246
5000000,2R,2102400.0,1.0,0.67,never reached,,4.0606060606060606
5000000,(1-s)R base,0.0,1.0,0.33,reached,2.3427383629796226,0.0
5000000,(1-s)R base,0.0,1.0,0.51,reached,4.950610381138757,0.0
5000000,(1-s)R base,0.0,1.0,0.67,reached,9.657073013237397,0.0
10000000,0R,0.0,0.05,0.33,reached,93.7095345191849,0.0
10000000,0R,0.0,0.05,0.51,reached,198.02441524555027,0.0
10000000,0R,0.0,0.05,0.67,reached,386.28292052949587,0.0
10000000,0.5R,525600.0,0.05,0.33,never reached,,0.2462686567164179
10000000,0.5R,525600.0,0.05,0.51,never reached,,0.5204081632653061
10000000,0.5R,525600.0,0.05,0.67,never reached,,1.0151515151515151
10000000,1R,1051200.0,0.05,0.33,never reached,,0.4925373134328358
10000000,1R,1051200.0,0.05,0.51,never reached,,1.0408163265306123
10000000,1R,1051200.0,0.05,0.67,never reached,,2.0303030303030303
10000000,2R,2102400.0,0.05,0.33,never reached,,0.9850746268656716
10000000,2R,2102400.0,0.05,0.51,never reached,,2.0816326530612246
10000000,2R,2102400.0,0.05,0.67,never reached,,4.0606060606060606
10000000,(1-s)R base,998640.0,0.05,0.33,never reached,,0.467910447761194
10000000,(1-s)R base,998640.0,0.05,0.51,never reached,,0.9887755102040816
10000000,(1-s)R base,998640.0,0.05,0.67,never reached,,1.9287878787878787
10000000,0R,0.0,0.1,0.33,reached,46.85476725959245,0.0
10000000,0R,0.0,0.1,0.51,reached,99.01220762277514,0.0
10000000,0R,0.0,0.1,0.67,reached,193.14146026474793,0.0
10000000,0.5R,525600.0,0.1,0.33,never reached,,0.2462686567164179
10000000,0.5R,525600.0,0.1,0.51,never reached,,0.5204081632653061
10000000,0.5R,525600.0,0.1,0.67,never reached,,1.0151515151515151
10000000,1R,1051200.0,0.1,0.33,never reached,,0.4925373134328358
10000000,1R,1051200.0,0.1,0.51,never reached,,1.0408163265306123
10000000,1R,1051200.0,0.1,0.67,never reached,,2.0303030303030303
10000000,2R,2102400.0,0.1,0.33,never reached,,0.9850746268656716
10000000,2R,2102400.0,0.1,0.51,never reached,,2.0816326530612246
10000000,2R,2102400.0,0.1,0.67,never reached,,4.0606060606060606
10000000,(1-s)R base,946080.0,0.1,0.33,never reached,,0.44328358208955226
10000000,(1-s)R base,946080.0,0.1,0.51,never reached,,0.936734693877551
10000000,(1-s)R base,946080.0,0.1,0.67,never reached,,1.8272727272727274
10000000,0R,0.0,0.2,0.33,reached,23.427383629796225,0.0
10000000,0R,0.0,0.2,0.51,reached,49.50610381138757,0.0
10000000,0R,0.0,0.2,0.67,reached,96.57073013237397,0.0
10000000,0.5R,525600.0,0.2,0.33,never reached,,0.2462686567164179
10000000,0.5R,525600.0,0.2,0.51,never reached,,0.5204081632653061
10000000,0.5R,525600.0,0.2,0.67,never reached,,1.0151515151515151
10000000,1R,1051200.0,0.2,0.33,never reached,,0.4925373134328358
10000000,1R,1051200.0,0.2,0.51,never reached,,1.0408163265306123
10000000,1R,1051200.0,0.2,0.67,never reached,,2.0303030303030303
10000000,2R,2102400.0,0.2,0.33,never reached,,0.9850746268656716
10000000,2R,2102400.0,0.2,0.51,never reached,,2.0816326530612246
10000000,2R,2102400.0,0.2,0.67,never reached,,4.0606060606060606
10000000,(1-s)R base,840960.0,0.2,0.33,never reached,,0.3940298507462687
10000000,(1-s)R base,840960.0,0.2,0.51,never reached,,0.8326530612244898
10000000,(1-s)R base,840960.0,0.2,0.67,never reached,,1.6242424242424243
10000000,0R,0.0,0.25,0.33,reached,18.74190690383698,0.0
10000000,0R,0.0,0.25,0.51,reached,39.60488304911006,0.0
10000000,0R,0.0,0.25,0.67,reached,77.25658410589918,0.0
10000000,0.5R,525600.0,0.25,0.33,reached,1255.7077625570776,0.2462686567164179
10000000,0.5R,525600.0,0.25,0.51,never reached,,0.5204081632653061
10000000,0.5R,525600.0,0.25,0.67,never reached,,1.0151515151515151
10000000,1R,1051200.0,0.25,0.33,never reached,,0.4925373134328358
10000000,1R,1051200.0,0.25,0.51,never reached,,1.0408163265306123
10000000,1R,1051200.0,0.25,0.67,never reached,,2.0303030303030303
10000000,2R,2102400.0,0.25,0.33,never reached,,0.9850746268656716
10000000,2R,2102400.0,0.25,0.51,never reached,,2.0816326530612246
10000000,2R,2102400.0,0.25,0.67,never reached,,4.0606060606060606
10000000,(1-s)R base,788400.0,0.25,0.33,never reached,,0.3694029850746269
10000000,(1-s)R base,788400.0,0.25,0.51,never reached,,0.7806122448979592
10000000,(1-s)R base,788400.0,0.25,0.67,never reached,,1.5227272727272727
10000000,0R,0.0,0.3,0.33,reached,15.618255753197483,0.0
10000000,0R,0.0,0.3,0.51,reached,33.00406920759171,0.0
10000000,0R,0.0,0.3,0.67,reached,64.38048675491598,0.0
10000000,0.5R,525600.0,0.3,0.33,reached,87.20192795535262,0.2462686567164179
10000000,0.5R,525600.0,0.3,0.51,never reached,,0.5204081632653061
10000000,0.5R,525600.0,0.3,0.67,never reached,,1.0151515151515151
10000000,1R,1051200.0,0.3,0.33,never reached,,0.4925373134328358
10000000,1R,1051200.0,0.3,0.51,never reached,,1.0408163265306123
10000000,1R,1051200.0,0.3,0.67,never reached,,2.0303030303030303
10000000,2R,2102400.0,0.3,0.33,never reached,,0.9850746268656716
10000000,2R,2102400.0,0.3,0.51,never reached,,2.0816326530612246
10000000,2R,2102400.0,0.3,0.67,never reached,,4.0606060606060606
10000000,(1-s)R base,735840.0,0.3,0.33,never reached,,0.3447761194029851
10000000,(1-s)R base,735840.0,0.3,0.51,never reached,,0.7285714285714285
10000000,(1-s)R base,735840.0,0.3,0.67,never reached,,1.4212121212121211
10000000,0R,0.0,0.34,0.33,reached,13.780813899880132,0.0
10000000,0R,0.0,0.34,0.51,reached,29.121237536110335,0.0
10000000,0R,0.0,0.34,0.67,reached,56.806311842572924,0.0
10000000,0.5R,525600.0,0.34,0.33,reached,49.98836634383271,0.2462686567164179
10000000,0.5R,525600.0,0.34,0.51,never reached,,0.5204081632653061
10000000,0.5R,525600.0,0.34,0.67,never reached,,1.0151515151515151
10000000,1R,1051200.0,0.34,0.33,never reached,,0.4925373134328358
10000000,1R,1051200.0,0.34,0.51,never reached,,1.0408163265306123
10000000,1R,1051200.0,0.34,0.67,never reached,,2.0303030303030303
10000000,2R,2102400.0,0.34,0.33,never reached,,0.9850746268656716
10000000,2R,2102400.0,0.34,0.51,never reached,,2.0816326530612246
10000000,2R,2102400.0,0.34,0.67,never reached,,4.0606060606060606
10000000,(1-s)R base,693792.0,0.34,0.33,reached,313.9269406392694,0.3250746268656716
10000000,(1-s)R base,693792.0,0.34,0.51,never reached,,0.6869387755102041
10000000,(1-s)R base,693792.0,0.34,0.67,never reached,,1.34
10000000,0R,0.0,0.4,0.33,reached,11.713691814898112,0.0
10000000,0R,0.0,0.4,0.51,reached,24.753051905693784,0.0
10000000,0R,0.0,0.4,0.67,reached,48.28536506618698,0.0
10000000,0.5R,525600.0,0.4,0.33,reached,30.478343751385378,0.2462686567164179
10000000,0.5R,525600.0,0.4,0.51,never reached,,0.5204081632653061
10000000,0.5R,525600.0,0.4,0.67,never reached,,1.0151515151515151
10000000,1R,1051200.0,0.4,0.33,never reached,,0.4925373134328358
10000000,1R,1051200.0,0.4,0.51,never reached,,1.0408163265306123
10000000,1R,1051200.0,0.4,0.67,never reached,,2.0303030303030303
10000000,2R,2102400.0,0.4,0.33,never reached,,0.9850746268656716
10000000,2R,2102400.0,0.4,0.51,never reached,,2.0816326530612246
10000000,2R,2102400.0,0.4,0.67,never reached,,4.0606060606060606
10000000,(1-s)R base,630720.0,0.4,0.33,reached,44.846705805609915,0.2955223880597015
10000000,(1-s)R base,630720.0,0.4,0.51,never reached,,0.6244897959183674
10000000,(1-s)R base,630720.0,0.4,0.67,never reached,,1.2181818181818183
10000000,0R,0.0,0.52,0.33,reached,9.01053216530624,0.0
10000000,0R,0.0,0.52,0.51,reached,19.040809158225986,0.0
10000000,0R,0.0,0.52,0.67,reached,37.142588512451525,0.0
10000000,0.5R,525600.0,0.52,0.33,reached,17.11706328458394,0.2462686567164179
10000000,0.5R,525600.0,0.52,0.51,never reached,,0.5204081632653061
10000000,0.5R,525600.0,0.52,0.67,never reached,,1.0151515151515151
10000000,1R,1051200.0,0.52,0.33,reached,170.6124677387334,0.4925373134328358
10000000,1R,1051200.0,0.52,0.51,never reached,,1.0408163265306123
10000000,1R,1051200.0,0.52,0.67,never reached,,2.0303030303030303
10000000,2R,2102400.0,0.52,0.33,never reached,,0.9850746268656716
10000000,2R,2102400.0,0.52,0.51,never reached,,2.0816326530612246
10000000,2R,2102400.0,0.52,0.67,never reached,,4.0606060606060606
10000000,(1-s)R base,504576.0,0.52,0.33,reached,16.522470559961548,0.2364179104477612
10000000,(1-s)R base,504576.0,0.52,0.51,reached,485.1598173515982,0.4995918367346939
10000000,(1-s)R base,504576.0,0.52,0.67,never reached,,0.9745454545454545
10000000,0R,0.0,0.55,0.33,reached,8.519048592653172,0.0
10000000,0R,0.0,0.55,0.51,reached,18.0022195677773,0.0
10000000,0R,0.0,0.55,0.67,reached,35.11662913904508,0.0
10000000,0.5R,525600.0,0.55,0.33,reached,15.426385289398988,0.2462686567164179
10000000,0.5R,525600.0,0.55,0.51,reached,334.5929774838608,0.5204081632653061
10000000,0.5R,525600.0,0.55,0.67,never reached,,1.0151515151515151
10000000,1R,1051200.0,0.55,0.33,reached,81.53946510110893,0.4925373134328358
10000000,1R,1051200.0,0.55,0.51,never reached,,1.0408163265306123
10000000,1R,1051200.0,0.55,0.67,never reached,,2.0303030303030303
10000000,2R,2102400.0,0.55,0.33,never reached,,0.9850746268656716
10000000,2R,2102400.0,0.55,0.51,never reached,,2.0816326530612246
10000000,2R,2102400.0,0.55,0.67,never reached,,4.0606060606060606
10000000,(1-s)R base,473040.0,0.55,0.33,reached,14.269406392694064,0.22164179104477613
10000000,(1-s)R base,473040.0,0.55,0.51,reached,121.28995433789954,0.4683673469387755
10000000,(1-s)R base,473040.0,0.55,0.67,never reached,,0.9136363636363637
10000000,0R,0.0,0.6,0.33,reached,7.809127876598741,0.0
10000000,0R,0.0,0.6,0.51,reached,16.502034603795856,0.0
10000000,0R,0.0,0.6,0.67,reached,32.19024337745799,0.0
10000000,0.5R,525600.0,0.6,0.33,reached,13.245862474230776,0.2462686567164179
10000000,0.5R,525600.0,0.6,0.51,reached,124.39995316707646,0.5204081632653061
10000000,0.5R,525600.0,0.6,0.67,never reached,,1.0151515151515151
10000000,1R,1051200.0,0.6,0.33,reached,43.60096397767631,0.4925373134328358
10000000,1R,1051200.0,0.6,0.51,never reached,,1.0408163265306123
10000000,1R,1051200.0,0.6,0.67,never reached,,2.0303030303030303
10000000,2R,2102400.0,0.6,0.33,never reached,,0.9850746268656716
10000000,2R,2102400.0,0.6,0.51,never reached,,2.0816326530612246
10000000,2R,2102400.0,0.6,0.67,never reached,,4.0606060606060606
10000000,(1-s)R base,420480.0,0.6,0.33,reached,11.626923727380348,0.19701492537313434
10000000,(1-s)R base,420480.0,0.6,0.51,reached,53.9066463723998,0.4163265306122449
10000000,(1-s)R base,420480.0,0.6,0.67,never reached,,0.8121212121212121
10000000,0R,0.0,0.75,0.33,reached,6.247302301278993,0.0
10000000,0R,0.0,0.75,0.51,reached,13.201627683036685,0.0
10000000,0R,0.0,0.75,0.67,reached,25.752194701966392,0.0
10000000,0.5R,525600.0,0.75,0.33,reached,9.30153898190428,0.2462686567164179
10000000,0.5R,525600.0,0.75,0.51,reached,43.12531709791984,0.5204081632653061
10000000,0.5R,525600.0,0.75,0.67,never reached,,1.0151515151515151
10000000,1R,1051200.0,0.75,0.33,reached,18.198663225464895,0.4925373134328358
10000000,1R,1051200.0,0.75,0.51,never reached,,1.0408163265306123
10000000,1R,1051200.0,0.75,0.67,never reached,,2.0303030303030303
10000000,2R,2102400.0,0.75,0.33,never reached,,0.9850746268656716
10000000,2R,2102400.0,0.75,0.51,never reached,,2.0816326530612246
10000000,2R,2102400.0,0.75,0.67,never reached,,4.0606060606060606
10000000,(1-s)R base,262800.0,0.75,0.33,reached,7.474450967601652,0.12313432835820895
10000000,(1-s)R base,262800.0,0.75,0.51,reached,20.214992389649925,0.2602040816326531
10000000,(1-s)R base,262800.0,0.75,0.67,reached,79.67085235920852,0.5075757575757576
10000000,0R,0.0,1.0,0.33,reached,4.685476725959245,0.0
10000000,0R,0.0,1.0,0.51,reached,9.901220762277514,0.0
10000000,0R,0.0,1.0,0.67,reached,19.314146026474795,0.0
10000000,0.5R,525600.0,1.0,0.33,reached,6.216375062163751,0.2462686567164179
10000000,0.5R,525600.0,1.0,0.51,reached,20.645098610706306,0.5204081632653061
10000000,0.5R,525600.0,1.0,0.67,never reached,,1.0151515151515151
10000000,1R,1051200.0,1.0,0.33,reached,9.233145312919689,0.4925373134328358
10000000,1R,1051200.0,1.0,0.51,never reached,,1.0408163265306123
10000000,1R,1051200.0,1.0,0.67,never reached,,2.0303030303030303
10000000,2R,2102400.0,1.0,0.33,reached,313.9269406392694,0.9850746268656716
10000000,2R,2102400.0,1.0,0.51,never reached,,2.0816326530612246
10000000,2R,2102400.0,1.0,0.67,never reached,,4.0606060606060606
10000000,(1-s)R base,0.0,1.0,0.33,reached,4.685476725959245,0.0
10000000,(1-s)R base,0.0,1.0,0.51,reached,9.901220762277514,0.0
10000000,(1-s)R base,0.0,1.0,0.67,reached,19.314146026474795,0.0
