attacker_share,genesis_ids,year,share_of_active_ids
0.05,2900000,0.0,0.0
0.05,2900000,0.5,0.007671648762260626
0.05,2900000,1.0,0.013302287912532901
0.05,2900000,1.5,0.017610793423874196
0.05,2900000,2.0,0.02101391332160563
0.05,2900000,2.5,0.023769898697539798
0.05,2900000,3.0,0.02604731069115898
0.05,2900000,3.5,0.027960846303501947
0.05,2900000,4.0,0.029591262245242653
0.05,2900000,4.5,0.030997064374082617
0.05,2900000,5.0,0.03222167729279058
0.05,2900000,5.5,0.033298009583486915
0.05,2900000,6.0,0.03425145538274394
0.05,2900000,6.5,0.03510192339306263
0.05,2900000,7.0,0.03586524214302425
0.05,2900000,7.5,0.03655415430267062
0.05,2900000,8.0,0.03717903374124638
0.05,2900000,8.5,0.03774841151818305
0.05,2900000,9.0,0.03826936767846741
0.05,2900000,9.5,0.03874782716662528
0.05,2900000,10.0,0.03918878616164629
0.05,2900000,10.5,0.03959648720009184
0.05,2900000,11.0,0.03997455611482936
0.05,2900000,11.5,0.040326110162254486
0.05,2900000,12.0,0.04065384417057701
0.05,2900000,12.5,0.04096009975062344
0.05,2900000,13.0,0.041246921330950884
0.05,2900000,13.5,0.04151610185358547
0.05,2900000,14.0,0.04176922028972344
0.05,2900000,14.5,0.0420076726342711
0.05,2900000,15.0,0.04223269766445254
0.05,2900000,15.5,0.04244539846615539
0.05,2900000,16.0,0.04264676051766806
0.05,2900000,16.5,0.04283766695645302
0.05,2900000,17.0,0.04301891152794361
0.05,2900000,17.5,0.04319120961682945
0.05,2900000,18.0,0.04335520768412949
0.05,2900000,18.5,0.043511491372520944
0.05,2900000,19.0,0.04366059249414151
0.05,2900000,19.5,0.043802995076586436
0.05,2900000,20.0,0.0439391406119378
0.05,2900000,20.5,0.044069432628754665
0.05,2900000,21.0,0.04419424068676127
0.05,2900000,21.5,0.04431390387752541
0.05,2900000,22.0,0.0444287339009621
0.05,2900000,22.5,0.044539017776438684
0.05,2900000,23.0,0.04464502023813041
0.05,2900000,23.5,0.04474698585671227
0.05,2900000,24.0,0.04484514092318193
0.05,2900000,24.5,0.04493969512535596
0.05,2900000,25.0,0.04503084304318026
0.05,2900000,25.5,0.045118765485295705
0.05,2900000,26.0,0.04520363068617852
0.05,2900000,26.5,0.045285595380533734
0.05,2900000,27.0,0.045364805769378305
0.05,2900000,27.5,0.04544139839034205
0.05,2900000,28.0,0.045515500903085336
0.05,2900000,28.5,0.04558723279933778
0.05,2900000,29.0,0.045656706045865185
0.05,2900000,29.5,0.045724025667641784
0.05,2900000,30.0,0.04578929027761645
0.05,2900000,30.5,0.045852592558692964
0.05,2900000,31.0,0.04591401970287878
0.05,2900000,31.5,0.04597365381197796
0.05,2900000,32.0,0.04603157226370065
0.05,2900000,32.5,0.04608784804662206
0.05,2900000,33.0,0.04614255006703982
0.05,2900000,33.5,0.04619574343044245
0.05,2900000,34.0,0.04624748970000621
0.05,2900000,34.5,0.04629784713427836
0.05,2900000,35.0,0.046346870905976015
0.05,2900000,35.5,0.04639461330362826
0.05,2900000,36.0,0.046441123917610794
0.05,2900000,36.5,0.04648644981196449
0.05,2900000,37.0,0.04653063568324943
0.05,2900000,37.5,0.046573724007561434
0.05,2900000,38.0,0.0466157551767276
0.05,2900000,38.5,0.04665676762459881
0.05,2900000,39.0,0.046696797944269286
0.05,2900000,39.5,0.046735880996974496
0.05,2900000,40.0,0.04677405001334876
0.05,2900000,40.5,0.046811336687660535
0.05,2900000,41.0,0.04684777126558723
0.05,2900000,41.5,0.046883382626040304
0.05,2900000,42.0,0.04691819835750599
0.05,2900000,42.5,0.04695224482932571
0.05,2900000,43.0,0.046985547258303256
0.05,2900000,43.5,0.047018129770992366
0.05,2900000,44.0,0.04705001546198792
0.05,2900000,44.5,0.04708122644851686
0.05,2900000,45.0,0.04711178392159987
0.05,2900000,45.5,0.047141708194032676
0.05,2900000,46.0,0.0471710187454151
0.05,2900000,46.5,0.047199734264437784
0.05,2900000,47.0,0.04722787268861937
0.05,2900000,47.5,0.047255451241671714
0.05,2900000,48.0,0.04728248646865676
0.05,2900000,48.5,0.047308994269085726
0.05,2900000,49.0,0.04733498992809987
0.05,2900000,49.5,0.047360488145861246
0.05,2900000,50.0,0.04738550306527227
0.1,2900000,0.0,0.0
0.1,2900000,0.5,0.015343297524521252
0.1,2900000,1.0,0.026604575825065802
0.1,2900000,1.5,0.03522158684774839
0.1,2900000,2.0,0.04202782664321126
0.1,2900000,2.5,0.047539797395079596
0.1,2900000,3.0,0.05209462138231796
0.1,2900000,3.5,0.055921692607003894
0.1,2900000,4.0,0.059182524490485305
0.1,2900000,4.5,0.061994128748165234
0.1,2900000,5.0,0.06444335458558116
0.1,2900000,5.5,0.06659601916697383
0.1,2900000,6.0,0.06850291076548788
0.1,2900000,6.5,0.07020384678612526
0.1,2900000,7.0,0.0717304842860485
0.1,2900000,7.5,0.07310830860534125
0.1,2900000,8.0,0.07435806748249275
0.1,2900000,8.5,0.0754968230363661
0.1,2900000,9.0,0.07653873535693483
0.1,2900000,9.5,0.07749565433325056
0.1,2900000,10.0,0.07837757232329258
0.1,2900000,10.5,0.07919297440018368
0.1,2900000,11.0,0.07994911222965873
0.1,2900000,11.5,0.08065222032450897
0.1,2900000,12.0,0.08130768834115402
0.1,2900000,12.5,0.08192019950124688
0.1,2900000,13.0,0.08249384266190177
0.1,2900000,13.5,0.08303220370717095
0.1,2900000,14.0,0.08353844057944688
0.1,2900000,14.5,0.0840153452685422
0.1,2900000,15.0,0.08446539532890508
0.1,2900000,15.5,0.08489079693231077
0.1,2900000,16.0,0.08529352103533612
0.1,2900000,16.5,0.08567533391290603
0.1,2900000,17.0,0.08603782305588722
0.1,2900000,17.5,0.0863824192336589
0.1,2900000,18.0,0.08671041536825898
0.1,2900000,18.5,0.08702298274504189
0.1,2900000,19.0,0.08732118498828302
0.1,2900000,19.5,0.08760599015317287
0.1,2900000,20.0,0.0878782812238756
0.1,2900000,20.5,0.08813886525750933
0.1,2900000,21.0,0.08838848137352254
0.1,2900000,21.5,0.08862780775505082
0.1,2900000,22.0,0.0888574678019242
0.1,2900000,22.5,0.08907803555287737
0.1,2900000,23.0,0.08929004047626082
0.1,2900000,23.5,0.08949397171342453
0.1,2900000,24.0,0.08969028184636386
0.1,2900000,24.5,0.08987939025071193
0.1,2900000,25.0,0.09006168608636052
0.1,2900000,25.5,0.09023753097059141
0.1,2900000,26.0,0.09040726137235704
0.1,2900000,26.5,0.09057119076106747
0.1,2900000,27.0,0.09072961153875661
0.1,2900000,27.5,0.0908827967806841
0.1,2900000,28.0,0.09103100180617067
0.1,2900000,28.5,0.09117446559867556
0.1,2900000,29.0,0.09131341209173037
0.1,2900000,29.5,0.09144805133528357
0.1,2900000,30.0,0.0915785805552329
0.1,2900000,30.5,0.09170518511738593
0.1,2900000,31.0,0.09182803940575757
0.1,2900000,31.5,0.09194730762395592
0.1,2900000,32.0,0.0920631445274013
0.1,2900000,32.5,0.09217569609324412
0.1,2900000,33.0,0.09228510013407965
0.1,2900000,33.5,0.0923914868608849
0.1,2900000,34.0,0.09249497940001242
0.1,2900000,34.5,0.09259569426855672
0.1,2900000,35.0,0.09269374181195203
0.1,2900000,35.5,0.09278922660725653
0.1,2900000,36.0,0.09288224783522159
0.1,2900000,36.5,0.09297289962392898
0.1,2900000,37.0,0.09306127136649886
0.1,2900000,37.5,0.09314744801512287
0.1,2900000,38.0,0.0932315103534552
0.1,2900000,38.5,0.09331353524919762
0.1,2900000,39.0,0.09339359588853857
0.1,2900000,39.5,0.09347176199394899
0.1,2900000,40.0,0.09354810002669751
0.1,2900000,40.5,0.09362267337532107
0.1,2900000,41.0,0.09369554253117446
0.1,2900000,41.5,0.09376676525208061
0.1,2900000,42.0,0.09383639671501198
0.1,2900000,42.5,0.09390448965865142
0.1,2900000,43.0,0.09397109451660651
0.1,2900000,43.5,0.09403625954198473
0.1,2900000,44.0,0.09410003092397584
0.1,2900000,44.5,0.09416245289703372
0.1,2900000,45.0,0.09422356784319974
0.1,2900000,45.5,0.09428341638806535
0.1,2900000,46.0,0.0943420374908302
0.1,2900000,46.5,0.09439946852887557
0.1,2900000,47.0,0.09445574537723873
0.1,2900000,47.5,0.09451090248334343
0.1,2900000,48.0,0.09456497293731352
0.1,2900000,48.5,0.09461798853817145
0.1,2900000,49.0,0.09466997985619974
0.1,2900000,49.5,0.09472097629172249
0.1,2900000,50.0,0.09477100613054454
0.2,2900000,0.0,0.0
0.2,2900000,0.5,0.030686595049042503
0.2,2900000,1.0,0.053209151650131604
0.2,2900000,1.5,0.07044317369549678
0.2,2900000,2.0,0.08405565328642252
0.2,2900000,2.5,0.09507959479015919
0.2,2900000,3.0,0.10418924276463593
0.2,2900000,3.5,0.11184338521400779
0.2,2900000,4.0,0.11836504898097061
0.2,2900000,4.5,0.12398825749633047
0.2,2900000,5.0,0.12888670917116232
0.2,2900000,5.5,0.13319203833394766
0.2,2900000,6.0,0.13700582153097576
0.2,2900000,6.5,0.14040769357225052
0.2,2900000,7.0,0.143460968572097
0.2,2900000,7.5,0.1462166172106825
0.2,2900000,8.0,0.1487161349649855
0.2,2900000,8.5,0.1509936460727322
0.2,2900000,9.0,0.15307747071386965
0.2,2900000,9.5,0.15499130866650113
0.2,2900000,10.0,0.15675514464658516
0.2,2900000,10.5,0.15838594880036735
0.2,2900000,11.0,0.15989822445931745
0.2,2900000,11.5,0.16130444064901794
0.2,2900000,12.0,0.16261537668230805
0.2,2900000,12.5,0.16384039900249375
0.2,2900000,13.0,0.16498768532380353
0.2,2900000,13.5,0.1660644074143419
0.2,2900000,14.0,0.16707688115889377
0.2,2900000,14.5,0.1680306905370844
0.2,2900000,15.0,0.16893079065781016
0.2,2900000,15.5,0.16978159386462155
0.2,2900000,16.0,0.17058704207067224
0.2,2900000,16.5,0.17135066782581207
0.2,2900000,17.0,0.17207564611177445
0.2,2900000,17.5,0.1727648384673178
0.2,2900000,18.0,0.17342083073651796
0.2,2900000,18.5,0.17404596549008378
0.2,2900000,19.0,0.17464236997656604
0.2,2900000,19.5,0.17521198030634574
0.2,2900000,20.0,0.1757565624477512
0.2,2900000,20.5,0.17627773051501866
0.2,2900000,21.0,0.17677696274704507
0.2,2900000,21.5,0.17725561551010163
0.2,2900000,22.0,0.1777149356038484
0.2,2900000,22.5,0.17815607110575474
0.2,2900000,23.0,0.17858008095252165
0.2,2900000,23.5,0.17898794342684907
0.2,2900000,24.0,0.17938056369272773
0.2,2900000,24.5,0.17975878050142385
0.2,2900000,25.0,0.18012337217272104
0.2,2900000,25.5,0.18047506194118282
0.2,2900000,26.0,0.18081452274471407
0.2,2900000,26.5,0.18114238152213494
0.2,2900000,27.0,0.18145922307751322
0.2,2900000,27.5,0.1817655935613682
0.2,2900000,28.0,0.18206200361234134
0.2,2900000,28.5,0.18234893119735113
0.2,2900000,29.0,0.18262682418346074
0.2,2900000,29.5,0.18289610267056713
0.2,2900000,30.0,0.1831571611104658
0.2,2900000,30.5,0.18341037023477186
0.2,2900000,31.0,0.18365607881151513
0.2,2900000,31.5,0.18389461524791184
0.2,2900000,32.0,0.1841262890548026
0.2,2900000,32.5,0.18435139218648824
0.2,2900000,33.0,0.1845702002681593
0.2,2900000,33.5,0.1847829737217698
0.2,2900000,34.0,0.18498995880002483
0.2,2900000,34.5,0.18519138853711345
0.2,2900000,35.0,0.18538748362390406
0.2,2900000,35.5,0.18557845321451305
0.2,2900000,36.0,0.18576449567044317
0.2,2900000,36.5,0.18594579924785795
0.2,2900000,37.0,0.18612254273299772
0.2,2900000,37.5,0.18629489603024574
0.2,2900000,38.0,0.1864630207069104
0.2,2900000,38.5,0.18662707049839525
0.2,2900000,39.0,0.18678719177707714
0.2,2900000,39.5,0.18694352398789799
0.2,2900000,40.0,0.18709620005339503
0.2,2900000,40.5,0.18724534675064214
0.2,2900000,41.0,0.18739108506234892
0.2,2900000,41.5,0.18753353050416122
0.2,2900000,42.0,0.18767279343002397
0.2,2900000,42.5,0.18780897931730284
0.2,2900000,43.0,0.18794218903321303
0.2,2900000,43.5,0.18807251908396946
0.2,2900000,44.0,0.18820006184795168
0.2,2900000,44.5,0.18832490579406744
0.2,2900000,45.0,0.18844713568639948
0.2,2900000,45.5,0.1885668327761307
0.2,2900000,46.0,0.1886840749816604
0.2,2900000,46.5,0.18879893705775114
0.2,2900000,47.0,0.18891149075447747
0.2,2900000,47.5,0.18902180496668686
0.2,2900000,48.0,0.18912994587462703
0.2,2900000,48.5,0.1892359770763429
0.2,2900000,49.0,0.18933995971239947
0.2,2900000,49.5,0.18944195258344498
0.2,2900000,50.0,0.18954201226108908
0.25,2900000,0.0,0.0
0.25,2900000,0.5,0.03835824381130313
0.25,2900000,1.0,0.0665114395626645
0.25,2900000,1.5,0.08805396711937098
0.25,2900000,2.0,0.10506956660802814
0.25,2900000,2.5,0.11884949348769899
0.25,2900000,3.0,0.1302365534557949
0.25,2900000,3.5,0.13980423151750973
0.25,2900000,4.0,0.14795631122621328
0.25,2900000,4.5,0.15498532187041308
0.25,2900000,5.0,0.16110838646395292
0.25,2900000,5.5,0.16649004791743457
0.25,2900000,6.0,0.1712572769137197
0.25,2900000,6.5,0.17550961696531317
0.25,2900000,7.0,0.17932621071512125
0.25,2900000,7.5,0.1827707715133531
0.25,2900000,8.0,0.18589516870623188
0.25,2900000,8.5,0.18874205759091522
0.25,2900000,9.0,0.19134683839233707
0.25,2900000,9.5,0.1937391358331264
0.25,2900000,10.0,0.19594393080823144
0.25,2900000,10.5,0.1979824360004592
0.25,2900000,11.0,0.1998727805741468
0.25,2900000,11.5,0.20163055081127243
0.25,2900000,12.0,0.20326922085288507
0.25,2900000,12.5,0.2048004987531172
0.25,2900000,13.0,0.20623460665475443
0.25,2900000,13.5,0.20758050926792734
0.25,2900000,14.0,0.20884610144861723
0.25,2900000,14.5,0.2100383631713555
0.25,2900000,15.0,0.2111634883222627
0.25,2900000,15.5,0.21222699233077694
0.25,2900000,16.0,0.2132338025883403
0.25,2900000,16.5,0.21418833478226507
0.25,2900000,17.0,0.21509455763971805
0.25,2900000,17.5,0.21595604808414726
0.25,2900000,18.0,0.21677603842064744
0.25,2900000,18.5,0.21755745686260472
0.25,2900000,19.0,0.21830296247070757
0.25,2900000,19.5,0.21901497538293216
0.25,2900000,20.0,0.21969570305968902
0.25,2900000,20.5,0.2203471631437733
0.25,2900000,21.0,0.22097120343380633
0.25,2900000,21.5,0.22156951938762706
0.25,2900000,22.0,0.2221436695048105
0.25,2900000,22.5,0.22269508888219344
0.25,2900000,23.0,0.22322510119065206
0.25,2900000,23.5,0.2237349292835613
0.25,2900000,24.0,0.22422570461590968
0.25,2900000,24.5,0.22469847562677983
0.25,2900000,25.0,0.22515421521590132
0.25,2900000,25.5,0.22559382742647852
0.25,2900000,26.0,0.2260181534308926
0.25,2900000,26.5,0.22642797690266867
0.25,2900000,27.0,0.22682402884689154
0.25,2900000,27.5,0.22720699195171026
0.25,2900000,28.0,0.2275775045154267
0.25,2900000,28.5,0.2279361639966889
0.25,2900000,29.0,0.22828353022932593
0.25,2900000,29.5,0.22862012833820894
0.25,2900000,30.0,0.22894645138808223
0.25,2900000,30.5,0.22926296279346484
0.25,2900000,31.0,0.22957009851439392
0.25,2900000,31.5,0.22986826905988983
0.25,2900000,32.0,0.23015786131850327
0.25,2900000,32.5,0.2304392402331103
0.25,2900000,33.0,0.23071275033519908
0.25,2900000,33.5,0.23097871715221224
0.25,2900000,34.0,0.23123744850003106
0.25,2900000,34.5,0.23148923567139182
0.25,2900000,35.0,0.2317343545298801
0.25,2900000,35.5,0.2319730665181413
0.25,2900000,36.0,0.23220561958805397
0.25,2900000,36.5,0.23243224905982243
0.25,2900000,37.0,0.23265317841624716
0.25,2900000,37.5,0.23286862003780717
0.25,2900000,38.0,0.23307877588363798
0.25,2900000,38.5,0.23328383812299405
0.25,2900000,39.0,0.23348398972134643
0.25,2900000,39.5,0.2336794049848725
0.25,2900000,40.0,0.2338702500667438
0.25,2900000,40.5,0.23405668343830266
0.25,2900000,41.0,0.23423885632793615
0.25,2900000,41.5,0.23441691313020152
0.25,2900000,42.0,0.23459099178752996
0.25,2900000,42.5,0.23476122414662856
0.25,2900000,43.0,0.23492773629151628
0.25,2900000,43.5,0.23509064885496184
0.25,2900000,44.0,0.2352500773099396
0.25,2900000,44.5,0.2354061322425843
0.25,2900000,45.0,0.23555891960799935
0.25,2900000,45.5,0.2357085409701634
0.25,2900000,46.0,0.2358550937270755
0.25,2900000,46.5,0.2359986713221889
0.25,2900000,47.0,0.23613936344309683
0.25,2900000,47.5,0.23627725620835857
0.25,2900000,48.0,0.2364124323432838
0.25,2900000,48.5,0.23654497134542862
0.25,2900000,49.0,0.23667494964049934
0.25,2900000,49.5,0.23680244072930623
0.25,2900000,50.0,0.23692751532636133
0.3,2900000,0.0,0.0
0.3,2900000,0.5,0.046029892573563755
0.3,2900000,1.0,0.07981372747519741
0.3,2900000,1.5,0.10566476054324518
0.3,2900000,2.0,0.12608347992963378
0.3,2900000,2.5,0.14261939218523878
0.3,2900000,3.0,0.1562838641469539
0.3,2900000,3.5,0.16776507782101166
0.3,2900000,4.0,0.17754757347145592
0.3,2900000,4.5,0.1859823862444957
0.3,2900000,5.0,0.1933300637567435
0.3,2900000,5.5,0.1997880575009215
0.3,2900000,6.0,0.20550873229646363
0.3,2900000,6.5,0.21061154035837581
0.3,2900000,7.0,0.21519145285814553
0.3,2900000,7.5,0.21932492581602375
0.3,2900000,8.0,0.22307420244747825
0.3,2900000,8.5,0.22649046910909829
0.3,2900000,9.0,0.2296162060708045
0.3,2900000,9.5,0.2324869629997517
0.3,2900000,10.0,0.23513271696987773
0.3,2900000,10.5,0.23757892320055102
0.3,2900000,11.0,0.23984733668897615
0.3,2900000,11.5,0.2419566609735269
0.3,2900000,12.0,0.24392306502346206
0.3,2900000,12.5,0.24576059850374066
0.3,2900000,13.0,0.24748152798570533
0.3,2900000,13.5,0.24909661112151282
0.3,2900000,14.0,0.25061532173834067
0.3,2900000,14.5,0.2520460358056266
0.3,2900000,15.0,0.25339618598671526
0.3,2900000,15.5,0.2546723907969323
0.3,2900000,16.0,0.2558805631060084
0.3,2900000,16.5,0.2570260017387181
0.3,2900000,17.0,0.25811346916766165
0.3,2900000,17.5,0.2591472577009767
0.3,2900000,18.0,0.2601312461047769
0.3,2900000,18.5,0.26106894823512566
0.3,2900000,19.0,0.2619635549648491
0.3,2900000,19.5,0.2628179704595186
0.3,2900000,20.0,0.2636348436716268
0.3,2900000,20.5,0.26441659577252796
0.3,2900000,21.0,0.2651654441205676
0.3,2900000,21.5,0.26588342326515246
0.3,2900000,22.0,0.2665724034057726
0.3,2900000,22.5,0.2672341066586321
0.3,2900000,23.0,0.26787012142878247
0.3,2900000,23.5,0.2684819151402736
0.3,2900000,24.0,0.2690708455390916
0.3,2900000,24.5,0.2696381707521358
0.3,2900000,25.0,0.27018505825908157
0.3,2900000,25.5,0.2707125929117742
0.3,2900000,26.0,0.2712217841170711
0.3,2900000,26.5,0.2717135722832024
0.3,2900000,27.0,0.27218883461626986
0.3,2900000,27.5,0.2726483903420523
0.3,2900000,28.0,0.273093005418512
0.3,2900000,28.5,0.27352339679602666
0.3,2900000,29.0,0.2739402362751911
0.3,2900000,29.5,0.2743441540058507
0.3,2900000,30.0,0.2747357416656987
0.3,2900000,30.5,0.2751155553521578
0.3,2900000,31.0,0.2754841182172727
0.3,2900000,31.5,0.27584192287186776
0.3,2900000,32.0,0.27618943358220394
0.3,2900000,32.5,0.2765270882797324
0.3,2900000,33.0,0.27685530040223894
0.3,2900000,33.5,0.2771744605826547
0.3,2900000,34.0,0.2774849382000373
0.3,2900000,34.5,0.27778708280567016
0.3,2900000,35.0,0.2780812254358561
0.3,2900000,35.5,0.2783676798217696
0.3,2900000,36.0,0.27864674350566476
0.3,2900000,36.5,0.27891869887178694
0.3,2900000,37.0,0.2791838140994966
0.3,2900000,37.5,0.2794423440453686
0.3,2900000,38.0,0.27969453106036557
0.3,2900000,38.5,0.2799406057475929
0.3,2900000,39.0,0.2801807876656157
0.3,2900000,39.5,0.280415285981847
0.3,2900000,40.0,0.28064430008009256
0.3,2900000,40.5,0.2808680201259632
0.3,2900000,41.0,0.2810866275935234
0.3,2900000,41.5,0.2813002957562418
0.3,2900000,42.0,0.28150919014503595
0.3,2900000,42.5,0.2817134689759543
0.3,2900000,43.0,0.28191328354981954
0.3,2900000,43.5,0.2821087786259542
0.3,2900000,44.0,0.2823000927719275
0.3,2900000,44.5,0.28248735869110114
0.3,2900000,45.0,0.2826707035295992
0.3,2900000,45.5,0.28285024916419604
0.3,2900000,46.0,0.2830261124724906
0.3,2900000,46.5,0.2831984055866267
0.3,2900000,47.0,0.2833672361317162
0.3,2900000,47.5,0.2835327074500303
0.3,2900000,48.0,0.2836949188119406
0.3,2900000,48.5,0.28385396561451437
0.3,2900000,49.0,0.2840099395685992
0.3,2900000,49.5,0.2841629288751675
0.3,2900000,50.0,0.2843130183916336
0.34,2900000,0.0,0.0
0.34,2900000,0.5,0.05216721158337226
0.34,2900000,1.0,0.09045555780522373
0.34,2900000,1.5,0.11975339528234454
0.34,2900000,2.0,0.14289461058691827
0.34,2900000,2.5,0.16163531114327062
0.34,2900000,3.0,0.17712171269988106
0.34,2900000,3.5,0.19013375486381323
0.34,2900000,4.0,0.20122058326765005
0.34,2900000,4.5,0.2107800377437618
0.34,2900000,5.0,0.21910740559097597
0.34,2900000,5.5,0.22642646516771103
0.34,2900000,6.0,0.2329098966026588
0.34,2900000,6.5,0.23869307907282591
0.34,2900000,7.0,0.24388364657256492
0.34,2900000,7.5,0.24856824925816023
0.34,2900000,8.0,0.25281742944047536
0.34,2900000,8.5,0.25668919832364473
0.34,2900000,9.0,0.2602317002135784
0.34,2900000,9.5,0.2634852247330519
0.34,2900000,10.0,0.26648374589919477
0.34,2900000,10.5,0.2692561129606245
0.34,2900000,11.0,0.2718269815808396
0.34,2900000,11.5,0.27421754910333046
0.34,2900000,12.0,0.2764461403599237
0.34,2900000,12.5,0.2785286783042394
0.34,2900000,13.0,0.28047906505046605
0.34,2900000,13.5,0.2823094926043812
0.34,2900000,14.0,0.28403069797011943
0.34,2900000,14.5,0.2856521739130435
0.34,2900000,15.0,0.28718234411827726
0.34,2900000,15.5,0.28862870956985665
0.34,2900000,16.0,0.2899979715201428
0.34,2900000,16.5,0.2912961353038805
0.34,2900000,17.0,0.29252859839001655
0.34,2900000,17.5,0.2937002253944403
0.34,2900000,18.0,0.2948154122520805
0.34,2900000,18.5,0.2958781413331424
0.34,2900000,19.0,0.2968920289601623
0.34,2900000,19.5,0.29786036652078773
0.34,2900000,20.0,0.29878615616117704
0.34,2900000,20.5,0.2996721418755317
0.34,2900000,21.0,0.30052083666997664
0.34,2900000,21.5,0.3013345463671728
0.34,2900000,22.0,0.3021153905265423
0.34,2900000,22.5,0.3028653208797831
0.34,2900000,23.0,0.30358613761928677
0.34,2900000,23.5,0.3042795038256434
0.34,2900000,24.0,0.3049469582776372
0.34,2900000,24.5,0.3055899268524206
0.34,2900000,25.0,0.3062097326936258
0.34,2900000,25.5,0.3068076053000108
0.34,2900000,26.0,0.3073846886660139
0.34,2900000,26.5,0.3079420485876294
0.34,2900000,27.0,0.3084806792317725
0.34,2900000,27.5,0.30900150905432594
0.34,2900000,28.0,0.30950540614098027
0.34,2900000,28.5,0.3099931830354969
0.34,2900000,29.0,0.31046560111188326
0.34,2900000,29.5,0.31092337453996416
0.34,2900000,30.0,0.31136717388779184
0.34,2900000,30.5,0.31179762939911215
0.34,2900000,31.0,0.31221533397957574
0.34,2900000,31.5,0.3126208459214502
0.34,2900000,32.0,0.31301469139316446
0.34,2900000,32.5,0.31339736671703
0.34,2900000,33.0,0.3137693404558708
0.34,2900000,33.5,0.31413105532700863
0.34,2900000,34.0,0.31448292996004223
0.34,2900000,34.5,0.31482536051309284
0.34,2900000,35.0,0.3151587221606369
0.34,2900000,35.5,0.3154833704646722
0.34,2900000,36.0,0.3157996426397534
0.34,2900000,36.5,0.3161078587213585
0.34,2900000,37.0,0.31640832264609614
0.34,2900000,37.5,0.31670132325141775
0.34,2900000,38.0,0.31698713520174765
0.34,2900000,38.5,0.31726601984727193
0.34,2900000,39.0,0.31753822602103116
0.34,2900000,39.5,0.3178039907794266
0.34,2900000,40.0,0.31806354009077153
0.34,2900000,40.5,0.3183170894760916
0.34,2900000,41.0,0.31856484460599316
0.34,2900000,41.5,0.31880700185707406
0.34,2900000,42.0,0.31904374883104075
0.34,2900000,42.5,0.3192752648394148
0.34,2900000,43.0,0.31950172135646215
0.34,2900000,43.5,0.3197232824427481
0.34,2900000,44.0,0.3199401051415179
0.34,2900000,44.5,0.32015233984991465
0.34,2900000,45.0,0.32036013066687913
0.34,2900000,45.5,0.3205636157194222
0.34,2900000,46.0,0.3207629274688227
0.34,2900000,46.5,0.3209581929981769
0.34,2900000,47.0,0.32114953428261167
0.34,2900000,47.5,0.3213370684433677
0.34,2900000,48.0,0.321520907986866
0.34,2900000,48.5,0.3217011610297829
0.34,2900000,49.0,0.3218779315110791
0.34,2900000,49.5,0.3220513193918565
0.34,2900000,50.0,0.3222214208438514
0.4,2900000,0.0,0.0
0.4,2900000,0.5,0.061373190098085006
0.4,2900000,1.0,0.10641830330026321
0.4,2900000,1.5,0.14088634739099357
0.4,2900000,2.0,0.16811130657284504
0.4,2900000,2.5,0.19015918958031838
0.4,2900000,3.0,0.20837848552927185
0.4,2900000,3.5,0.22368677042801557
0.4,2900000,4.0,0.23673009796194122
0.4,2900000,4.5,0.24797651499266093
0.4,2900000,5.0,0.25777341834232465
0.4,2900000,5.5,0.2663840766678953
0.4,2900000,6.0,0.2740116430619515
0.4,2900000,6.5,0.28081538714450105
0.4,2900000,7.0,0.286921937144194
0.4,2900000,7.5,0.292433234421365
0.4,2900000,8.0,0.297432269929971
0.4,2900000,8.5,0.3019872921454644
0.4,2900000,9.0,0.3061549414277393
0.4,2900000,9.5,0.30998261733300225
0.4,2900000,10.0,0.3135102892931703
0.4,2900000,10.5,0.3167718976007347
0.4,2900000,11.0,0.3197964489186349
0.4,2900000,11.5,0.3226088812980359
0.4,2900000,12.0,0.3252307533646161
0.4,2900000,12.5,0.3276807980049875
0.4,2900000,13.0,0.32997537064760707
0.4,2900000,13.5,0.3321288148286838
0.4,2900000,14.0,0.33415376231778754
0.4,2900000,14.5,0.3360613810741688
0.4,2900000,15.0,0.33786158131562033
0.4,2900000,15.5,0.3395631877292431
0.4,2900000,16.0,0.3411740841413445
0.4,2900000,16.5,0.34270133565162414
0.4,2900000,17.0,0.3441512922235489
0.4,2900000,17.5,0.3455296769346356
0.4,2900000,18.0,0.3468416614730359
0.4,2900000,18.5,0.34809193098016755
0.4,2900000,19.0,0.3492847399531321
0.4,2900000,19.5,0.3504239606126915
0.4,2900000,20.0,0.3515131248955024
0.4,2900000,20.5,0.3525554610300373
0.4,2900000,21.0,0.35355392549409015
0.4,2900000,21.5,0.35451123102020327
0.4,2900000,22.0,0.3554298712076968
0.4,2900000,22.5,0.3563121422115095
0.4,2900000,23.0,0.3571601619050433
0.4,2900000,23.5,0.35797588685369813
0.4,2900000,24.0,0.35876112738545546
0.4,2900000,24.5,0.3595175610028477
0.4,2900000,25.0,0.36024674434544207
0.4,2900000,25.5,0.36095012388236564
0.4,2900000,26.0,0.36162904548942815
0.4,2900000,26.5,0.3622847630442699
0.4,2900000,27.0,0.36291844615502644
0.4,2900000,27.5,0.3635311871227364
0.4,2900000,28.0,0.3641240072246827
0.4,2900000,28.5,0.36469786239470225
0.4,2900000,29.0,0.3652536483669215
0.4,2900000,29.5,0.36579220534113427
0.4,2900000,30.0,0.3663143222209316
0.4,2900000,30.5,0.3668207404695437
0.4,2900000,31.0,0.36731215762303027
0.4,2900000,31.5,0.3677892304958237
0.4,2900000,32.0,0.3682525781096052
0.4,2900000,32.5,0.3687027843729765
0.4,2900000,33.0,0.3691404005363186
0.4,2900000,33.5,0.3695659474435396
0.4,2900000,34.0,0.36997991760004967
0.4,2900000,34.5,0.3703827770742269
0.4,2900000,35.0,0.3707749672478081
0.4,2900000,35.5,0.3711569064290261
0.4,2900000,36.0,0.37152899134088635
0.4,2900000,36.5,0.3718915984957159
0.4,2900000,37.0,0.37224508546599544
0.4,2900000,37.5,0.3725897920604915
0.4,2900000,38.0,0.3729260414138208
0.4,2900000,38.5,0.3732541409967905
0.4,2900000,39.0,0.3735743835541543
0.4,2900000,39.5,0.37388704797579597
0.4,2900000,40.0,0.37419240010679006
0.4,2900000,40.5,0.3744906935012843
0.4,2900000,41.0,0.37478217012469783
0.4,2900000,41.5,0.37506706100832243
0.4,2900000,42.0,0.37534558686004793
0.4,2900000,42.5,0.3756179586346057
0.4,2900000,43.0,0.37588437806642605
0.4,2900000,43.5,0.3761450381679389
0.4,2900000,44.0,0.37640012369590337
0.4,2900000,44.5,0.3766498115881349
0.4,2900000,45.0,0.37689427137279896
0.4,2900000,45.5,0.3771336655522614
0.4,2900000,46.0,0.3773681499633208
0.4,2900000,46.5,0.3775978741155023
0.4,2900000,47.0,0.37782298150895494
0.4,2900000,47.5,0.3780436099333737
0.4,2900000,48.0,0.37825989174925406
0.4,2900000,48.5,0.3784719541526858
0.4,2900000,49.0,0.37867991942479895
0.4,2900000,49.5,0.37888390516688997
0.4,2900000,50.0,0.37908402452217815
0.52,2900000,0.0,0.0
0.52,2900000,0.5,0.0797851471275105
0.52,2900000,1.0,0.1383437942903422
0.52,2900000,1.5,0.18315225160829163
0.52,2900000,2.0,0.21854469854469855
0.52,2900000,2.5,0.2472069464544139
0.52,2900000,3.0,0.2708920311880534
0.52,2900000,3.5,0.29079280155642023
0.52,2900000,4.0,0.30774912735052357
0.52,2900000,4.5,0.3223694694904592
0.52,2900000,5.0,0.33510544384502206
0.52,2900000,5.5,0.3462992996682639
0.52,2900000,6.0,0.35621513598053695
0.52,2900000,6.5,0.3650600032878514
0.52,2900000,7.0,0.37299851828745223
0.52,2900000,7.5,0.3801632047477745
0.52,2900000,8.0,0.38666195090896227
0.52,2900000,8.5,0.3925834797891037
0.52,2900000,9.0,0.3980014238560611
0.52,2900000,9.5,0.40297740253290293
0.52,2900000,10.0,0.40756337608112136
0.52,2900000,10.5,0.4118034668809551
0.52,2900000,11.0,0.41573538359422535
0.52,2900000,11.5,0.41939154568744663
0.52,2900000,12.0,0.42279997937400093
0.52,2900000,12.5,0.4259850374064838
0.52,2900000,13.0,0.4289679818418892
0.52,2900000,13.5,0.4317674592772889
0.52,2900000,14.0,0.4343998910131238
0.52,2900000,14.5,0.4368797953964194
0.52,2900000,15.0,0.4392200557103064
0.52,2900000,15.5,0.441432144048016
0.52,2900000,16.0,0.4435263093837478
0.52,2900000,16.5,0.44551173634711133
0.52,2900000,17.0,0.44739667989061355
0.52,2900000,17.5,0.4491885800150263
0.52,2900000,18.0,0.45089415991494664
0.52,2900000,18.5,0.4525195102742178
0.52,2900000,19.0,0.45407016193907174
0.52,2900000,19.5,0.4555511487964989
0.52,2900000,20.0,0.45696706236415313
0.52,2900000,20.5,0.4583220993390485
0.52,2900000,21.0,0.45962010314231716
0.52,2900000,21.5,0.46086460032626425
0.52,2900000,22.0,0.46205883257000585
0.52,2900000,22.5,0.46320578487496233
0.52,2900000,23.0,0.4643082104765563
0.52,2900000,23.5,0.46536865290980756
0.52,2900000,24.0,0.4663894656010921
0.52,2900000,24.5,0.46737282930370205
0.52,2900000,25.0,0.4683207676490747
0.52,2900000,25.5,0.4692351610470753
0.52,2900000,26.0,0.4701177591362566
0.52,2900000,26.5,0.47097019195755085
0.52,2900000,27.0,0.4717939800015344
0.52,2900000,27.5,0.47259054325955735
0.52,2900000,28.0,0.4733612093920875
0.52,2900000,28.5,0.47410722111311293
0.52,2900000,29.0,0.4748297428769979
0.52,2900000,29.5,0.47552986694347454
0.52,2900000,30.0,0.47620861888721105
0.52,2900000,30.5,0.47686696261040684
0.52,2900000,31.0,0.4775058049099394
0.52,2900000,31.5,0.4781259996445708
0.52,2900000,32.0,0.47872835154248683
0.52,2900000,32.5,0.4793136196848694
0.52,2900000,33.0,0.4798825206972141
0.52,2900000,33.5,0.4804357316766015
0.52,2900000,34.0,0.4809738928800646
0.52,2900000,34.5,0.48149761019649495
0.52,2900000,35.0,0.48200745742215056
0.52,2900000,35.5,0.48250397835773395
0.52,2900000,36.0,0.48298768874315223
0.52,2900000,36.5,0.48345907804443067
0.52,2900000,37.0,0.4839186111057941
0.52,2900000,37.5,0.4843667296786389
0.52,2900000,38.0,0.48480385383796704
0.52,2900000,38.5,0.4852303832958276
0.52,2900000,39.0,0.48564669862040055
0.52,2900000,39.5,0.4860531623685348
0.52,2900000,40.0,0.4864501201388271
0.52,2900000,40.5,0.48683790155166956
0.52,2900000,41.0,0.4872168211621072
0.52,2900000,41.5,0.4875871793108192
0.52,2900000,42.0,0.48794926291806234
0.52,2900000,42.5,0.4883033462249874
0.52,2900000,43.0,0.4886496914863539
0.52,2900000,43.5,0.4889885496183206
0.52,2900000,44.0,0.4893201608046744
0.52,2900000,44.5,0.48964475506457533
0.52,2900000,45.0,0.4899625527846387
0.52,2900000,45.5,0.4902737652179398
0.52,2900000,46.0,0.49057859495231704
0.52,2900000,46.5,0.49087723635015296
0.52,2900000,47.0,0.4911698759616414
0.52,2900000,47.5,0.49145669291338584
0.52,2900000,48.0,0.4917378592740303
0.52,2900000,48.5,0.49201354039849154
0.52,2900000,49.0,0.4922838952522386
0.52,2900000,49.5,0.49254907671695697
0.52,2900000,50.0,0.4928092318788316
0.55,2900000,0.0,0.0
0.55,2900000,0.5,0.08438813638486689
0.55,2900000,1.0,0.14632516703786191
0.55,2900000,1.5,0.19371872766261616
0.55,2900000,2.0,0.23115304653766192
0.55,2900000,2.5,0.26146888567293775
0.55,2900000,3.0,0.28652041760274877
0.55,2900000,3.5,0.3075693093385214
0.55,2900000,4.0,0.32550388469766917
0.55,2900000,4.5,0.3409677081149088
0.55,2900000,5.0,0.3544384502206964
0.55,2900000,5.5,0.36627810541835604
0.55,2900000,6.0,0.37676600921018333
0.55,2900000,6.5,0.38612115732368896
0.55,2900000,7.0,0.3945176635732668
0.55,2900000,7.5,0.40209569732937683
0.55,2900000,8.0,0.4089693711537101
0.55,2900000,8.5,0.41523252670001354
0.55,2900000,9.0,0.42096304446314153
0.55,2900000,9.5,0.4262260988328781
0.55,2900000,10.0,0.43107664777810917
0.55,2900000,10.5,0.4355613592010102
0.55,2900000,11.0,0.43972011726312293
0.55,2900000,11.5,0.4435872117847993
0.55,2900000,12.0,0.44719228587634713
0.55,2900000,12.5,0.45056109725685783
0.55,2900000,13.0,0.45371613464045973
0.55,2900000,13.5,0.4566771203894402
0.55,2900000,14.0,0.45946142318695793
0.55,2900000,14.5,0.4620843989769821
0.55,2900000,15.0,0.46455967430897793
0.55,2900000,15.5,0.46689938312770923
0.55,2900000,16.0,0.46911436569434867
0.55,2900000,16.5,0.47121433652098316
0.55,2900000,17.0,0.4732080268073797
0.55,2900000,17.5,0.47510330578512394
0.55,2900000,18.0,0.47690728452542436
0.55,2900000,18.5,0.47862640509773036
0.55,2900000,19.0,0.48026651743555665
0.55,2900000,19.5,0.4818329458424508
0.55,2900000,20.0,0.4833305467313158
0.55,2900000,20.5,0.4847637589163013
0.55,2900000,21.0,0.4861366475543739
0.55,2900000,21.5,0.4874529426527795
0.55,2900000,22.0,0.4887160729105831
0.55,2900000,22.5,0.48992919554082554
0.55,2900000,23.0,0.4910952226194345
0.55,2900000,23.5,0.4922168444238349
0.55,2900000,24.0,0.4932965501550013
0.55,2900000,24.5,0.4943366463789156
0.55,2900000,25.0,0.49533927347498286
0.55,2900000,25.5,0.49630642033825273
0.55,2900000,26.0,0.4972399375479637
0.55,2900000,26.5,0.4981415491858711
0.55,2900000,27.0,0.49901286346316137
0.55,2900000,27.5,0.4998553822937626
0.55,2900000,28.0,0.5006705099339387
0.55,2900000,28.5,0.5014595607927156
0.55,2900000,29.0,0.502223766504517
0.55,2900000,29.5,0.5029642823440597
0.55,2900000,30.0,0.5036821930537809
0.55,2900000,30.5,0.5043785181456226
0.55,2900000,31.0,0.5050542167316666
0.55,2900000,31.5,0.5057101919317576
0.55,2900000,32.0,0.5063472949007072
0.55,2900000,32.5,0.5069663285128426
0.55,2900000,33.0,0.507568050737438
0.55,2900000,33.5,0.5081531777348669
0.55,2900000,34.0,0.5087223867000683
0.55,2900000,34.5,0.509276318477062
0.55,2900000,35.0,0.5098155799657361
0.55,2900000,35.5,0.5103407463399109
0.55,2900000,36.0,0.5108523630937187
0.55,2900000,36.5,0.5113509479316094
0.55,2900000,37.0,0.5118369925157438
0.55,2900000,37.5,0.5123109640831758
0.55,2900000,38.0,0.5127733069440036
0.55,2900000,38.5,0.513224443870587
0.55,2900000,39.0,0.5136647773869621
0.55,2900000,39.5,0.5140946909667194
0.55,2900000,40.0,0.5145145501468363
0.55,2900000,40.5,0.5149247035642659
0.55,2900000,41.0,0.5153254839214595
0.55,2900000,41.5,0.5157172088864433
0.55,2900000,42.0,0.5161001819325659
0.55,2900000,42.5,0.5164746931225828
0.55,2900000,43.0,0.5168410198413358
0.55,2900000,43.5,0.5171994274809161
0.55,2900000,44.0,0.5175501700818672
0.55,2900000,44.5,0.5178934909336854
0.55,2900000,45.0,0.5182296231375986
0.55,2900000,45.5,0.5185587901343595
0.55,2900000,46.0,0.5188812061995661
0.55,2900000,46.5,0.5191970769088157
0.55,2900000,47.0,0.519506599574813
0.55,2900000,47.5,0.5198099636583888
0.55,2900000,48.0,0.5201073511552243
0.55,2900000,48.5,0.520398936959943
0.55,2900000,49.0,0.5206848892090985
0.55,2900000,49.5,0.5209653696044737
0.55,2900000,50.0,0.521240533717995
0.6,2900000,0.0,0.0
0.6,2900000,0.5,0.09205978514712751
0.6,2900000,1.0,0.15962745495039482
0.6,2900000,1.5,0.21132952108649036
0.6,2900000,2.0,0.25216695985926757
0.6,2900000,2.5,0.28523878437047756
0.6,2900000,3.0,0.3125677282939078
0.6,2900000,3.5,0.3355301556420233
0.6,2900000,4.0,0.35509514694291183
0.6,2900000,4.5,0.3719647724889914
0.6,2900000,5.0,0.386660127513487
0.6,2900000,5.5,0.399576115001843
0.6,2900000,6.0,0.41101746459292726
0.6,2900000,6.5,0.42122308071675163
0.6,2900000,7.0,0.43038290571629106
0.6,2900000,7.5,0.4386498516320475
0.6,2900000,8.0,0.4461484048949565
0.6,2900000,8.5,0.45298093821819657
0.6,2900000,9.0,0.459232412141609
0.6,2900000,9.5,0.4649739259995034
0.6,2900000,10.0,0.47026543393975545
0.6,2900000,10.5,0.47515784640110204
0.6,2900000,11.0,0.4796946733779523
0.6,2900000,11.5,0.4839133219470538
0.6,2900000,12.0,0.4878461300469241
0.6,2900000,12.5,0.4915211970074813
0.6,2900000,13.0,0.49496305597141066
0.6,2900000,13.5,0.49819322224302565
0.6,2900000,14.0,0.5012306434766813
0.6,2900000,14.5,0.5040920716112532
0.6,2900000,15.0,0.5067923719734305
0.6,2900000,15.5,0.5093447815938646
0.6,2900000,16.0,0.5117611262120167
0.6,2900000,16.5,0.5140520034774362
0.6,2900000,17.0,0.5162269383353233
0.6,2900000,17.5,0.5182945154019534
0.6,2900000,18.0,0.5202624922095538
0.6,2900000,18.5,0.5221378964702513
0.6,2900000,19.0,0.5239271099296982
0.6,2900000,19.5,0.5256359409190372
0.6,2900000,20.0,0.5272696873432536
0.6,2900000,20.5,0.5288331915450559
0.6,2900000,21.0,0.5303308882411352
0.6,2900000,21.5,0.5317668465303049
0.6,2900000,22.0,0.5331448068115452
0.6,2900000,22.5,0.5344682133172642
0.6,2900000,23.0,0.5357402428575649
0.6,2900000,23.5,0.5369638302805472
0.6,2900000,24.0,0.5381416910781832
0.6,2900000,24.5,0.5392763415042716
0.6,2900000,25.0,0.5403701165181631
0.6,2900000,25.5,0.5414251858235484
0.6,2900000,26.0,0.5424435682341422
0.6,2900000,26.5,0.5434271445664048
0.6,2900000,27.0,0.5443776692325397
0.6,2900000,27.5,0.5452967806841046
0.6,2900000,28.0,0.546186010837024
0.6,2900000,28.5,0.5470467935920533
0.6,2900000,29.0,0.5478804725503822
0.6,2900000,29.5,0.5486883080117014
0.6,2900000,30.0,0.5494714833313974
0.6,2900000,30.5,0.5502311107043156
0.6,2900000,31.0,0.5509682364345454
0.6,2900000,31.5,0.5516838457437355
0.6,2900000,32.0,0.5523788671644079
0.6,2900000,32.5,0.5530541765594648
0.6,2900000,33.0,0.5537106008044779
0.6,2900000,33.5,0.5543489211653094
0.6,2900000,34.0,0.5549698764000746
0.6,2900000,34.5,0.5555741656113403
0.6,2900000,35.0,0.5561624508717122
0.6,2900000,35.5,0.5567353596435392
0.6,2900000,36.0,0.5572934870113295
0.6,2900000,36.5,0.5578373977435739
0.6,2900000,37.0,0.5583676281989932
0.6,2900000,37.5,0.5588846880907372
0.6,2900000,38.0,0.5593890621207311
0.6,2900000,38.5,0.5598812114951858
0.6,2900000,39.0,0.5603615753312314
0.6,2900000,39.5,0.560830571963694
0.6,2900000,40.0,0.5612886001601851
0.6,2900000,40.5,0.5617360402519264
0.6,2900000,41.0,0.5621732551870467
0.6,2900000,41.5,0.5626005915124836
0.6,2900000,42.0,0.5630183802900719
0.6,2900000,42.5,0.5634269379519086
0.6,2900000,43.0,0.5638265670996391
0.6,2900000,43.5,0.5642175572519084
0.6,2900000,44.0,0.564600185543855
0.6,2900000,44.5,0.5649747173822023
0.6,2900000,45.0,0.5653414070591984
0.6,2900000,45.5,0.5657004983283921
0.6,2900000,46.0,0.5660522249449812
0.6,2900000,46.5,0.5663968111732534
0.6,2900000,47.0,0.5667344722634324
0.6,2900000,47.5,0.5670654149000606
0.6,2900000,48.0,0.5673898376238812
0.6,2900000,48.5,0.5677079312290287
0.6,2900000,49.0,0.5680198791371984
0.6,2900000,49.5,0.568325857750335
0.6,2900000,50.0,0.5686260367832672
0.75,2900000,0.0,0.0
0.75,2900000,0.5,0.1150747314339094
0.75,2900000,1.0,0.1995343186879935
0.75,2900000,1.5,0.26416190135811296
0.75,2900000,2.0,0.31520869982408445
0.75,2900000,2.5,0.35654848046309695
0.75,2900000,3.0,0.3907096603673847
0.75,2900000,3.5,0.41941269455252916
0.75,2900000,4.0,0.4438689336786398
0.75,2900000,4.5,0.46495596561123925
0.75,2900000,5.0,0.48332515939185877
0.75,2900000,5.5,0.4994701437523037
0.75,2900000,6.0,0.5137718307411591
0.75,2900000,6.5,0.5265288508959395
0.75,2900000,7.0,0.5379786321453638
0.75,2900000,7.5,0.5483123145400594
0.75,2900000,8.0,0.5576855061186956
0.75,2900000,8.5,0.5662261727727457
0.75,2900000,9.0,0.5740405151770112
0.75,2900000,9.5,0.5812174074993792
0.75,2900000,10.0,0.5878317924246943
0.75,2900000,10.5,0.5939473080013775
0.75,2900000,11.0,0.5996183417224404
0.75,2900000,11.5,0.6048916524338173
0.75,2900000,12.0,0.6098076625586552
0.75,2900000,12.5,0.6144014962593516
0.75,2900000,13.0,0.6187038199642633
0.75,2900000,13.5,0.6227415278037821
0.75,2900000,14.0,0.6265383043458517
0.75,2900000,14.5,0.6301150895140665
0.75,2900000,15.0,0.6334904649667881
0.75,2900000,15.5,0.6366809769923307
0.75,2900000,16.0,0.6397014077650209
0.75,2900000,16.5,0.6425650043467952
0.75,2900000,17.0,0.6452836729191542
0.75,2900000,17.5,0.6478681442524418
0.75,2900000,18.0,0.6503281152619423
0.75,2900000,18.5,0.6526723705878141
0.75,2900000,19.0,0.6549088874121227
0.75,2900000,19.5,0.6570449261487965
0.75,2900000,20.0,0.6590871091790671
0.75,2900000,20.5,0.6610414894313199
0.75,2900000,21.0,0.662913610301419
0.75,2900000,21.5,0.6647085581628812
0.75,2900000,22.0,0.6664310085144315
0.75,2900000,22.5,0.6680852666465803
0.75,2900000,23.0,0.6696753035719561
0.75,2900000,23.5,0.6712047878506839
0.75,2900000,24.0,0.672677113847729
0.75,2900000,24.5,0.6740954268803395
0.75,2900000,25.0,0.6754626456477039
0.75,2900000,25.5,0.6767814822794356
0.75,2900000,26.0,0.6780544602926778
0.75,2900000,26.5,0.6792839307080061
0.75,2900000,27.0,0.6804720865406746
0.75,2900000,27.5,0.6816209758551308
0.75,2900000,28.0,0.6827325135462801
0.75,2900000,28.5,0.6838084919900667
0.75,2900000,29.0,0.6848505906879777
0.75,2900000,29.5,0.6858603850146268
0.75,2900000,30.0,0.6868393541642467
0.75,2900000,30.5,0.6877888883803945
0.75,2900000,31.0,0.6887102955431817
0.75,2900000,31.5,0.6896048071796694
0.75,2900000,32.0,0.6904735839555098
0.75,2900000,32.5,0.6913177206993308
0.75,2900000,33.0,0.6921382510055973
0.75,2900000,33.5,0.6929361514566367
0.75,2900000,34.0,0.6937123455000932
0.75,2900000,34.5,0.6944677070141754
0.75,2900000,35.0,0.6952030635896402
0.75,2900000,35.5,0.6959191995544239
0.75,2900000,36.0,0.6966168587641619
0.75,2900000,36.5,0.6972967471794673
0.75,2900000,37.0,0.6979595352487414
0.75,2900000,37.5,0.6986058601134215
0.75,2900000,38.0,0.6992363276509139
0.75,2900000,38.5,0.6998515143689822
0.75,2900000,39.0,0.7004519691640393
0.75,2900000,39.5,0.7010382149546175
0.75,2900000,40.0,0.7016107502002313
0.75,2900000,40.5,0.702170050314908
0.75,2900000,41.0,0.7027165689838084
0.75,2900000,41.5,0.7032507393906046
0.75,2900000,42.0,0.7037729753625899
0.75,2900000,42.5,0.7042836724398857
0.75,2900000,43.0,0.7047832088745488
0.75,2900000,43.5,0.7052719465648855
0.75,2900000,44.0,0.7057502319298189
0.75,2900000,44.5,0.7062183967277529
0.75,2900000,45.0,0.706676758823998
0.75,2900000,45.5,0.7071256229104901
0.75,2900000,46.0,0.7075652811812265
0.75,2900000,46.5,0.7079960139665668
0.75,2900000,47.0,0.7084180903292905
0.75,2900000,47.5,0.7088317686250757
0.75,2900000,48.0,0.7092372970298514
0.75,2900000,48.5,0.7096349140362859
0.75,2900000,49.0,0.710024848921498
0.75,2900000,49.5,0.7104073221879187
0.75,2900000,50.0,0.7107825459790841
1.0,2900000,0.0,0.0
1.0,2900000,0.5,0.15343297524521252
1.0,2900000,1.0,0.266045758250658
1.0,2900000,1.5,0.35221586847748393
1.0,2900000,2.0,0.4202782664321126
1.0,2900000,2.5,0.47539797395079597
1.0,2900000,3.0,0.5209462138231796
1.0,2900000,3.5,0.5592169260700389
1.0,2900000,4.0,0.5918252449048531
1.0,2900000,4.5,0.6199412874816523
1.0,2900000,5.0,0.6444335458558117
1.0,2900000,5.5,0.6659601916697383
1.0,2900000,6.0,0.6850291076548788
1.0,2900000,6.5,0.7020384678612527
1.0,2900000,7.0,0.717304842860485
1.0,2900000,7.5,0.7310830860534124
1.0,2900000,8.0,0.7435806748249275
1.0,2900000,8.5,0.7549682303636609
1.0,2900000,9.0,0.7653873535693483
1.0,2900000,9.5,0.7749565433325056
1.0,2900000,10.0,0.7837757232329258
1.0,2900000,10.5,0.7919297440018368
1.0,2900000,11.0,0.7994911222965873
1.0,2900000,11.5,0.8065222032450897
1.0,2900000,12.0,0.8130768834115403
1.0,2900000,12.5,0.8192019950124688
1.0,2900000,13.0,0.8249384266190177
1.0,2900000,13.5,0.8303220370717094
1.0,2900000,14.0,0.8353844057944689
1.0,2900000,14.5,0.840153452685422
1.0,2900000,15.0,0.8446539532890508
1.0,2900000,15.5,0.8489079693231077
1.0,2900000,16.0,0.8529352103533612
1.0,2900000,16.5,0.8567533391290603
1.0,2900000,17.0,0.8603782305588722
1.0,2900000,17.5,0.863824192336589
1.0,2900000,18.0,0.8671041536825898
1.0,2900000,18.5,0.8702298274504189
1.0,2900000,19.0,0.8732118498828303
1.0,2900000,19.5,0.8760599015317286
1.0,2900000,20.0,0.8787828122387561
1.0,2900000,20.5,0.8813886525750932
1.0,2900000,21.0,0.8838848137352253
1.0,2900000,21.5,0.8862780775505082
1.0,2900000,22.0,0.888574678019242
1.0,2900000,22.5,0.8907803555287738
1.0,2900000,23.0,0.8929004047626082
1.0,2900000,23.5,0.8949397171342452
1.0,2900000,24.0,0.8969028184636387
1.0,2900000,24.5,0.8987939025071193
1.0,2900000,25.0,0.9006168608636053
1.0,2900000,25.5,0.9023753097059141
1.0,2900000,26.0,0.9040726137235704
1.0,2900000,26.5,0.9057119076106747
1.0,2900000,27.0,0.9072961153875662
1.0,2900000,27.5,0.908827967806841
1.0,2900000,28.0,0.9103100180617067
1.0,2900000,28.5,0.9117446559867556
1.0,2900000,29.0,0.9131341209173037
1.0,2900000,29.5,0.9144805133528358
1.0,2900000,30.0,0.9157858055523289
1.0,2900000,30.5,0.9170518511738593
1.0,2900000,31.0,0.9182803940575757
1.0,2900000,31.5,0.9194730762395593
1.0,2900000,32.0,0.9206314452740131
1.0,2900000,32.5,0.9217569609324412
1.0,2900000,33.0,0.9228510013407963
1.0,2900000,33.5,0.923914868608849
1.0,2900000,34.0,0.9249497940001242
1.0,2900000,34.5,0.9259569426855673
1.0,2900000,35.0,0.9269374181195204
1.0,2900000,35.5,0.9278922660725653
1.0,2900000,36.0,0.9288224783522159
1.0,2900000,36.5,0.9297289962392897
1.0,2900000,37.0,0.9306127136649887
1.0,2900000,37.5,0.9314744801512287
1.0,2900000,38.0,0.9323151035345519
1.0,2900000,38.5,0.9331353524919762
1.0,2900000,39.0,0.9339359588853857
1.0,2900000,39.5,0.93471761993949
1.0,2900000,40.0,0.9354810002669752
1.0,2900000,40.5,0.9362267337532106
1.0,2900000,41.0,0.9369554253117446
1.0,2900000,41.5,0.9376676525208061
1.0,2900000,42.0,0.9383639671501198
1.0,2900000,42.5,0.9390448965865142
1.0,2900000,43.0,0.9397109451660651
1.0,2900000,43.5,0.9403625954198473
1.0,2900000,44.0,0.9410003092397584
1.0,2900000,44.5,0.9416245289703372
1.0,2900000,45.0,0.9422356784319974
1.0,2900000,45.5,0.9428341638806536
1.0,2900000,46.0,0.943420374908302
1.0,2900000,46.5,0.9439946852887556
1.0,2900000,47.0,0.9445574537723873
1.0,2900000,47.5,0.9451090248334343
1.0,2900000,48.0,0.9456497293731352
1.0,2900000,48.5,0.9461798853817145
1.0,2900000,49.0,0.9466997985619974
1.0,2900000,49.5,0.9472097629172249
1.0,2900000,50.0,0.9477100613054453
