t_min_years,online_fraction,threshold,active_ids_needed,genesis_ids_to_issue
1.0,0.5,0.51,1009976.4705882353,2019952.9411764706
1.0,0.6,0.51,1009976.4705882353,1683294.1176470588
1.0,0.7,0.51,1009976.4705882353,1442823.5294117648
1.0,0.8,0.51,1009976.4705882353,1262470.5882352942
1.0,0.9,0.51,1009976.4705882353,1122196.0784313725
1.0,1.0,0.51,1009976.4705882353,1009976.4705882353
2.0,0.5,0.51,2019952.9411764706,4039905.882352941
2.0,0.6,0.51,2019952.9411764706,3366588.2352941176
2.0,0.7,0.51,2019952.9411764706,2885647.0588235296
2.0,0.8,0.51,2019952.9411764706,2524941.1764705884
2.0,0.9,0.51,2019952.9411764706,2244392.156862745
2.0,1.0,0.51,2019952.9411764706,2019952.9411764706
5.0,0.5,0.51,5049882.352941177,10099764.705882354
5.0,0.6,0.51,5049882.352941177,8416470.588235294
5.0,0.7,0.51,5049882.352941177,7214117.647058823
5.0,0.8,0.51,5049882.352941177,6312352.94117647
5.0,0.9,0.51,5049882.352941177,5610980.392156863
5.0,1.0,0.51,5049882.352941177,5049882.352941177
10.0,0.5,0.51,10099764.705882354,20199529.411764707
10.0,0.6,0.51,10099764.705882354,16832941.17647059
10.0,0.7,0.51,10099764.705882354,14428235.294117646
10.0,0.8,0.51,10099764.705882354,12624705.88235294
10.0,0.9,0.51,10099764.705882354,11221960.784313725
10.0,1.0,0.51,10099764.705882354,10099764.705882354
