attacker_share,online_fraction,long_run_share,long_run_share_optimistic_bound,thresholds_eventually_crossed
0.05,0.5,0.09523809523809523,0.05,none
0.05,0.6,0.08064516129032258,0.05,none
0.05,0.7,0.06993006993006994,0.05,none
0.05,0.8,0.06172839506172839,0.05,none
0.05,0.9,0.055248618784530384,0.05,none
0.05,1.0,0.05,0.05,none
0.1,0.5,0.18181818181818182,0.1,none
0.1,0.6,0.15625,0.1,none
0.1,0.7,0.136986301369863,0.1,none
0.1,0.8,0.12195121951219512,0.1,none
0.1,0.9,0.10989010989010989,0.1,none
0.1,1.0,0.1,0.1,none
0.2,0.5,0.3333333333333333,0.2,33%
0.2,0.6,0.29411764705882354,0.2,none
0.2,0.7,0.2631578947368421,0.2,none
0.2,0.8,0.23809523809523808,0.2,none
0.2,0.9,0.21739130434782608,0.2,none
0.2,1.0,0.2,0.2,none
0.25,0.5,0.4,0.25,33%
0.25,0.6,0.35714285714285715,0.25,33%
0.25,0.7,0.3225806451612903,0.25,none
0.25,0.8,0.29411764705882354,0.25,none
0.25,0.9,0.2702702702702703,0.25,none
0.25,1.0,0.25,0.25,none
0.3,0.5,0.46153846153846156,0.3,33%
0.3,0.6,0.4166666666666667,0.3,33%
0.3,0.7,0.379746835443038,0.3,33%
0.3,0.8,0.3488372093023256,0.3,33%
0.3,0.9,0.3225806451612903,0.3,none
0.3,1.0,0.3,0.3,none
0.34,0.5,0.5074626865671642,0.34,33%
0.34,0.6,0.46195652173913043,0.34,33%
0.34,0.7,0.4239401496259352,0.34,33%
0.34,0.8,0.391705069124424,0.34,33%
0.34,0.9,0.3640256959314775,0.34,33%
0.34,1.0,0.34,0.34,33%
0.4,0.5,0.5714285714285714,0.4,33%; 51%
0.4,0.6,0.5263157894736842,0.4,33%; 51%
0.4,0.7,0.4878048780487805,0.4,33%
0.4,0.8,0.45454545454545453,0.4,33%
0.4,0.9,0.425531914893617,0.4,33%
0.4,1.0,0.4,0.4,33%
0.52,0.5,0.6842105263157895,0.52,33%; 51%; 67%
0.52,0.6,0.6435643564356436,0.52,33%; 51%
0.52,0.7,0.6074766355140186,0.52,33%; 51%
0.52,0.8,0.5752212389380531,0.52,33%; 51%
0.52,0.9,0.5462184873949579,0.52,33%; 51%
0.52,1.0,0.52,0.52,33%; 51%
0.55,0.5,0.7096774193548387,0.55,33%; 51%; 67%
0.55,0.6,0.6707317073170732,0.55,33%; 51%; 67%
0.55,0.7,0.6358381502890174,0.55,33%; 51%
0.55,0.8,0.6043956043956044,0.55,33%; 51%
0.55,0.9,0.5759162303664922,0.55,33%; 51%
0.55,1.0,0.55,0.55,33%; 51%
0.6,0.5,0.75,0.6,33%; 51%; 67%
0.6,0.6,0.7142857142857143,0.6,33%; 51%; 67%
0.6,0.7,0.6818181818181818,0.6,33%; 51%; 67%
0.6,0.8,0.6521739130434783,0.6,33%; 51%
0.6,0.9,0.625,0.6,33%; 51%
0.6,1.0,0.6,0.6,33%; 51%
0.75,0.5,0.8571428571428571,0.75,33%; 51%; 67%
0.75,0.6,0.8333333333333334,0.75,33%; 51%; 67%
0.75,0.7,0.8108108108108109,0.75,33%; 51%; 67%
0.75,0.8,0.7894736842105263,0.75,33%; 51%; 67%
0.75,0.9,0.7692307692307693,0.75,33%; 51%; 67%
0.75,1.0,0.75,0.75,33%; 51%; 67%
1.0,0.5,1.0,1.0,33%; 51%; 67%
1.0,0.6,1.0,1.0,33%; 51%; 67%
1.0,0.7,1.0,1.0,33%; 51%; 67%
1.0,0.8,1.0,1.0,33%; 51%; 67%
1.0,0.9,1.0,1.0,33%; 51%; 67%
1.0,1.0,1.0,1.0,33%; 51%; 67%
