layout,miner_kind,state,attacker_fraction,kwcs,expected_kwcs,p_at_least_one_independence,p_at_least_one_lower_bound
40-node,registered,(i) block,0.05,10000,1.02867e1,0.999966095367446,0.5472797234360374
40-node,registered,(i) block,0.05,100000,1.02956e2,1.0,0.9996382213286815
40-node,registered,(i) block,0.05,1000000,1.02965e3,1.0,1.0
40-node,registered,(ii) sign without honest members,0.05,10000,3.36264e-24,3.362639232251838e-24,2.589232208833915e-25
40-node,registered,(ii) sign without honest members,0.05,100000,3.57768e-23,3.5776776644774165e-23,2.7523074272824766e-24
40-node,registered,(ii) sign without honest members,0.05,1000000,3.59988e-22,3.59987948039564e-22,2.769171291499542e-23
40-node,registered,(iii) all seats,0.05,10000,7.83897e-49,7.838971061536734e-49,6.036007717383285e-50
40-node,registered,(iii) all seats,0.05,100000,8.96112e-48,8.961117024880202e-48,6.89378732724034e-49
40-node,registered,(iii) all seats,0.05,1000000,9.08148e-47,9.081477916892919e-47,6.985836072790709e-48
40-node,unregistered,(i) block,0.05,10000,4.04595e-5,0.000040458666624267815,3.1153754997688103e-6
40-node,unregistered,(i) block,0.05,100000,4.09758e-4,0.00040967407315866674,0.00003152218706764093
40-node,unregistered,(i) block,0.05,1000000,4.10277e-3,0.004094368763531366,0.0003155519625591946
40-node,unregistered,(ii) sign without honest members,0.05,10000,4.42717e-22,4.427173699366309e-22,3.408923748512058e-23
40-node,unregistered,(ii) sign without honest members,0.05,100000,4.68751e-21,4.687506638640704e-21,3.6060988571062936e-22
40-node,unregistered,(ii) sign without honest members,0.05,1000000,4.71432e-20,4.7143156107752495e-20,3.626440140432753e-21
40-node,unregistered,(iii) all seats,0.05,10000,7.83897e-49,7.838971061536734e-49,6.036007717383285e-50
40-node,unregistered,(iii) all seats,0.05,100000,8.96112e-48,8.961117024880202e-48,6.89378732724034e-49
40-node,unregistered,(iii) all seats,0.05,1000000,9.08148e-47,9.081477916892919e-47,6.985836072790709e-48
40-node,registered,(i) block,0.1,10000,1.32380e2,1.0,0.9999650400538289
40-node,registered,(i) block,0.1,100000,1.32432e3,1.0,1.0
40-node,registered,(i) block,0.1,1000000,1.32437e4,1.0,1.0
40-node,registered,(ii) sign without honest members,0.1,10000,5.13334e-16,5.133336259067349e-16,3.95266891948186e-17
40-node,registered,(ii) sign without honest members,0.1,100000,5.27862e-15,5.278615740289041e-15,4.060839089004369e-16
40-node,registered,(ii) sign without honest members,0.1,1000000,5.29335e-14,5.293352023299042e-14,4.0718581104026545e-15
40-node,registered,(iii) all seats,0.1,10000,9.32112e-37,9.321123949954156e-37,7.1772654414647e-38
40-node,registered,(iii) all seats,0.1,100000,9.93004e-36,9.930035728247166e-36,7.639176485740544e-37
40-node,registered,(iii) all seats,0.1,1000000,9.99298e-35,9.992982361839844e-35,7.687001752021683e-36
40-node,unregistered,(i) block,0.1,10000,1.83794e-1,0.16789426955106715,0.014052601332888581
40-node,unregistered,(i) block,0.1,100000,1.84652e0,0.8422171990825827,0.13242559764482964
40-node,unregistered,(i) block,0.1,1000000,1.84738e1,0.9999999905187835,0.7585493987554264
40-node,unregistered,(ii) sign without honest members,0.1,10000,3.13396e-14,3.133963544045425e-14,2.4131519289150124e-15
40-node,unregistered,(ii) sign without honest members,0.1,100000,3.21492e-13,3.2149205748829534e-13,2.473238398257823e-14
40-node,unregistered,(ii) sign without honest members,0.1,1000000,3.22312e-12,3.2231217819352607e-12,2.479354199539568e-13
40-node,unregistered,(iii) all seats,0.1,10000,9.32112e-37,9.321123949954156e-37,7.1772654414647e-38
40-node,unregistered,(iii) all seats,0.1,100000,9.93004e-36,9.930035728247166e-36,7.639176485740544e-37
40-node,unregistered,(iii) all seats,0.1,1000000,9.99298e-35,9.992982361839844e-35,7.687001752021683e-36
40-node,registered,(i) block,0.15,10000,5.91268e2,1.0,1.0
40-node,registered,(i) block,0.15,100000,5.91430e3,1.0,1.0
40-node,registered,(i) block,0.15,1000000,5.91447e4,1.0,1.0
40-node,registered,(ii) sign without honest members,0.15,10000,2.35165e-11,2.3516454312118624e-11,1.8107669820527859e-12
40-node,registered,(ii) sign without honest members,0.15,100000,2.39100e-10,2.391002199560687e-10,1.83939799232502e-11
40-node,registered,(ii) sign without honest members,0.15,1000000,2.39497e-9,2.394970837312739e-9,1.8423073689308827e-10
40-node,registered,(iii) all seats,0.15,10000,1.05788e-29,1.0578769220913834e-29,8.145652300103652e-31
40-node,registered,(iii) all seats,0.15,100000,1.10086e-28,1.1008561850956217e-28,8.468886631940619e-30
40-node,registered,(iii) all seats,0.15,1000000,1.10524e-27,1.1052446010683523e-27,8.501983569258193e-29
40-node,unregistered,(i) block,0.15,10000,1.40018e1,0.9999991780432959,0.6600278290357933
40-node,unregistered,(i) block,0.15,100000,1.40315e2,1.0,0.9999796412876545
40-node,unregistered,(i) block,0.15,1000000,1.40345e3,1.0,1.0
40-node,unregistered,(ii) sign without honest members,0.15,10000,8.84726e-10,8.847257934414557e-10,6.812388612280714e-11
40-node,unregistered,(ii) sign without honest members,0.15,100000,8.98105e-9,8.981053103092072e-9,6.909124180847536e-10
40-node,unregistered,(ii) sign without honest members,0.15,1000000,8.99453e-8,8.994532766374993e-8,6.91895467243416e-9
40-node,unregistered,(iii) all seats,0.15,10000,1.05788e-29,1.0578769220913834e-29,8.145652300103652e-31
40-node,unregistered,(iii) all seats,0.15,100000,1.10086e-28,1.1008561850956217e-28,8.468886631940619e-30
40-node,unregistered,(iii) all seats,0.15,1000000,1.10524e-27,1.1052446010683523e-27,8.501983569258193e-29
40-node,registered,(i) block,0.2,10000,1.74547e3,1.0,1.0
40-node,registered,(i) block,0.2,100000,1.74574e4,1.0,1.0
40-node,registered,(i) block,0.2,1000000,1.74577e5,1.0,1.0
40-node,registered,(ii) sign without honest members,0.2,10000,3.82331e-8,3.823311152846789e-8,2.943949639636786e-9
40-node,registered,(ii) sign without honest members,0.2,100000,3.86550e-7,3.865500524617408e-7,2.9737300841206234e-8
40-node,registered,(ii) sign without honest members,0.2,1000000,3.86974e-6,3.869735653122598e-6,2.976760770395919e-7
40-node,registered,(iii) all seats,0.2,10000,1.06571e-24,1.0657102020453033e-24,8.205968555748836e-26
40-node,registered,(iii) all seats,0.2,100000,1.09609e-23,1.096086227288134e-23,8.432191346527614e-25
40-node,registered,(iii) all seats,0.2,1000000,1.09917e-22,1.0991686309487402e-22,8.455244776710089e-24
40-node,unregistered,(i) block,0.2,10000,1.93865e2,1.0,0.9999997159641894
40-node,unregistered,(i) block,0.2,100000,1.94053e3,1.0,1.0
40-node,unregistered,(i) block,0.2,1000000,1.94072e4,1.0,1.0
40-node,unregistered,(ii) sign without honest members,0.2,10000,9.91822e-7,9.918217806309993e-7,7.63703120652517e-8
40-node,unregistered,(ii) sign without honest members,0.2,100000,1.00159e-5,0.00001001582415127814,7.705209138153522e-7
40-node,unregistered,(ii) sign without honest members,0.2,1000000,1.00257e-4,0.00010025183568877255,7.712129055400601e-6
40-node,unregistered,(iii) all seats,0.2,10000,1.06571e-24,1.0657102020453033e-24,8.205968555748836e-26
40-node,unregistered,(iii) all seats,0.2,100000,1.09609e-23,1.096086227288134e-23,8.432191346527614e-25
40-node,unregistered,(iii) all seats,0.2,1000000,1.09917e-22,1.0991686309487402e-22,8.455244776710089e-24
40-node,registered,(i) block,0.25,10000,3.76641e3,1.0,1.0
40-node,registered,(i) block,0.25,100000,3.76655e4,1.0,1.0
40-node,registered,(i) block,0.25,1000000,3.76657e5,1.0,1.0
40-node,registered,(ii) sign without honest members,0.25,10000,9.79682e-6,9.796773417858177e-6,7.543549637789864e-7
40-node,registered,(ii) sign without honest members,0.25,100000,9.87185e-5,0.00009871367284813385,7.5943888572889935e-6
40-node,registered,(ii) sign without honest members,0.25,1000000,9.87939e-4,0.0009874506833899633,0.00007599329615218661
40-node,registered,(iii) all seats,0.25,10000,8.08037e-21,8.080368373446441e-21,6.22188364755376e-22
40-node,registered,(iii) all seats,0.25,100000,8.25247e-20,8.252471456694593e-20,6.3486262916351506e-21
40-node,registered,(iii) all seats,0.25,1000000,8.26987e-19,8.269870736604906e-19,6.361515365425958e-20
40-node,unregistered,(i) block,0.25,10000,1.03187e3,1.0,1.0
40-node,unregistered,(i) block,0.25,100000,1.03227e4,1.0,1.0
40-node,unregistered,(i) block,0.25,1000000,1.03231e5,1.0,1.0
40-node,unregistered,(ii) sign without honest members,0.25,10000,1.85716e-4,0.00018569826767397937,0.000014299992157510295
40-node,unregistered,(ii) sign without honest members,0.25,100000,1.86964e-3,0.001867897421952504,0.00014382137869459264
40-node,unregistered,(ii) sign without honest members,0.25,1000000,1.87090e-2,0.018535043173550723,0.001438133670354738
40-node,unregistered,(iii) all seats,0.25,10000,8.08037e-21,8.080368373446441e-21,6.22188364755376e-22
40-node,unregistered,(iii) all seats,0.25,100000,8.25247e-20,8.252471456694593e-20,6.3486262916351506e-21
40-node,unregistered,(iii) all seats,0.25,1000000,8.26987e-19,8.269870736604906e-19,6.361515365425958e-20
40-node,registered,(i) block,0.3,10000,6.17523e3,1.0,1.0
40-node,registered,(i) block,0.3,100000,6.17506e4,1.0,1.0
40-node,registered,(i) block,0.3,1000000,6.17504e5,1.0,1.0
40-node,registered,(ii) sign without honest members,0.3,10000,7.66239e-4,0.0007659454983907283,0.00005899866131829134
40-node,registered,(ii) sign without honest members,0.3,100000,7.70409e-3,0.007674494462828693,0.0005925004258771994
40-node,registered,(ii) sign without honest members,0.3,1000000,7.70828e-2,0.07418676907377504,0.005911969289870035
40-node,registered,(iii) all seats,0.3,10000,1.19383e-17,1.1938273283762586e-17,9.19247042849719e-19
40-node,registered,(iii) all seats,0.3,100000,1.21356e-16,1.2135557370978458e-16,9.335884285493727e-18
40-node,registered,(iii) all seats,0.3,1000000,1.21555e-15,1.2155452952663966e-15,9.350460629307236e-17
40-node,unregistered,(i) block,0.3,10000,2.96719e3,1.0,1.0
40-node,unregistered,(i) block,0.3,100000,2.96748e4,1.0,1.0
40-node,unregistered,(i) block,0.3,1000000,2.96751e5,1.0,1.0
40-node,unregistered,(ii) sign without honest members,0.3,10000,1.09733e-2,0.010913311240659626,0.0008445871013090691
40-node,unregistered,(ii) sign without honest members,0.3,100000,1.10247e-1,0.10438682806133015,0.0084454130579958
40-node,unregistered,(ii) sign without honest members,0.3,1000000,1.10298e0,0.6681199428608559,0.08134603367657922
40-node,unregistered,(iii) all seats,0.3,10000,1.19383e-17,1.1938273283762586e-17,9.19247042849719e-19
40-node,unregistered,(iii) all seats,0.3,100000,1.21356e-16,1.2135557370978458e-16,9.335884285493727e-18
40-node,unregistered,(iii) all seats,0.3,1000000,1.21555e-15,1.2155452952663966e-15,9.350460629307236e-17
40-node,registered,(i) block,0.33,10000,7.45907e3,1.0,1.0
40-node,registered,(i) block,0.33,100000,7.45875e4,1.0,1.0
40-node,registered,(i) block,0.33,1000000,7.45872e5,1.0,1.0
40-node,registered,(ii) sign without honest members,0.33,10000,6.90530e-3,0.006881518303051315,0.000531567163814527
40-node,registered,(ii) sign without honest members,0.33,100000,6.93604e-2,0.06700966695264779,0.005321687978069129
40-node,registered,(ii) sign without honest members,0.33,1000000,6.93912e-1,0.500382460349359,0.05197889753715555
40-node,registered,(iii) all seats,0.33,10000,5.41597e-16,5.415970594749336e-16,4.170297357956989e-17
40-node,registered,(iii) all seats,0.33,100000,5.49376e-15,5.4937614059121876e-15,4.2263506495682564e-16
40-node,registered,(iii) all seats,0.33,1000000,5.50160e-14,5.501597554628554e-14,4.232048902922577e-15
40-node,unregistered,(i) block,0.33,10000,4.52347e3,1.0,1.0
40-node,unregistered,(i) block,0.33,100000,4.52350e4,1.0,1.0
40-node,unregistered,(i) block,0.33,1000000,4.52351e5,1.0,1.0
40-node,unregistered,(ii) sign without honest members,0.33,10000,8.44116e-2,0.08094742558091234,0.0064786426575090626
40-node,unregistered,(ii) sign without honest members,0.33,100000,8.47299e-1,0.5714303866882546,0.06310395766377792
40-node,unregistered,(ii) sign without honest members,0.33,1000000,8.47617e0,0.9997916328113778,0.47900971196034786
40-node,unregistered,(iii) all seats,0.33,10000,5.41597e-16,5.415970594749336e-16,4.170297357956989e-17
40-node,unregistered,(iii) all seats,0.33,100000,5.49376e-15,5.4937614059121876e-15,4.2263506495682564e-16
40-node,unregistered,(iii) all seats,0.33,1000000,5.50160e-14,5.501597554628554e-14,4.232048902922577e-15
40-node,registered,(i) block,0.4,10000,9.32642e3,1.0,1.0
40-node,registered,(i) block,0.4,100000,9.32612e4,1.0,1.0
40-node,registered,(i) block,0.4,1000000,9.32609e5,1.0,1.0
40-node,registered,(ii) sign without honest members,0.4,10000,4.67542e-1,0.37346648772018187,0.03536123271186872
40-node,registered,(ii) sign without honest members,0.4,100000,4.68833e0,0.9907989500797967,0.3027989858251633
40-node,registered,(ii) sign without honest members,0.4,1000000,4.68962e1,1.0,0.9728811929311002
40-node,registered,(iii) all seats,0.4,10000,1.19486e-12,1.1948573647529804e-12,9.200401708603023e-14
40-node,registered,(iii) all seats,0.4,100000,1.20751e-11,1.2075121384154368e-11,9.289390880881726e-13
40-node,registered,(iii) all seats,0.4,1000000,1.20878e-10,1.2087843828430967e-10,9.298452987100997e-12
40-node,unregistered,(i) block,0.4,10000,7.88888e3,1.0,1.0
40-node,unregistered,(i) block,0.4,100000,7.88845e4,1.0,1.0
40-node,unregistered,(i) block,0.4,1000000,7.88840e5,1.0,1.0
40-node,unregistered,(ii) sign without honest members,0.4,10000,4.01394e0,0.981952528580415,0.2659188708152646
40-node,unregistered,(ii) sign without honest members,0.4,100000,4.02288e1,1.0,0.9547441749956825
40-node,unregistered,(ii) sign without honest members,0.4,1000000,4.02377e2,1.0,0.9999999999999641
40-node,unregistered,(iii) all seats,0.4,10000,1.19486e-12,1.1948573647529804e-12,9.200401708603023e-14
40-node,unregistered,(iii) all seats,0.4,100000,1.20751e-11,1.2075121384154368e-11,9.289390880881726e-13
40-node,unregistered,(iii) all seats,0.4,1000000,1.20878e-10,1.2087843828430967e-10,9.298452987100997e-12
30-node,registered,(i) block,0.05,10000,1.06132e1,0.9999755478877528,0.7807243481090917
30-node,registered,(i) block,0.05,100000,1.06230e2,1.0,0.9999997455297036
30-node,registered,(i) block,0.05,1000000,1.06240e3,1.0,1.0
30-node,registered,(ii) sign without honest members,0.05,10000,1.40158e-17,1.4015789478380734e-17,2.002856316460607e-18
30-node,registered,(ii) sign without honest members,0.05,100000,1.45068e-16,1.4506830024700676e-16,2.0724457373287386e-17
30-node,registered,(ii) sign without honest members,0.05,1000000,1.45568e-15,1.4556796397942713e-15,2.0795548198173013e-16
30-node,registered,(iii) all seats,0.05,10000,8.57297e-36,8.572970893564904e-36,1.2250775406904247e-36
30-node,registered,(iii) all seats,0.05,100000,9.23655e-35,9.23655338618518e-35,1.3195340167504148e-35
30-node,registered,(iii) all seats,0.05,1000000,9.30553e-34,9.305531386317855e-34,1.3293696027865963e-34
30-node,unregistered,(i) block,0.05,10000,1.08750e-3,0.001086912840430346,0.00015539224105301616
30-node,unregistered,(i) block,0.05,100000,1.09599e-2,0.010900073215333064,0.0015645082299965984
30-node,unregistered,(i) block,0.05,1000000,1.09684e-1,0.10388301260803205,0.015547156424773768
30-node,unregistered,(ii) sign without honest members,0.05,10000,1.70023e-15,1.7002289768871578e-15,2.42962720797175e-16
30-node,unregistered,(ii) sign without honest members,0.05,100000,1.75350e-14,1.7534979935724492e-14,2.50504723361762e-15
30-node,unregistered,(ii) sign without honest members,0.05,1000000,1.75891e-13,1.7589081420563005e-13,2.512740993578979e-14
30-node,unregistered,(iii) all seats,0.05,10000,8.57297e-36,8.572970893564904e-36,1.2250775406904247e-36
30-node,unregistered,(iii) all seats,0.05,100000,9.23655e-35,9.23655338618518e-35,1.3195340167504148e-35
30-node,unregistered,(iii) all seats,0.05,1000000,9.30553e-34,9.305531386317855e-34,1.3293696027865963e-34
30-node,registered,(i) block,0.1,10000,1.51433e2,1.0,0.9999999996611163
30-node,registered,(i) block,0.1,100000,1.51500e3,1.0,1.0
30-node,registered,(i) block,0.1,1000000,1.51507e4,1.0,1.0
30-node,registered,(ii) sign without honest members,0.1,10000,1.93182e-11,1.9318171827231033e-11,2.760566754134169e-12
30-node,registered,(ii) sign without honest members,0.1,100000,1.96203e-10,1.9620283266513465e-10,2.8029536676898047e-11
30-node,registered,(ii) sign without honest members,0.1,1000000,1.96507e-9,1.965072859075672e-9,2.8072637873825263e-10
30-node,registered,(iii) all seats,0.1,10000,9.61566e-27,9.615656761346877e-27,1.3740773511964686e-27
30-node,registered,(iii) all seats,0.1,100000,9.96092e-26,9.960922317407329e-26,1.423017362264811e-26
30-node,registered,(iii) all seats,0.1,1000000,9.99609e-25,9.996085723929945e-25,1.4280208143491843e-25
30-node,unregistered,(i) block,0.1,10000,8.87900e-1,0.588497308726818,0.11916643403949641
30-node,unregistered,(i) block,0.1,100000,8.90491e0,0.9998643323726859,0.7197887585817335
30-node,unregistered,(i) block,0.1,1000000,8.90750e1,1.0,0.999997026116893
30-node,unregistered,(ii) sign without honest members,0.1,10000,1.08890e-9,1.0889023665764494e-9,1.5560414825638714e-10
30-node,unregistered,(ii) sign without honest members,0.1,100000,1.10397e-8,1.1039683362495024e-8,1.5771291726278746e-9
30-node,unregistered,(ii) sign without honest members,0.1,1000000,1.10549e-7,1.1054851183584821e-7,1.5792740052072265e-8
30-node,unregistered,(iii) all seats,0.1,10000,9.61566e-27,9.615656761346877e-27,1.3740773511964686e-27
30-node,unregistered,(iii) all seats,0.1,100000,9.96092e-26,9.960922317407329e-26,1.423017362264811e-26
30-node,unregistered,(iii) all seats,0.1,1000000,9.99609e-25,9.996085723929945e-25,1.4280208143491843e-25
30-node,registered,(i) block,0.15,10000,7.07900e2,1.0,1.0
30-node,registered,(i) block,0.15,100000,7.08069e3,1.0,1.0
30-node,registered,(i) block,0.15,1000000,7.08086e4,1.0,1.0
30-node,registered,(ii) sign without honest members,0.15,10000,6.10891e-8,6.108912016456432e-8,8.729635500055854e-9
30-node,registered,(ii) sign without honest members,0.15,100000,6.16561e-7,6.165604720743621e-7,8.8081852315235e-8
30-node,registered,(ii) sign without honest members,0.15,1000000,6.17130e-6,6.171282590173488e-6,8.816194200056609e-7
30-node,registered,(iii) all seats,0.15,10000,1.87079e-21,1.870786959439715e-21,2.6733545650393527e-22
30-node,registered,(iii) all seats,0.15,100000,1.91279e-20,1.9127893940516614e-20,2.7326109283422035e-21
30-node,registered,(iii) all seats,0.15,1000000,1.91704e-19,1.9170379806566378e-19,2.7386421184064595e-20
30-node,unregistered,(i) block,0.15,10000,2.93790e1,0.9999999999998332,0.9850708801586667
30-node,unregistered,(i) block,0.15,100000,2.94192e2,1.0,1.0
30-node,unregistered,(i) block,0.15,1000000,2.94232e3,1.0,1.0
30-node,unregistered,(ii) sign without honest members,0.15,10000,2.12578e-6,2.125774941940987e-6,3.0377351594141075e-7
30-node,unregistered,(ii) sign without honest members,0.15,100000,2.14299e-5,0.000021429692773329992,3.0614740266680378e-6
30-node,unregistered,(ii) sign without honest members,0.15,1000000,2.14472e-4,0.0002144490444298964,0.00003063857759296487
30-node,unregistered,(iii) all seats,0.15,10000,1.87079e-21,1.870786959439715e-21,2.6733545650393527e-22
30-node,unregistered,(iii) all seats,0.15,100000,1.91279e-20,1.9127893940516614e-20,2.7326109283422035e-21
30-node,unregistered,(iii) all seats,0.15,1000000,1.91704e-19,1.9170379806566378e-19,2.7386421184064595e-20
30-node,registered,(i) block,0.2,10000,1.97065e3,1.0,1.0
30-node,registered,(i) block,0.2,100000,1.97085e4,1.0,1.0
30-node,registered,(i) block,0.2,1000000,1.97087e5,1.0,1.0
30-node,registered,(ii) sign without honest members,0.2,10000,1.58395e-5,0.000015839334519761797,2.2634562671410618e-6
30-node,registered,(ii) sign without honest members,0.2,100000,1.59366e-4,0.00015935363455058744,0.00002276681512022785
30-node,registered,(ii) sign without honest members,0.2,1000000,1.59464e-3,0.0015933671197914123,0.00022778083215543586
30-node,registered,(iii) all seats,0.2,10000,1.05521e-17,1.0552094795401594e-17,1.5078943462628878e-18
30-node,registered,(iii) all seats,0.2,100000,1.07188e-16,1.0718750276671932e-16,1.5312806645253524e-17
30-node,registered,(iii) all seats,0.2,1000000,1.07356e-15,1.0735550080738645e-15,1.533659213434162e-16
30-node,unregistered,(i) block,0.2,10000,2.55976e2,1.0,0.9999999999999999
30-node,unregistered,(i) block,0.2,100000,2.56144e3,1.0,1.0
30-node,unregistered,(i) block,0.2,1000000,2.56161e4,1.0,1.0
30-node,unregistered,(ii) sign without honest members,0.2,10000,3.80825e-4,0.00038075271882443367,0.000054418443707454384
30-node,unregistered,(ii) sign without honest members,0.2,100000,3.82829e-3,0.003820973168719693,0.0005467602294305504
30-node,unregistered,(ii) sign without honest members,0.2,1000000,3.83030e-2,0.03757872230715896,0.005456947245026068
30-node,unregistered,(iii) all seats,0.2,10000,1.05521e-17,1.0552094795401594e-17,1.5078943462628878e-18
30-node,unregistered,(iii) all seats,0.2,100000,1.07188e-16,1.0718750276671932e-16,1.5312806645253524e-17
30-node,unregistered,(iii) all seats,0.2,1000000,1.07356e-15,1.0735550080738645e-15,1.533659213434162e-16
30-node,registered,(i) block,0.25,10000,3.90323e3,1.0,1.0
30-node,registered,(i) block,0.25,100000,3.90331e4,1.0,1.0
30-node,registered,(i) block,0.25,1000000,3.90331e5,1.0,1.0
30-node,registered,(ii) sign without honest members,0.25,10000,1.02971e-3,0.0010291805458277508,0.0001471348073173382
30-node,registered,(ii) sign without honest members,0.25,100000,1.03411e-2,0.010287775007462923,0.001476233116703837
30-node,registered,(ii) sign without honest members,0.25,1000000,1.03455e-1,0.0982830759902657,0.014670644773402835
30-node,registered,(iii) all seats,0.25,10000,8.56111e-15,8.56110707569251e-15,1.223382201116464e-15
30-node,registered,(iii) all seats,0.25,100000,8.66231e-14,8.662305135855206e-14,1.2374969117083206e-14
30-node,registered,(iii) all seats,0.25,1000000,8.67249e-13,8.672485541101406e-13,1.2389339394311252e-13
30-node,unregistered,(i) block,0.25,10000,1.05695e3,1.0,1.0
30-node,unregistered,(i) block,0.25,100000,1.05725e4,1.0,1.0
30-node,unregistered,(i) block,0.25,1000000,1.05728e5,1.0,1.0
30-node,unregistered,(ii) sign without honest members,0.25,10000,1.81342e-2,0.017970804786860257,0.0025880282629650903
30-node,unregistered,(ii) sign without honest members,0.25,100000,1.81992e-1,0.16639214843527692,0.025664329827605043
30-node,unregistered,(ii) sign without honest members,0.25,1000000,1.82057e0,0.8380670140180604,0.22901269734202157
30-node,unregistered,(iii) all seats,0.25,10000,8.56111e-15,8.56110707569251e-15,1.223382201116464e-15
30-node,unregistered,(iii) all seats,0.25,100000,8.66231e-14,8.662305135855206e-14,1.2374969117083206e-14
30-node,unregistered,(iii) all seats,0.25,1000000,8.67249e-13,8.672485541101406e-13,1.2389339394311252e-13
30-node,registered,(i) block,0.3,10000,6.05046e3,1.0,1.0
30-node,registered,(i) block,0.3,100000,6.05032e4,1.0,1.0
30-node,registered,(i) block,0.3,1000000,6.05030e5,1.0,1.0
30-node,registered,(ii) sign without honest members,0.3,10000,2.75571e-2,0.027180938259994382,0.00393017661733813
30-node,registered,(ii) sign without honest members,0.3,100000,2.76410e-1,0.24149822386421083,0.038718464937785683
30-node,registered,(ii) sign without honest members,0.3,1000000,2.76494e0,0.9370201784149608,0.3263158691758531
30-node,registered,(iii) all seats,0.3,10000,2.03811e-12,2.038110250676741e-12,2.9124595482196066e-13
30-node,registered,(iii) all seats,0.3,100000,2.05682e-11,2.0568224971839776e-11,2.938376619502932e-12
30-node,registered,(iii) all seats,0.3,1000000,2.05870e-10,2.058702350950453e-10,2.941021004780284e-11
30-node,unregistered,(i) block,0.3,10000,2.69603e3,1.0,1.0
30-node,unregistered,(i) block,0.3,100000,2.69627e4,1.0,1.0
30-node,unregistered,(i) block,0.3,1000000,2.69629e5,1.0,1.0
30-node,unregistered,(ii) sign without honest members,0.3,10000,3.67686e-1,0.30767003152695105,0.051186737929277935
30-node,unregistered,(ii) sign without honest members,0.3,100000,3.68599e0,0.9749294170588098,0.40938478493875513
30-node,unregistered,(ii) sign without honest members,0.3,1000000,3.68691e1,0.9999999999999999,0.9948416470902515
30-node,unregistered,(iii) all seats,0.3,10000,2.03811e-12,2.038110250676741e-12,2.9124595482196066e-13
30-node,unregistered,(iii) all seats,0.3,100000,2.05682e-11,2.0568224971839776e-11,2.938376619502932e-12
30-node,unregistered,(iii) all seats,0.3,1000000,2.05870e-10,2.058702350950453e-10,2.941021004780284e-11
30-node,registered,(i) block,0.33,10000,7.20320e3,1.0,1.0
30-node,registered,(i) block,0.33,100000,7.20296e4,1.0,1.0
30-node,registered,(i) block,0.33,1000000,7.20294e5,1.0,1.0
30-node,registered,(ii) sign without honest members,0.33,10000,1.45030e-1,0.135004844379427,0.020511696662091343
30-node,registered,(ii) sign without honest members,0.33,100000,1.45392e0,0.7663498231162287,0.18755615085712435
30-node,registered,(ii) sign without honest members,0.33,1000000,1.45428e1,0.9999995168423331,0.8747661971492046
30-node,registered,(iii) all seats,0.33,10000,3.56107e-11,3.561074549989727e-11,5.088775532012979e-12
30-node,registered,(iii) all seats,0.33,100000,3.58951e-10,3.589505474806305e-10,5.12796752209715e-11
30-node,registered,(iii) all seats,0.33,1000000,3.59236e-9,3.5923598951001987e-9,5.131973506843332e-10
30-node,unregistered,(i) block,0.33,10000,3.99971e3,1.0,1.0
30-node,unregistered,(i) block,0.33,100000,3.99980e4,1.0,1.0
30-node,unregistered,(i) block,0.33,1000000,3.99981e5,1.0,1.0
30-node,unregistered,(ii) sign without honest members,0.33,10000,1.65514e0,0.8089609949511523,0.21064504299446277
30-node,unregistered,(ii) sign without honest members,0.33,100000,1.65844e1,0.999999937355759,0.9064675218179032
30-node,unregistered,(ii) sign without honest members,0.33,1000000,1.65877e2,1.0,0.9999999999489826
30-node,unregistered,(iii) all seats,0.33,10000,3.56107e-11,3.561074549989727e-11,5.088775532012979e-12
30-node,unregistered,(iii) all seats,0.33,100000,3.58951e-10,3.589505474806305e-10,5.12796752209715e-11
30-node,unregistered,(iii) all seats,0.33,1000000,3.59236e-9,3.5923598951001987e-9,5.131973506843332e-10
30-node,registered,(i) block,0.4,10000,9.04454e3,1.0,1.0
30-node,registered,(i) block,0.4,100000,9.04429e4,1.0,1.0
30-node,registered,(i) block,0.4,1000000,9.04426e5,1.0,1.0
30-node,registered,(ii) sign without honest members,0.4,10000,3.53472e0,0.9708512755248283,0.3966155211330585
30-node,registered,(ii) sign without honest members,0.4,100000,3.54022e1,0.9999999999999996,0.9936446493986052
30-node,registered,(ii) sign without honest members,0.4,1000000,3.54077e2,1.0,1.0
30-node,registered,(iii) all seats,0.4,10000,1.14542e-8,1.145420601795636e-8,1.6368060480005533e-9
30-node,registered,(iii) all seats,0.4,100000,1.15217e-7,1.1521693764542431e-7,1.6459892524790514e-8
30-node,registered,(iii) all seats,0.4,1000000,1.15285e-6,1.1528456141476902e-6,1.646933001169681e-7
30-node,unregistered,(i) block,0.4,10000,7.08559e3,1.0,1.0
30-node,unregistered,(i) block,0.4,100000,7.08531e4,1.0,1.0
30-node,unregistered,(i) block,0.4,1000000,7.08528e5,1.0,1.0
30-node,unregistered,(ii) sign without honest members,0.4,10000,2.85019e1,0.9999999999995981,0.9830711282777342
30-node,unregistered,(ii) sign without honest members,0.4,100000,2.85351e2,1.0,1.0
30-node,unregistered,(ii) sign without honest members,0.4,1000000,2.85385e3,1.0,1.0
30-node,unregistered,(iii) all seats,0.4,10000,1.14542e-8,1.145420601795636e-8,1.6368060480005533e-9
30-node,unregistered,(iii) all seats,0.4,100000,1.15217e-7,1.1521693764542431e-7,1.6459892524790514e-8
30-node,unregistered,(iii) all seats,0.4,1000000,1.15285e-6,1.1528456141476902e-6,1.646933001169681e-7
