layout,miner_kind,state,attacker_fraction,kwcs,binomial,hypergeometric,absolute_difference,relative_difference
40-node,registered,(i) block,0.05,10000,1.02966e-3,1.02867e-3,-9.918e-7,-0.0009632469340987681
40-node,registered,(i) block,0.05,100000,1.02966e-3,1.02956e-3,-9.920e-8,-0.00009634334415874906
40-node,registered,(i) block,0.05,1000000,1.02966e-3,1.02965e-3,-9.920e-9,-9.634520929272393e-6
40-node,registered,(ii) sign without honest members,0.05,10000,3.60235e-28,3.36264e-28,-2.397e-29,-0.06654401179105351
40-node,registered,(ii) sign without honest members,0.05,100000,3.60235e-28,3.57768e-28,-2.468e-30,-0.006850152773769176
40-node,registered,(ii) sign without honest members,0.05,1000000,3.60235e-28,3.59988e-28,-2.475e-31,-0.0006870122800743023
40-node,registered,(iii) all seats,0.05,10000,9.09495e-53,7.83897e-53,-1.256e-53,-0.13809601680407876
40-node,registered,(iii) all seats,0.05,100000,9.09495e-53,8.96112e-53,-1.338e-54,-0.014714763328274268
40-node,registered,(iii) all seats,0.05,1000000,9.09495e-53,9.08148e-53,-1.347e-55,-0.0014809432985267465
40-node,unregistered,(i) block,0.05,10000,4.10335e-9,4.04595e-9,-5.740e-11,-0.013989183359486384
40-node,unregistered,(i) block,0.05,100000,4.10335e-9,4.09758e-9,-5.771e-12,-0.0014063907468498886
40-node,unregistered,(i) block,0.05,1000000,4.10335e-9,4.10277e-9,-5.774e-13,-0.00014071403488823172
40-node,unregistered,(ii) sign without honest members,0.05,10000,4.71730e-26,4.42717e-26,-2.901e-27,-0.06150326543563788
40-node,unregistered,(ii) sign without honest members,0.05,100000,4.71730e-26,4.68751e-26,-2.980e-28,-0.006316451002869188
40-node,unregistered,(ii) sign without honest members,0.05,1000000,4.71730e-26,4.71432e-26,-2.988e-29,-0.0006333370087425019
40-node,unregistered,(iii) all seats,0.05,10000,9.09495e-53,7.83897e-53,-1.256e-53,-0.13809601680407876
40-node,unregistered,(iii) all seats,0.05,100000,9.09495e-53,8.96112e-53,-1.338e-54,-0.014714763328274268
40-node,unregistered,(iii) all seats,0.05,1000000,9.09495e-53,9.08148e-53,-1.347e-55,-0.0014809432985267465
40-node,registered,(i) block,0.1,10000,1.32437e-2,1.32380e-2,-5.769e-6,-0.00043563942530187914
40-node,registered,(i) block,0.1,100000,1.32437e-2,1.32432e-2,-5.770e-7,-0.000043569715069013505
40-node,registered,(i) block,0.1,1000000,1.32437e-2,1.32437e-2,-5.770e-8,-4.357029232887747e-6
40-node,registered,(ii) sign without honest members,0.1,10000,5.29499e-20,5.13334e-20,-1.617e-21,-0.030529884795358335
40-node,registered,(ii) sign without honest members,0.1,100000,5.29499e-20,5.27862e-20,-1.638e-22,-0.0030927350960581433
40-node,registered,(ii) sign without honest members,0.1,1000000,5.29499e-20,5.29335e-20,-1.640e-23,-0.00030967447689820643
40-node,registered,(iii) all seats,0.1,10000,1.00000e-40,9.32112e-41,-6.789e-42,-0.06788760500458438
40-node,registered,(iii) all seats,0.1,100000,1.00000e-40,9.93004e-41,-6.996e-43,-0.00699642717528352
40-node,registered,(iii) all seats,0.1,1000000,1.00000e-40,9.99298e-41,-7.018e-44,-0.0007017638160154186
40-node,unregistered,(i) block,0.1,10000,1.84747e-5,1.83794e-5,-9.533e-8,-0.005160016049700753
40-node,unregistered,(i) block,0.1,100000,1.84747e-5,1.84652e-5,-9.549e-9,-0.0005168931726947566
40-node,unregistered,(i) block,0.1,1000000,1.84747e-5,1.84738e-5,-9.551e-10,-0.00005169823990650378
40-node,unregistered,(ii) sign without honest members,0.1,10000,3.22403e-18,3.13396e-18,-9.007e-20,-0.0279372582861314
40-node,unregistered,(ii) sign without honest members,0.1,100000,3.22403e-18,3.21492e-18,-9.114e-21,-0.002826783243459776
40-node,unregistered,(ii) sign without honest members,0.1,1000000,3.22403e-18,3.22312e-18,-9.124e-22,-0.0002830115291004906
40-node,unregistered,(iii) all seats,0.1,10000,1.00000e-40,9.32112e-41,-6.789e-42,-0.06788760500458438
40-node,unregistered,(iii) all seats,0.1,100000,1.00000e-40,9.93004e-41,-6.996e-43,-0.00699642717528352
40-node,unregistered,(iii) all seats,0.1,1000000,1.00000e-40,9.99298e-41,-7.018e-44,-0.0007017638160154186
40-node,registered,(i) block,0.15,10000,5.91448e-2,5.91268e-2,-1.801e-5,-0.0003045683336606465
40-node,registered,(i) block,0.15,100000,5.91448e-2,5.91430e-2,-1.801e-6,-0.00003045753526405286
40-node,registered,(i) block,0.15,1000000,5.91448e-2,5.91447e-2,-1.801e-7,-3.0457605348070173e-6
40-node,registered,(ii) sign without honest members,0.15,10000,2.39541e-15,2.35165e-15,-4.377e-17,-0.01827106889401751
40-node,registered,(ii) sign without honest members,0.15,100000,2.39541e-15,2.39100e-15,-4.410e-18,-0.001841007685347901
40-node,registered,(ii) sign without honest members,0.15,1000000,2.39541e-15,2.39497e-15,-4.413e-19,-0.00018424047825426254
40-node,registered,(iii) all seats,0.15,10000,1.10573e-33,1.05788e-33,-4.786e-35,-0.04328015891499354
40-node,registered,(iii) all seats,0.15,100000,1.10573e-33,1.10086e-33,-4.877e-36,-0.004410690442163367
40-node,registered,(iii) all seats,0.15,1000000,1.10573e-33,1.10524e-33,-4.886e-37,-0.0004419067922228643
40-node,unregistered,(i) block,0.15,10000,1.40348e-3,1.40018e-3,-3.302e-6,-0.002352923631437184
40-node,unregistered,(i) block,0.15,100000,1.40348e-3,1.40315e-3,-3.304e-7,-0.00023543209760026803
40-node,unregistered,(i) block,0.15,1000000,1.40348e-3,1.40345e-3,-3.304e-8,-0.000023544607092651592
40-node,unregistered,(ii) sign without honest members,0.15,10000,8.99603e-14,8.84726e-14,-1.488e-15,-0.01653775187910784
40-node,unregistered,(ii) sign without honest members,0.15,100000,8.99603e-14,8.98105e-14,-1.498e-16,-0.0016650609158465979
40-node,unregistered,(ii) sign without honest members,0.15,1000000,8.99603e-14,8.99453e-14,-1.499e-17,-0.00016661945473865899
40-node,unregistered,(iii) all seats,0.15,10000,1.10573e-33,1.05788e-33,-4.786e-35,-0.04328015891499354
40-node,unregistered,(iii) all seats,0.15,100000,1.10573e-33,1.10086e-33,-4.877e-36,-0.004410690442163367
40-node,unregistered,(iii) all seats,0.15,1000000,1.10573e-33,1.10524e-33,-4.886e-37,-0.0004419067922228643
40-node,registered,(i) block,0.2,10000,1.74577e-1,1.74547e-1,-2.988e-5,-0.0001711376756513366
40-node,registered,(i) block,0.2,100000,1.74577e-1,1.74574e-1,-2.987e-6,-0.00001711123582689378
40-node,registered,(i) block,0.2,1000000,1.74577e-1,1.74577e-1,-2.987e-7,-1.711098268051369e-6
40-node,registered,(ii) sign without honest members,0.2,10000,3.87021e-12,3.82331e-12,-4.690e-14,-0.012119092676921435
40-node,registered,(ii) sign without honest members,0.2,100000,3.87021e-12,3.86550e-12,-4.713e-15,-0.0012178768854261574
40-node,registered,(ii) sign without honest members,0.2,1000000,3.87021e-12,3.86974e-12,-4.716e-16,-0.00012184755448869891
40-node,registered,(iii) all seats,0.2,10000,1.09951e-28,1.06571e-28,-3.380e-30,-0.030742217614439595
40-node,registered,(iii) all seats,0.2,100000,1.09951e-28,1.09609e-28,-3.425e-31,-0.0031153835951645754
40-node,registered,(iii) all seats,0.2,1000000,1.09951e-28,1.09917e-28,-3.430e-32,-0.0003119537971177322
40-node,unregistered,(i) block,0.2,10000,1.94074e-2,1.93865e-2,-2.091e-5,-0.0010775554744202405
40-node,unregistered,(i) block,0.2,100000,1.94074e-2,1.94053e-2,-2.091e-6,-0.00010776501206484098
40-node,unregistered,(i) block,0.2,1000000,1.94074e-2,1.94072e-2,-2.091e-7,-0.000010776595779352837
40-node,unregistered,(ii) sign without honest members,0.2,10000,1.00268e-10,9.91822e-11,-1.086e-12,-0.010826422826128689
40-node,unregistered,(ii) sign without honest members,0.2,100000,1.00268e-10,1.00159e-10,-1.090e-13,-0.001087342505093645
40-node,unregistered,(ii) sign without honest members,0.2,1000000,1.00268e-10,1.00257e-10,-1.091e-14,-0.00010878138226985186
40-node,unregistered,(iii) all seats,0.2,10000,1.09951e-28,1.06571e-28,-3.380e-30,-0.030742217614439595
40-node,unregistered,(iii) all seats,0.2,100000,1.09951e-28,1.09609e-28,-3.425e-31,-0.0031153835951645754
40-node,unregistered,(iii) all seats,0.2,1000000,1.09951e-28,1.09917e-28,-3.430e-32,-0.0003119537971177322
40-node,registered,(i) block,0.25,10000,3.76657e-1,3.76641e-1,-1.580e-5,-0.00004194442463980489
40-node,registered,(i) block,0.25,100000,3.76657e-1,3.76655e-1,-1.579e-6,-4.193187399977877e-6
40-node,registered,(i) block,0.25,1000000,3.76657e-1,3.76657e-1,-1.579e-7,-4.1930619313135016e-7
40-node,registered,(ii) sign without honest members,0.25,10000,9.88022e-10,9.79682e-10,-8.340e-12,-0.008441206591162083
40-node,registered,(ii) sign without honest members,0.25,100000,9.88022e-10,9.87185e-10,-8.368e-13,-0.0008469312125067984
40-node,registered,(ii) sign without honest members,0.25,1000000,9.88022e-10,9.87939e-10,-8.371e-14,-0.00008472128490063254
40-node,registered,(iii) all seats,0.25,10000,8.27181e-25,8.08037e-25,-1.914e-26,-0.023143404134313227
40-node,registered,(iii) all seats,0.25,100000,8.27181e-25,8.25247e-25,-1.933e-27,-0.0023374180369156766
40-node,registered,(iii) all seats,0.25,1000000,8.27181e-25,8.26987e-25,-1.935e-28,-0.0002339741642876966
40-node,unregistered,(i) block,0.25,10000,1.03232e-1,1.03187e-1,-4.441e-5,-0.00043020490549644383
40-node,unregistered,(i) block,0.25,100000,1.03232e-1,1.03227e-1,-4.440e-6,-0.00004301367200631086
40-node,unregistered,(i) block,0.25,1000000,1.03232e-1,1.03231e-1,-4.440e-7,-4.3012990241651855e-6
40-node,unregistered,(ii) sign without honest members,0.25,10000,1.87104e-8,1.85716e-8,-1.388e-10,-0.007418932313319497
40-node,unregistered,(ii) sign without honest members,0.25,100000,1.87104e-8,1.86964e-8,-1.392e-11,-0.0007440212204064652
40-node,unregistered,(ii) sign without honest members,0.25,1000000,1.87104e-8,1.87090e-8,-1.392e-12,-0.00007442343871100584
40-node,unregistered,(iii) all seats,0.25,10000,8.27181e-25,8.08037e-25,-1.914e-26,-0.023143404134313227
40-node,unregistered,(iii) all seats,0.25,100000,8.27181e-25,8.25247e-25,-1.933e-27,-0.0023374180369156766
40-node,unregistered,(iii) all seats,0.25,1000000,8.27181e-25,8.26987e-25,-1.935e-28,-0.0002339741642876966
40-node,registered,(i) block,0.3,10000,6.17504e-1,6.17523e-1,1.949e-5,0.00003156187386659955
40-node,registered,(i) block,0.3,100000,6.17504e-1,6.17506e-1,1.949e-6,3.1556921950294906e-6
40-node,registered,(i) block,0.3,1000000,6.17504e-1,6.17504e-1,1.949e-7,3.155642687252831e-7
40-node,registered,(ii) sign without honest members,0.3,10000,7.70874e-8,7.66239e-8,-4.635e-10,-0.006012751027057963
40-node,registered,(ii) sign without honest members,0.3,100000,7.70874e-8,7.70409e-8,-4.646e-11,-0.0006026465769610245
40-node,registered,(ii) sign without honest members,0.3,1000000,7.70874e-8,7.70828e-8,-4.647e-12,-0.0000602783907355057
40-node,registered,(iii) all seats,0.3,10000,1.21577e-21,1.19383e-21,-2.194e-23,-0.01804558416524834
40-node,registered,(iii) all seats,0.3,100000,1.21577e-21,1.21356e-21,-2.211e-24,-0.0018184484638867266
40-node,registered,(iii) all seats,0.3,1000000,1.21577e-21,1.21555e-21,-2.213e-25,-0.0001819844772341596
40-node,unregistered,(i) block,0.3,10000,2.96751e-1,2.96719e-1,-3.162e-5,-0.00010654251879621108
40-node,unregistered,(i) block,0.3,100000,2.96751e-1,2.96748e-1,-3.161e-6,-0.000010651368248036214
40-node,unregistered,(i) block,0.3,1000000,2.96751e-1,2.96751e-1,-3.161e-7,-1.0651079975019073e-6
40-node,unregistered,(ii) sign without honest members,0.3,10000,1.10304e-6,1.09733e-6,-5.709e-9,-0.00517572858881513
40-node,unregistered,(ii) sign without honest members,0.3,100000,1.10304e-6,1.10247e-6,-5.720e-10,-0.0005185571802206391
40-node,unregistered,(ii) sign without honest members,0.3,1000000,1.10304e-6,1.10298e-6,-5.721e-11,-0.00005186557157317321
40-node,unregistered,(iii) all seats,0.3,10000,1.21577e-21,1.19383e-21,-2.194e-23,-0.01804558416524834
40-node,unregistered,(iii) all seats,0.3,100000,1.21577e-21,1.21356e-21,-2.211e-24,-0.0018184484638867266
40-node,unregistered,(iii) all seats,0.3,1000000,1.21577e-21,1.21555e-21,-2.213e-25,-0.0001819844772341596
40-node,registered,(i) block,0.33,10000,7.45872e-1,7.45907e-1,3.530e-5,0.000047331110474006494
40-node,registered,(i) block,0.33,100000,7.45872e-1,7.45875e-1,3.530e-6,4.732277815893961e-6
40-node,registered,(i) block,0.33,1000000,7.45872e-1,7.45872e-1,3.530e-7,4.7321945130920865e-7
40-node,registered,(ii) sign without honest members,0.33,10000,6.93946e-7,6.90530e-7,-3.416e-9,-0.004922724464925868
40-node,registered,(ii) sign without honest members,0.33,100000,6.93946e-7,6.93604e-7,-3.422e-10,-0.0004931641965866547
40-node,registered,(ii) sign without honest members,0.33,1000000,6.93946e-7,6.93912e-7,-3.423e-11,-0.00004932534611465904
40-node,registered,(iii) all seats,0.33,10000,5.50247e-20,5.41597e-20,-8.650e-22,-0.01571990471114173
40-node,registered,(iii) all seats,0.33,100000,5.50247e-20,5.49376e-20,-8.707e-23,-0.0015824669823967764
40-node,registered,(iii) all seats,0.33,1000000,5.50247e-20,5.50160e-20,-8.713e-24,-0.00015835193774428388
40-node,unregistered,(i) block,0.33,10000,4.52351e-1,4.52347e-1,-3.495e-6,-7.727041174043112e-6
40-node,unregistered,(i) block,0.33,100000,4.52351e-1,4.52350e-1,-3.494e-7,-7.723784391989455e-7
40-node,unregistered,(i) block,0.33,1000000,4.52351e-1,4.52351e-1,-3.494e-8,-7.723458827646162e-8
40-node,unregistered,(ii) sign without honest members,0.33,10000,8.47653e-6,8.44116e-6,-3.537e-8,-0.004172423432149445
40-node,unregistered,(ii) sign without honest members,0.33,100000,8.47653e-6,8.47299e-6,-3.542e-9,-0.0004178558436840607
40-node,unregistered,(ii) sign without honest members,0.33,1000000,8.47653e-6,8.47617e-6,-3.542e-10,-0.00004179172394224092
40-node,unregistered,(iii) all seats,0.33,10000,5.50247e-20,5.41597e-20,-8.650e-22,-0.01571990471114173
40-node,unregistered,(iii) all seats,0.33,100000,5.50247e-20,5.49376e-20,-8.707e-23,-0.0015824669823967764
40-node,unregistered,(iii) all seats,0.33,1000000,5.50247e-20,5.50160e-20,-8.713e-24,-0.00015835193774428388
40-node,registered,(i) block,0.4,10000,9.32609e-1,9.32642e-1,3.297e-5,0.000035357146794580195
40-node,registered,(i) block,0.4,100000,9.32609e-1,9.32612e-1,3.297e-6,3.53547657956488e-6
40-node,registered,(i) block,0.4,1000000,9.32609e-1,9.32609e-1,3.297e-7,3.535452768191595e-7
40-node,registered,(ii) sign without honest members,0.4,10000,4.68976e-5,4.67542e-5,-1.434e-7,-0.003058286718687181
40-node,registered,(ii) sign without honest members,0.4,100000,4.68976e-5,4.68833e-5,-1.436e-8,-0.0003061378489985534
40-node,registered,(ii) sign without honest members,0.4,1000000,4.68976e-5,4.68962e-5,-1.436e-9,-0.00003061687801716355
40-node,registered,(iii) all seats,0.4,10000,1.20893e-16,1.19486e-16,-1.407e-18,-0.011637153109542785
40-node,registered,(iii) all seats,0.4,100000,1.20893e-16,1.20751e-16,-1.414e-19,-0.0011693696742720665
40-node,registered,(iii) all seats,0.4,1000000,1.20893e-16,1.20878e-16,-1.414e-20,-0.00011699369488181338
40-node,unregistered,(i) block,0.4,10000,7.88840e-1,7.88888e-1,4.836e-5,0.00006130677342577096
40-node,unregistered,(i) block,0.4,100000,7.88840e-1,7.88845e-1,4.835e-6,6.129460346054628e-6
40-node,unregistered,(i) block,0.4,1000000,7.88840e-1,7.88840e-1,4.835e-7,6.129338675696197e-7
40-node,unregistered,(ii) sign without honest members,0.4,10000,4.02387e-4,4.01394e-4,-9.929e-7,-0.002467598173604419
40-node,unregistered,(ii) sign without honest members,0.4,100000,4.02387e-4,4.02288e-4,-9.937e-8,-0.000246942125179272
40-node,unregistered,(ii) sign without honest members,0.4,1000000,4.02387e-4,4.02377e-4,-9.937e-9,-0.000024696035983424216
40-node,unregistered,(iii) all seats,0.4,10000,1.20893e-16,1.19486e-16,-1.407e-18,-0.011637153109542785
40-node,unregistered,(iii) all seats,0.4,100000,1.20893e-16,1.20751e-16,-1.414e-19,-0.0011693696742720665
40-node,unregistered,(iii) all seats,0.4,1000000,1.20893e-16,1.20878e-16,-1.414e-20,-0.00011699369488181338
30-node,registered,(i) block,0.05,10000,1.06241e-3,1.06132e-3,-1.093e-6,-0.0010291595086690682
30-node,registered,(i) block,0.05,100000,1.06241e-3,1.06230e-3,-1.094e-7,-0.00010294224056014891
30-node,registered,(i) block,0.05,1000000,1.06241e-3,1.06240e-3,-1.094e-8,-0.000010294486970176179
30-node,registered,(ii) sign without honest members,0.05,10000,1.45624e-21,1.40158e-21,-5.466e-23,-0.03753296831125812
30-node,registered,(ii) sign without honest members,0.05,100000,1.45624e-21,1.45068e-21,-5.553e-24,-0.00381311701180952
30-node,registered,(ii) sign without honest members,0.05,1000000,1.45624e-21,1.45568e-21,-5.562e-25,-0.0003819162925990452
30-node,registered,(iii) all seats,0.05,10000,9.31323e-40,8.57297e-40,-7.403e-41,-0.079484259564471
30-node,registered,(iii) all seats,0.05,100000,9.31323e-40,9.23655e-40,-7.667e-42,-0.008232631964414792
30-node,registered,(iii) all seats,0.05,1000000,9.31323e-40,9.30553e-40,-7.694e-43,-0.0008261755965816539
30-node,unregistered,(i) block,0.05,10000,1.09694e-7,1.08750e-7,-9.434e-10,-0.00860010939752551
30-node,unregistered,(i) block,0.05,100000,1.09694e-7,1.09599e-7,-9.463e-11,-0.0008626904965445315
30-node,unregistered,(i) block,0.05,1000000,1.09694e-7,1.09684e-7,-9.466e-12,-0.0000862958908027775
30-node,unregistered,(ii) sign without honest members,0.05,10000,1.75951e-19,1.70023e-19,-5.928e-21,-0.033691896507552214
30-node,unregistered,(ii) sign without honest members,0.05,100000,1.75951e-19,1.75350e-19,-6.012e-22,-0.003416984605788405
30-node,unregistered,(ii) sign without honest members,0.05,1000000,1.75951e-19,1.75891e-19,-6.021e-23,-0.0003421809221405604
30-node,unregistered,(iii) all seats,0.05,10000,9.31323e-40,8.57297e-40,-7.403e-41,-0.079484259564471
30-node,unregistered,(iii) all seats,0.05,100000,9.31323e-40,9.23655e-40,-7.667e-42,-0.008232631964414792
30-node,unregistered,(iii) all seats,0.05,1000000,9.31323e-40,9.30553e-40,-7.694e-43,-0.0008261755965816539
30-node,registered,(i) block,0.1,10000,1.51508e-2,1.51433e-2,-7.411e-6,-0.000489177340951572
30-node,registered,(i) block,0.1,100000,1.51508e-2,1.51500e-2,-7.412e-7,-0.00004892203284385904
30-node,registered,(i) block,0.1,1000000,1.51508e-2,1.51507e-2,-7.412e-8,-4.8922462618778085e-6
30-node,registered,(ii) sign without honest members,0.1,10000,1.96541e-15,1.93182e-15,-3.359e-17,-0.017092718501276773
30-node,registered,(ii) sign without honest members,0.1,100000,1.96541e-15,1.96203e-15,-3.383e-18,-0.0017213087293756458
30-node,registered,(ii) sign without honest members,0.1,1000000,1.96541e-15,1.96507e-15,-3.385e-19,-0.00017225179793904386
30-node,registered,(iii) all seats,0.1,10000,1.00000e-30,9.61566e-31,-3.843e-32,-0.03843432386531241
30-node,registered,(iii) all seats,0.1,100000,1.00000e-30,9.96092e-31,-3.908e-33,-0.0039077682592672325
30-node,registered,(iii) all seats,0.1,1000000,1.00000e-30,9.99609e-31,-3.914e-34,-0.0003914276070054446
30-node,unregistered,(i) block,0.1,10000,8.90779e-5,8.87900e-5,-2.878e-7,-0.0032313750366735196
30-node,unregistered,(i) block,0.1,100000,8.90779e-5,8.90491e-5,-2.881e-8,-0.00032345993498641756
30-node,unregistered,(i) block,0.1,1000000,8.90779e-5,8.90750e-5,-2.882e-9,-0.00003234921894460062
30-node,unregistered,(ii) sign without honest members,0.1,10000,1.10565e-13,1.08890e-13,-1.675e-15,-0.015150732217885503
30-node,unregistered,(ii) sign without honest members,0.1,100000,1.10565e-13,1.10397e-13,-1.685e-16,-0.0015244282756514652
30-node,unregistered,(ii) sign without honest members,0.1,1000000,1.10565e-13,1.10549e-13,-1.687e-17,-0.0001525367524662647
30-node,unregistered,(iii) all seats,0.1,10000,1.00000e-30,9.61566e-31,-3.843e-32,-0.03843432386531241
30-node,unregistered,(iii) all seats,0.1,100000,1.00000e-30,9.96092e-31,-3.908e-33,-0.0039077682592672325
30-node,unregistered,(iii) all seats,0.1,1000000,1.00000e-30,9.99609e-31,-3.914e-34,-0.0003914276070054446
30-node,registered,(i) block,0.15,10000,7.08088e-2,7.07900e-2,-1.879e-5,-0.00026538794666948175
30-node,registered,(i) block,0.15,100000,7.08088e-2,7.08069e-2,-1.879e-6,-0.000026537621051692465
30-node,registered,(i) block,0.15,1000000,7.08088e-2,7.08086e-2,-1.879e-7,-2.6537503664838587e-6
30-node,registered,(ii) sign without honest members,0.15,10000,6.17193e-12,6.10891e-12,-6.302e-14,-0.010211141138180054
30-node,registered,(ii) sign without honest members,0.15,100000,6.17193e-12,6.16561e-12,-6.328e-15,-0.0010252989040257375
30-node,registered,(ii) sign without honest members,0.15,1000000,6.17193e-12,6.17130e-12,-6.331e-16,-0.00010257184757657455
30-node,registered,(iii) all seats,0.15,10000,1.91751e-25,1.87079e-25,-4.672e-27,-0.024366818663765256
30-node,registered,(iii) all seats,0.15,100000,1.91751e-25,1.91279e-25,-4.721e-28,-0.0024621497769384817
30-node,registered,(iii) all seats,0.15,1000000,1.91751e-25,1.91704e-25,-4.726e-29,-0.0002464714792678694
30-node,unregistered,(i) block,0.15,10000,2.94236e-3,2.93790e-3,-4.462e-6,-0.0015164843943371604
30-node,unregistered,(i) block,0.15,100000,2.94236e-3,2.94192e-3,-4.464e-7,-0.00015169830660544546
30-node,unregistered,(i) block,0.15,1000000,2.94236e-3,2.94232e-3,-4.464e-8,-0.000015170329271487072
30-node,unregistered,(ii) sign without honest members,0.15,10000,2.14491e-10,2.12578e-10,-1.914e-12,-0.008921255618387858
30-node,unregistered,(ii) sign without honest members,0.15,100000,2.14491e-10,2.14299e-10,-1.920e-13,-0.0008952696036065276
30-node,unregistered,(ii) sign without honest members,0.15,1000000,2.14491e-10,2.14472e-10,-1.921e-14,-0.00008955846988055805
30-node,unregistered,(iii) all seats,0.15,10000,1.91751e-25,1.87079e-25,-4.672e-27,-0.024366818663765256
30-node,unregistered,(iii) all seats,0.15,100000,1.91751e-25,1.91279e-25,-4.721e-28,-0.0024621497769384817
30-node,unregistered,(iii) all seats,0.15,1000000,1.91751e-25,1.91704e-25,-4.726e-29,-0.0002464714792678694
30-node,registered,(i) block,0.2,10000,1.97088e-1,1.97065e-1,-2.274e-5,-0.00011537359491197643
30-node,registered,(i) block,0.2,100000,1.97088e-1,1.97085e-1,-2.274e-6,-0.00001153572990493129
30-node,registered,(i) block,0.2,1000000,1.97088e-1,1.97087e-1,-2.274e-7,-1.1535566968866297e-6
30-node,registered,(ii) sign without honest members,0.2,10000,1.59475e-9,1.58395e-9,-1.080e-11,-0.006772361768623212
30-node,registered,(ii) sign without honest members,0.2,100000,1.59475e-9,1.59366e-9,-1.083e-12,-0.0006790219058220459
30-node,registered,(ii) sign without honest members,0.2,1000000,1.59475e-9,1.59464e-9,-1.083e-13,-0.00006792007665088097
30-node,registered,(iii) all seats,0.2,10000,1.07374e-21,1.05521e-21,-1.853e-23,-0.017259590755999688
30-node,registered,(iii) all seats,0.2,100000,1.07374e-21,1.07188e-21,-1.867e-24,-0.0017385895669522545
30-node,registered,(iii) all seats,0.2,1000000,1.07374e-21,1.07356e-21,-1.868e-25,-0.00017398588930717243
30-node,unregistered,(i) block,0.2,10000,2.56163e-2,2.55976e-2,-1.862e-5,-0.0007269474560050473
30-node,unregistered,(i) block,0.2,100000,2.56163e-2,2.56144e-2,-1.862e-6,-0.00007269666819992685
30-node,unregistered,(i) block,0.2,1000000,2.56163e-2,2.56161e-2,-1.862e-7,-7.2696860223805265e-6
30-node,unregistered,(ii) sign without honest members,0.2,10000,3.83052e-8,3.80825e-8,-2.227e-10,-0.005814238451616339
30-node,unregistered,(ii) sign without honest members,0.2,100000,3.83052e-8,3.82829e-8,-2.232e-11,-0.0005827086466789123
30-node,unregistered,(ii) sign without honest members,0.2,1000000,3.83052e-8,3.83030e-8,-2.233e-12,-0.00005828372939137222
30-node,unregistered,(iii) all seats,0.2,10000,1.07374e-21,1.05521e-21,-1.853e-23,-0.017259590755999688
30-node,unregistered,(iii) all seats,0.2,100000,1.07374e-21,1.07188e-21,-1.867e-24,-0.0017385895669522545
30-node,unregistered,(iii) all seats,0.2,1000000,1.07374e-21,1.07356e-21,-1.868e-25,-0.00017398588930717243
30-node,registered,(i) block,0.25,10000,3.90331e-1,3.90323e-1,-8.363e-6,-0.0000214246100606527
30-node,registered,(i) block,0.25,100000,3.90331e-1,3.90331e-1,-8.361e-7,-2.141920445069019e-6
30-node,registered,(i) block,0.25,1000000,3.90331e-1,3.90331e-1,-8.360e-8,-2.1418664016932806e-7
30-node,registered,(ii) sign without honest members,0.25,10000,1.03460e-7,1.02971e-7,-4.885e-10,-0.004721482446189975
30-node,registered,(ii) sign without honest members,0.25,100000,1.03460e-7,1.03411e-7,-4.893e-11,-0.00047298319048393213
30-node,registered,(ii) sign without honest members,0.25,1000000,1.03460e-7,1.03455e-7,-4.894e-12,-0.000047306676989915574
30-node,registered,(iii) all seats,0.25,10000,8.67362e-19,8.56111e-19,-1.125e-20,-0.012971554919222644
30-node,registered,(iii) all seats,0.25,100000,8.67362e-19,8.66231e-19,-1.131e-21,-0.0013042129405764432
30-node,registered,(iii) all seats,0.25,1000000,8.67362e-19,8.67249e-19,-1.132e-22,-0.00013049212679064229
30-node,unregistered,(i) block,0.25,10000,1.05728e-1,1.05695e-1,-3.332e-5,-0.0003151657146394399
30-node,unregistered,(i) block,0.25,100000,1.05728e-1,1.05725e-1,-3.332e-6,-0.00003151263481997387
30-node,unregistered,(i) block,0.25,1000000,1.05728e-1,1.05728e-1,-3.332e-7,-3.1512241199139815e-6
30-node,unregistered,(ii) sign without honest members,0.25,10000,1.82064e-6,1.81342e-6,-7.221e-9,-0.003966144734641202
30-node,unregistered,(ii) sign without honest members,0.25,100000,1.82064e-6,1.81992e-6,-7.231e-10,-0.00039718171324514814
30-node,unregistered,(ii) sign without honest members,0.25,1000000,1.82064e-6,1.82057e-6,-7.232e-11,-0.00003972384806185394
30-node,unregistered,(iii) all seats,0.25,10000,8.67362e-19,8.56111e-19,-1.125e-20,-0.012971554919222644
30-node,unregistered,(iii) all seats,0.25,100000,8.67362e-19,8.66231e-19,-1.131e-21,-0.0013042129405764432
30-node,unregistered,(iii) all seats,0.25,1000000,8.67362e-19,8.67249e-19,-1.132e-22,-0.00013049212679064229
30-node,registered,(i) block,0.3,10000,6.05030e-1,6.05046e-1,1.531e-5,0.000025305036610996375
30-node,registered,(i) block,0.3,100000,6.05030e-1,6.05032e-1,1.531e-6,2.530206120577123e-6
30-node,registered,(i) block,0.3,1000000,6.05030e-1,6.05030e-1,1.531e-7,2.5301763714729054e-7
30-node,registered,(ii) sign without honest members,0.3,10000,2.76503e-6,2.75571e-6,-9.317e-9,-0.0033695243897358534
30-node,registered,(ii) sign without honest members,0.3,100000,2.76503e-6,2.76410e-6,-9.328e-10,-0.00033735594996097865
30-node,registered,(ii) sign without honest members,0.3,1000000,2.76503e-6,2.76494e-6,-9.329e-11,-0.00003373963261698912
30-node,registered,(iii) all seats,0.3,10000,2.05891e-16,2.03811e-16,-2.080e-18,-0.010102946181339126
30-node,registered,(iii) all seats,0.3,100000,2.05891e-16,2.05682e-16,-2.089e-19,-0.001014528270406464
30-node,registered,(iii) all seats,0.3,1000000,2.05891e-16,2.05870e-16,-2.090e-20,-0.00010149528151042901
30-node,unregistered,(i) block,0.3,10000,2.69630e-1,2.69603e-1,-2.630e-5,-0.00009752575168784923
30-node,unregistered,(i) block,0.3,100000,2.69630e-1,2.69627e-1,-2.629e-6,-9.75063894933555e-6
30-node,unregistered,(i) block,0.3,1000000,2.69630e-1,2.69629e-1,-2.629e-7,-9.75044537171162e-7
30-node,unregistered,(ii) sign without honest members,0.3,10000,3.68701e-5,3.67686e-5,-1.015e-7,-0.002752810725393808
30-node,unregistered,(ii) sign without honest members,0.3,100000,3.68701e-5,3.68599e-5,-1.016e-8,-0.0002755341666363156
30-node,unregistered,(ii) sign without honest members,0.3,1000000,3.68701e-5,3.68691e-5,-1.016e-9,-0.000027555948641126874
30-node,unregistered,(iii) all seats,0.3,10000,2.05891e-16,2.03811e-16,-2.080e-18,-0.010102946181339126
30-node,unregistered,(iii) all seats,0.3,100000,2.05891e-16,2.05682e-16,-2.089e-19,-0.001014528270406464
30-node,unregistered,(iii) all seats,0.3,1000000,2.05891e-16,2.05870e-16,-2.090e-20,-0.00010149528151042901
30-node,registered,(i) block,0.33,10000,7.20294e-1,7.20320e-1,2.595e-5,0.00003602269950408101
30-node,registered,(i) block,0.33,100000,7.20294e-1,7.20296e-1,2.594e-6,3.6018003852105114e-6
30-node,registered,(i) block,0.33,1000000,7.20294e-1,7.20294e-1,2.594e-7,3.6017534371132486e-7
30-node,registered,(ii) sign without honest members,0.33,10000,1.45432e-5,1.45030e-5,-4.019e-8,-0.002763299097631402
30-node,registered,(ii) sign without honest members,0.33,100000,1.45432e-5,1.45392e-5,-4.023e-9,-0.00027659024564719525
30-node,registered,(ii) sign without honest members,0.33,1000000,1.45432e-5,1.45428e-5,-4.023e-10,-0.000027661629081265705
30-node,registered,(iii) all seats,0.33,10000,3.59268e-15,3.56107e-15,-3.160e-17,-0.008796403298533742
30-node,registered,(iii) all seats,0.33,100000,3.59268e-15,3.58951e-15,-3.172e-18,-0.0008828269003556917
30-node,registered,(iii) all seats,0.33,1000000,3.59268e-15,3.59236e-15,-3.173e-19,-0.00008831463186970688
30-node,unregistered,(i) block,0.33,10000,3.99981e-1,3.99971e-1,-9.816e-6,-0.000024540042598877746
30-node,unregistered,(i) block,0.33,100000,3.99981e-1,3.99980e-1,-9.813e-7,-2.453429904501965e-6
30-node,unregistered,(i) block,0.33,1000000,3.99981e-1,3.99981e-1,-9.813e-8,-2.4533724833597696e-7
30-node,unregistered,(ii) sign without honest members,0.33,10000,1.65881e-4,1.65514e-4,-3.668e-7,-0.00221139806434886
30-node,unregistered,(ii) sign without honest members,0.33,100000,1.65881e-4,1.65844e-4,-3.671e-8,-0.00022129279035514477
30-node,unregistered,(ii) sign without honest members,0.33,1000000,1.65881e-4,1.65877e-4,-3.671e-9,-0.0000221308092533454
30-node,unregistered,(iii) all seats,0.33,10000,3.59268e-15,3.56107e-15,-3.160e-17,-0.008796403298533742
30-node,unregistered,(iii) all seats,0.33,100000,3.59268e-15,3.58951e-15,-3.172e-18,-0.0008828269003556917
30-node,unregistered,(iii) all seats,0.33,1000000,3.59268e-15,3.59236e-15,-3.173e-19,-0.00008831463186970688
30-node,registered,(i) block,0.4,10000,9.04426e-1,9.04454e-1,2.824e-5,0.000031220303777143166
30-node,registered,(i) block,0.4,100000,9.04426e-1,9.04429e-1,2.823e-6,3.1217971083669207e-6
30-node,registered,(i) block,0.4,1000000,9.04426e-1,9.04426e-1,2.823e-7,3.121773782937025e-7
30-node,registered,(ii) sign without honest members,0.4,10000,3.54084e-4,3.53472e-4,-6.116e-7,-0.0017272026274061329
30-node,registered,(ii) sign without honest members,0.4,100000,3.54084e-4,3.54022e-4,-6.119e-8,-0.00017280784635033126
30-node,registered,(ii) sign without honest members,0.4,1000000,3.54084e-4,3.54077e-4,-6.119e-9,-0.000017281660589549407
30-node,registered,(iii) all seats,0.4,10000,1.15292e-12,1.14542e-12,-7.501e-15,-0.006505990409540532
30-node,registered,(iii) all seats,0.4,100000,1.15292e-12,1.15217e-12,-7.521e-16,-0.0006523096113167696
30-node,registered,(iii) all seats,0.4,1000000,1.15292e-12,1.15285e-12,-7.523e-17,-0.00006524809582007
30-node,unregistered,(i) block,0.4,10000,7.08528e-1,7.08559e-1,3.072e-5,0.00004336017728577683
30-node,unregistered,(i) block,0.4,100000,7.08528e-1,7.08531e-1,3.072e-6,4.335280299015189e-6
30-node,unregistered,(i) block,0.4,1000000,7.08528e-1,7.08528e-1,3.072e-7,4.3352065717992174e-7
30-node,unregistered,(ii) sign without honest members,0.4,10000,2.85388e-3,2.85019e-3,-3.694e-6,-0.0012944109195481258
30-node,unregistered,(ii) sign without honest members,0.4,100000,2.85388e-3,2.85351e-3,-3.695e-7,-0.00012948085574158587
30-node,unregistered,(ii) sign without honest members,0.4,1000000,2.85388e-3,2.85385e-3,-3.695e-8,-0.000012948483192372983
30-node,unregistered,(iii) all seats,0.4,10000,1.15292e-12,1.14542e-12,-7.501e-15,-0.006505990409540532
30-node,unregistered,(iii) all seats,0.4,100000,1.15292e-12,1.15217e-12,-7.521e-16,-0.0006523096113167696
30-node,unregistered,(iii) all seats,0.4,1000000,1.15292e-12,1.15285e-12,-7.523e-17,-0.00006524809582007
