miner_kind,attacker_fraction,initial_kwcs,ban_rate_per_year,horizon_years,sign_probability,one_seat_entry_ratio,expected_sign_episodes,compositions,expected_sign_compositions_upper_bound,compositions_v02_comparison,expected_sign_v02_comparison
registered,0.05,10000,0.0,10.0,3.60235e-28,0.6510416287392115,1.2515765085376315e-20,49416400.0,1.780153831092613e-20,1061200.0,3.8228184278002457e-22
registered,0.05,10000,0.01,10.0,3.60235e-28,0.6510416287392115,1.3133981754395967e-20,51880160.0,1.8689071964306935e-20,3203600.0,1.1540502370242055e-21
registered,0.05,10000,0.05,10.0,3.60235e-28,0.6510416287392115,1.560684843047457e-20,61735200.0,2.2239206577830168e-20,11773200.0,4.241123814000929e-21
registered,0.05,100000,0.0,10.0,3.60235e-28,0.6510416287392115,1.2548186274454907e-20,49506400.0,1.783395950000472e-20,1151200.0,4.1470303185861693e-22
registered,0.05,100000,0.01,10.0,3.60235e-28,0.6510416287392115,1.3270285505483088e-20,52384160.0,1.8870630623147053e-20,3653600.0,1.3161561824171672e-21
registered,0.05,100000,0.05,10.0,3.60235e-28,0.6510416287392115,1.6158682429595812e-20,63895200.0,2.3017315115716385e-20,13663200.0,4.921968784651368e-21
registered,0.05,290000,0.0,10.0,3.60235e-28,0.6510416287392115,1.2616631006954158e-20,49696400.0,1.790240423250397e-20,1341200.0,4.831477643578675e-22
registered,0.05,290000,0.01,10.0,3.60235e-28,0.6510416287392115,1.3558037868889237e-20,53448160.0,1.9253921125142857e-20,4603600.0,1.6583798449134199e-21
registered,0.05,290000,0.05,10.0,3.60235e-28,0.6510416287392115,1.7323665316629543e-20,68455200.0,2.46599886956984e-20,17653200.0,6.35930816713563e-21
registered,0.05,1000000,0.0,10.0,3.60235e-28,0.6510416287392115,1.2872398165240831e-20,50406400.0,1.8158171390790645e-20,2051200.0,7.389149226445405e-22
registered,0.05,1000000,0.01,10.0,3.60235e-28,0.6510416287392115,1.463332301635431e-20,57424160.0,2.0686217211548226e-20,8153600.0,2.937215636346785e-21
registered,0.05,1000000,0.05,10.0,3.60235e-28,0.6510416287392115,2.167702242080823e-20,85495200.0,3.079840049457855e-20,32563200.0,1.1730418491155765e-20
registered,0.1,10000,0.0,10.0,5.29499e-20,0.6022223268820839,1.7309033797540543e-12,49416400.0,2.6165943017132545e-12,1061200.0,5.619045242021081e-14
registered,0.1,10000,0.01,10.0,5.29499e-20,0.6022223268820839,1.8162321700774949e-12,51880160.0,2.747050190381572e-12,3203600.0,1.6963035561005216e-13
registered,0.1,10000,0.05,10.0,5.29499e-20,0.6022223268820839,2.1575473313712568e-12,61735200.0,3.268873745054842e-12,11773200.0,6.233899683694176e-13
registered,0.1,100000,0.0,10.0,5.29499e-20,0.6022223268820839,1.735668872326443e-12,49506400.0,2.621359794285643e-12,1151200.0,6.095594499259959e-14
registered,0.1,100000,0.01,10.0,5.29499e-20,0.6022223268820839,1.8353359582606184e-12,52384160.0,2.773736948786949e-12,3653600.0,1.9345781847199607e-13
registered,0.1,100000,0.05,10.0,5.29499e-20,0.6022223268820839,2.23400430199732e-12,63895200.0,3.3832455667921728e-12,13663200.0,7.23465312389582e-13
registered,0.1,290000,0.0,10.0,5.29499e-20,0.6022223268820839,1.7457293566459304e-12,49696400.0,2.6314202786051305e-12,1341200.0,7.101642931208702e-14
registered,0.1,290000,0.01,10.0,5.29499e-20,0.6022223268820839,1.8756661777583243e-12,53448160.0,2.8300756609760788e-12,4603600.0,2.4376024006943316e-13
registered,0.1,290000,0.05,10.0,5.29499e-20,0.6022223268820839,2.395413462207899e-12,68455200.0,3.624697190459871e-12,17653200.0,9.347354830988179e-13
registered,0.1,1000000,0.0,10.0,5.29499e-20,0.6022223268820839,1.7833237980503307e-12,50406400.0,2.669014720009531e-12,2051200.0,1.0861087071648738e-13
registered,0.1,1000000,0.01,10.0,5.29499e-20,0.6022223268820839,2.026373840091856e-12,57424160.0,3.0406045328407206e-12,8153600.0,4.3173244709143503e-13
registered,0.1,1000000,0.05,10.0,5.29499e-20,0.6022223268820839,2.9985740082579562e-12,85495200.0,4.52696378416548e-12,32563200.0,1.7242187525912256e-12
registered,0.15,10000,0.0,10.0,2.39541e-15,0.5535710694365789,7.33938940420038e-8,49416400.0,1.1837264605962671e-7,1061200.0,2.5420113969952458e-9
registered,0.15,10000,0.01,10.0,2.39541e-15,0.5535710694365789,7.700388912806417e-8,51880160.0,1.2427436675267326e-7,3203600.0,7.673942434427035e-9
registered,0.15,10000,0.05,10.0,2.39541e-15,0.5535710694365789,9.144386947230563e-8,61735200.0,1.478812495248595e-7,11773200.0,2.820166658415419e-8
registered,0.15,100000,0.0,10.0,2.39541e-15,0.5535710694365789,7.360948113748963e-8,49506400.0,1.1858823315511255e-7,1151200.0,2.7575984924810846e-9
registered,0.15,100000,0.01,10.0,2.39541e-15,0.5535710694365789,7.782608480783945e-8,52384160.0,1.2548165448739396e-7,3653600.0,8.751877911856228e-9
registered,0.15,100000,0.05,10.0,2.39541e-15,0.5535710694365789,9.469249948923875e-8,63895200.0,1.5305533981651962e-7,13663200.0,3.2728995589356806e-8
registered,0.15,290000,0.0,10.0,2.39541e-15,0.5535710694365789,7.406460945018196e-8,49696400.0,1.1904336146780488e-7,1341200.0,3.212726805173411e-9
registered,0.15,290000,0.01,10.0,2.39541e-15,0.5535710694365789,7.956183124292064e-8,53448160.0,1.2803037303847098e-7,4603600.0,1.102751947531786e-8
registered,0.15,290000,0.05,10.0,2.39541e-15,0.5535710694365789,1.0155071841387535e-7,68455200.0,1.6397841932113547e-7,17653200.0,4.228669015589566e-8
registered,0.15,1000000,0.0,10.0,2.39541e-15,0.5535710694365789,7.576535209234802e-8,50406400.0,1.2074410410997094e-7,2051200.0,4.913469447339473e-9
registered,0.15,1000000,0.01,10.0,2.39541e-15,0.5535710694365789,8.604804160559241e-8,57424160.0,1.3755453183460092e-7,8153600.0,1.9531232686148167e-8
registered,0.15,1000000,0.05,10.0,2.39541e-15,0.5535710694365789,1.2717879965856998e-7,85495200.0,2.0479624273312095e-7,32563200.0,7.800228564138294e-8
registered,0.2,10000,0.0,10.0,3.87021e-12,0.5051252602304721,0.00011065144981242428,49416400.0,0.00019125207852929994,1061200.0,4.107071857425735e-6
registered,0.2,10000,0.01,10.0,3.87021e-12,0.5051252602304721,0.00011608002371203399,51880160.0,0.0002007873587398646,3203600.0,0.000012398619866612406
registered,0.2,10000,0.05,10.0,3.87021e-12,0.5051252602304721,0.0001377943193104728,61735200.0,0.0002389284795821233,11773200.0,0.000045564811903359084
registered,0.2,100000,0.0,10.0,3.87021e-12,0.5051252602304721,0.00011099976913693269,49506400.0,0.00019160039785380832,1151200.0,4.4553911819341366e-6
registered,0.2,100000,0.01,10.0,3.87021e-12,0.5051252602304721,0.0001173405380532804,52384160.0,0.00020273794695711166,3653600.0,0.000014140216489154415
registered,0.2,100000,0.05,10.0,3.87021e-12,0.5051252602304721,0.00014270361371867123,63895200.0,0.0002472881433703249,13663200.0,0.00005287951771803553
registered,0.2,290000,0.0,10.0,3.87021e-12,0.5051252602304721,0.0001117351099331171,49696400.0,0.00019233573864999273,1341200.0,5.190731978118541e-6
registered,0.2,290000,0.01,10.0,3.87021e-12,0.5051252602304721,0.00012000162388480058,53448160.0,0.00020685585541574433,4603600.0,0.000017816920470076435
registered,0.2,290000,0.05,10.0,3.87021e-12,0.5051252602304721,0.00015306767969153453,68455200.0,0.00026493632247875064,17653200.0,0.00006832167443790801
registered,0.2,1000000,0.0,10.0,3.87021e-12,0.5051252602304721,0.00011448296238201671,50406400.0,0.00019508359109889236,2051200.0,7.938584427018157e-6
registered,0.2,1000000,0.01,10.0,3.87021e-12,0.5051252602304721,0.00012994568146574442,57424160.0,0.00022224382912958216,8153600.0,0.00003155618271457451
registered,0.2,1000000,0.05,10.0,3.87021e-12,0.5051252602304721,0.00019179655780065532,85495200.0,0.0003308847812523414,32563200.0,0.00012602657586479994
registered,0.25,10000,0.0,10.0,9.88022e-10,0.4569339536249785,0.026220958845747905,49416400.0,0.04882450222174491,1061200.0,0.0010484892011096661
registered,0.25,10000,0.01,10.0,9.88022e-10,0.4569339536249785,0.02750352874126429,51880160.0,0.05125875189581761,3203600.0,0.0031652280481294067
registered,0.25,10000,0.05,10.0,9.88022e-10,0.4569339536249785,0.03263380832332983,61735200.0,0.06099575059210842,11773200.0,0.011632183436208369
registered,0.25,100000,0.0,10.0,9.88022e-10,0.4569339536249785,0.026309880847349743,49506400.0,0.048913424223346755,1151200.0,0.0011374112027115037
registered,0.25,100000,0.01,10.0,9.88022e-10,0.4569339536249785,0.027807968462426388,52384160.0,0.05175671510478791,3653600.0,0.003609838056138594
registered,0.25,100000,0.05,10.0,9.88022e-10,0.4569339536249785,0.03380031892273296,63895200.0,0.06312987863055253,13663200.0,0.013499545469846956
registered,0.25,290000,0.0,10.0,9.88022e-10,0.4569339536249785,0.026497605072953623,49696400.0,0.04910114844895063,1341200.0,0.0013251354283153828
registered,0.25,290000,0.01,10.0,9.88022e-10,0.4569339536249785,0.028450674540435258,53448160.0,0.05280797076816963,4603600.0,0.0045484591841579896
registered,0.25,290000,0.05,10.0,9.88022e-10,0.4569339536249785,0.0362629524103618,68455200.0,0.06763526004504562,17653200.0,0.01744175420752842
registered,0.25,1000000,0.0,10.0,9.88022e-10,0.4569339536249785,0.027199100863368117,50406400.0,0.049802644239365125,2051200.0,0.0020266312187298785
registered,0.25,1000000,0.01,10.0,9.88022e-10,0.4569339536249785,0.03085236567404735,57424160.0,0.056736347194490805,8153600.0,0.008055938136230468
registered,0.25,1000000,0.05,10.0,9.88022e-10,0.4569339536249785,0.04546542491676428,85495200.0,0.08447115901499352,32563200.0,0.03217316580623283
registered,0.3,10000,0.0,10.0,7.70874e-8,0.40906262948758365,1.886950404694597,49416400.0,3.809381935523919,1061200.0,0.0818051519329207
registered,0.3,10000,0.01,10.0,7.70874e-8,0.40906262948758365,1.9789248907466475,51880160.0,3.999306795235804,3203600.0,0.24695720385629927
registered,0.3,10000,0.05,10.0,7.70874e-8,0.40906262948758365,2.346822834954849,61735200.0,4.759006234083346,11773200.0,0.9075654115498134
registered,0.3,100000,0.0,10.0,7.70874e-8,0.40906262948758365,1.893888270953514,49506400.0,3.816319801782836,1151200.0,0.08874301819183784
registered,0.3,100000,0.01,10.0,7.70874e-8,0.40906262948758365,2.0013177677312637,52384160.0,4.03815884628574,3653600.0,0.28164653515088495
registered,0.3,100000,0.05,10.0,7.70874e-8,0.40906262948758365,2.4310357548422625,63895200.0,4.925515024297357,13663200.0,1.0532606029870732
registered,0.3,290000,0.0,10.0,7.70874e-8,0.40906262948758365,1.908534877500117,49696400.0,3.830966408329439,1341200.0,0.10338962473844068
registered,0.3,290000,0.01,10.0,7.70874e-8,0.40906262948758365,2.048591619143232,53448160.0,4.120179842946716,4603600.0,0.3548795678838991
registered,0.3,290000,0.05,10.0,7.70874e-8,0.40906262948758365,2.608818585715691,68455200.0,5.277033581415825,17653200.0,1.3608393404657328
registered,0.3,1000000,0.0,10.0,7.70874e-8,0.40906262948758365,1.9632669335426856,50406400.0,3.885698464372007,2051200.0,0.1581216807810092
registered,0.3,1000000,0.01,10.0,7.70874e-8,0.40906262948758365,2.225246537577428,57424160.0,4.4266793567851,8153600.0,0.6285398480967417
registered,0.3,1000000,0.05,10.0,7.70874e-8,0.40906262948758365,3.273164953716398,85495200.0,6.5906029264374695,32563200.0,2.5102125173596717
registered,0.33,10000,0.0,10.0,6.93946e-7,0.38052922810608736,16.122661711891716,49416400.0,34.292332008667515,1061200.0,0.7364159009478223
registered,0.33,10000,0.01,10.0,6.93946e-7,0.38052922810608736,16.906610842061195,51880160.0,36.00204934764151,3203600.0,2.223126630490429
registered,0.33,10000,0.05,10.0,6.93946e-7,0.38052922810608736,20.042407362739105,61735200.0,42.840918703537504,11773200.0,8.169969548660857
registered,0.33,100000,0.0,10.0,6.93946e-7,0.38052922810608736,16.185116886303046,49506400.0,34.35478718307884,1151200.0,0.7988710753591528
registered,0.33,100000,0.01,10.0,6.93946e-7,0.38052922810608736,17.10079757307307,52384160.0,36.35179832434496,3653600.0,2.535402502547082
registered,0.33,100000,0.05,10.0,6.93946e-7,0.38052922810608736,20.76352032015317,63895200.0,44.33984288940943,13663200.0,9.481528211298798
registered,0.33,290000,0.0,10.0,6.93946e-7,0.38052922810608736,16.316966698949187,49696400.0,34.486636995724986,1341200.0,0.9307208880052952
registered,0.33,290000,0.01,10.0,6.93946e-7,0.38052922810608736,17.51074733854259,53448160.0,37.09015727516336,4603600.0,3.1946515657777934
registered,0.33,290000,0.05,10.0,6.93946e-7,0.38052922810608736,22.285869896916196,68455200.0,47.504238392916854,17653200.0,12.250374276867786
registered,0.33,1000000,0.0,10.0,6.93946e-7,0.38052922810608736,16.80966863041635,50406400.0,34.979338927192146,2051200.0,1.4234228194724585
registered,0.33,1000000,0.01,10.0,6.93946e-7,0.38052922810608736,19.042664883191847,57424160.0,39.84928809137947,8153600.0,5.658161223113611
registered,0.33,1000000,0.05,10.0,6.93946e-7,0.38052922810608736,27.974649894293826,85495200.0,59.32908474812877,32563200.0,22.59711483767822
registered,0.4,10000,0.0,10.0,4.68976e-5,0.3146714305323294,951.1929175160475,49416400.0,2317.512284413578,1061200.0,49.76777013743796
registered,0.4,10000,0.01,10.0,4.68976e-5,0.3146714305323294,997.1216950023472,51880160.0,2433.0568013319858,3203600.0,150.2412631099663
registered,0.4,10000,0.05,10.0,4.68976e-5,0.3146714305323294,1180.8368049475464,61735200.0,2895.234869005616,11773200.0,552.1352350000797
registered,0.4,100000,0.0,10.0,4.68976e-5,0.3146714305323294,955.4137046554835,49506400.0,2321.733071553014,1151200.0,53.98855727687389
registered,0.4,100000,0.01,10.0,4.68976e-5,0.3146714305323294,1009.0601631981069,52384160.0,2456.693209312827,3653600.0,171.34519880714598
registered,0.4,100000,0.05,10.0,4.68976e-5,0.3146714305323294,1223.6459973686008,63895200.0,2996.5337603520784,13663200.0,640.7717649282343
registered,0.4,290000,0.0,10.0,4.68976e-5,0.3146714305323294,964.3242552831815,49696400.0,2330.643622180712,1341200.0,62.899107904571984
registered,0.4,290000,0.01,10.0,4.68976e-5,0.3146714305323294,1034.2635960558218,53448160.0,2506.592292827936,4603600.0,215.89795194563644
registered,0.4,290000,0.05,10.0,4.68976e-5,0.3146714305323294,1314.0209591463824,68455200.0,3210.3869754168327,17653200.0,827.8933281098942
registered,0.4,1000000,0.0,10.0,4.68976e-5,0.3146714305323294,997.6215760498428,50406400.0,2363.9409429473735,2051200.0,96.19642867123326
registered,0.4,1000000,0.01,10.0,4.68976e-5,0.3146714305323294,1128.4448451557034,57424160.0,2693.0572891212396,8153600.0,382.38455577894285
registered,0.4,1000000,0.05,10.0,4.68976e-5,0.3146714305323294,1651.7379215791457,85495200.0,4009.5226738167034,32563200.0,1527.137064209781
unregistered,0.05,10000,0.0,10.0,4.71730e-26,0.6256227441069278,1.588514125526009e-18,49416400.0,2.3311214449661106e-18,1061200.0,5.006002212621795e-20
unregistered,0.05,10000,0.01,10.0,4.71730e-26,0.6256227441069278,1.6669003524838598e-18,51880160.0,2.4473444756047187e-18,3203600.0,1.5112352702935527e-19
unregistered,0.05,10000,0.05,10.0,4.71730e-26,0.6256227441069278,1.980445260315263e-18,61735200.0,2.9122365981591504e-18,11773200.0,5.553775466419046e-19
unregistered,0.05,100000,0.0,10.0,4.71730e-26,0.6256227441069278,1.5927596984541653e-18,49506400.0,2.335367017894267e-18,1151200.0,5.430559505437439e-20
unregistered,0.05,100000,0.01,10.0,4.71730e-26,0.6256227441069278,1.6843176215027678e-18,52384160.0,2.4711196840023947e-18,3653600.0,1.7235139167013748e-19
unregistered,0.05,100000,0.05,10.0,4.71730e-26,0.6256227441069278,2.0505493136971776e-18,63895200.0,3.014130348434905e-18,13663200.0,6.445345781331898e-19
unregistered,0.05,290000,0.0,10.0,4.71730e-26,0.6256227441069278,1.601722574635829e-18,49696400.0,2.3443298940759307e-18,1341200.0,6.326847123603798e-20
unregistered,0.05,290000,0.01,10.0,4.71730e-26,0.6256227441069278,1.721087411653796e-18,53448160.0,2.521311790619711e-18,4603600.0,2.171657725784555e-19
unregistered,0.05,290000,0.05,10.0,4.71730e-26,0.6256227441069278,2.198546759725664e-18,68455200.0,3.2292393767948315e-18,17653200.0,8.327549779481255e-19
unregistered,0.05,1000000,0.0,10.0,4.71730e-26,0.6256227441069278,1.6352154277357297e-18,50406400.0,2.3778227471758316e-18,2051200.0,9.67613243359388e-20
unregistered,0.05,1000000,0.01,10.0,4.71730e-26,0.6256227441069278,1.8584903116918486e-18,57424160.0,2.7088717679791556e-18,8153600.0,3.8463003807795955e-19
unregistered,0.05,1000000,0.05,10.0,4.71730e-26,0.6256227441069278,2.7515898475163235e-18,85495200.0,4.033067851192451e-18,32563200.0,1.5361048930460425e-18
unregistered,0.1,10000,0.0,10.0,3.22403e-18,0.5763432655731995,1.0187777236868225e-10,49416400.0,1.5932016466850164e-10,1061200.0,3.421345115107817e-12
unregistered,0.1,10000,0.01,10.0,3.22403e-18,0.5763432655731995,1.0689425471619124e-10,51880160.0,1.6726341122032792e-10,3203600.0,1.0328516029739354e-11
unregistered,0.1,10000,0.05,10.0,3.22403e-18,0.5763432655731995,1.2696018410622718e-10,61735200.0,1.99036397427633e-10,11773200.0,3.7957199688265506e-11
unregistered,0.1,100000,0.0,10.0,3.22403e-18,0.5763432655731995,1.0216793544855382e-10,49506400.0,1.596103277483732e-10,1151200.0,3.711508194979381e-12
unregistered,0.1,100000,0.01,10.0,3.22403e-18,0.5763432655731995,1.0802736665953519e-10,52384160.0,1.6888832446760868e-10,3653600.0,1.1779331429097174e-11
unregistered,0.1,100000,0.05,10.0,3.22403e-18,0.5763432655731995,1.3146509150346066e-10,63895200.0,2.0600031134455052e-10,13663200.0,4.4050624365568346e-11
unregistered,0.1,290000,0.0,10.0,3.22403e-18,0.5763432655731995,1.027805019505049e-10,49696400.0,1.6022289425032429e-10,1341200.0,4.3240746969304604e-12
unregistered,0.1,290000,0.01,10.0,3.22403e-18,0.5763432655731995,1.104194918732613e-10,53448160.0,1.723186968785347e-10,4603600.0,1.484216393885257e-11
unregistered,0.1,290000,0.05,10.0,3.22403e-18,0.5763432655731995,1.409754515642869e-10,68455200.0,2.2070190739137642e-10,17653200.0,5.691452090654101e-11
unregistered,0.1,1000000,0.0,10.0,3.22403e-18,0.5763432655731995,1.0506956624726945e-10,50406400.0,1.6251195854708885e-10,2051200.0,6.61313899369502e-12
unregistered,0.1,1000000,0.01,10.0,3.22403e-18,0.5763432655731995,1.1935848609297467e-10,57424160.0,1.8513745694041623e-10,8153600.0,2.6287485422675366e-11
unregistered,0.1,1000000,0.05,10.0,3.22403e-18,0.5763432655731995,1.7651416547579552e-10,85495200.0,2.756394505137258e-10,32563200.0,1.0498487113859676e-10
unregistered,0.15,10000,0.0,10.0,8.99603e-14,0.527185786184978,2.655982783619578e-6,49416400.0,4.445515199174603e-6,1061200.0,9.546589248435922e-8
unregistered,0.15,10000,0.01,10.0,8.99603e-14,0.527185786184978,2.786444431916003e-6,51880160.0,4.667155839268143e-6,3203600.0,2.881968838700463e-7
unregistered,0.15,10000,0.05,10.0,8.99603e-14,0.527185786184978,3.3082910251017046e-6,61735200.0,5.5537183996423045e-6,11773200.0,1.0591208494127948e-6
unregistered,0.15,100000,0.0,10.0,8.99603e-14,0.527185786184978,2.664079212495937e-6,49506400.0,4.453611628050962e-6,1151200.0,1.0356232136071836e-7
unregistered,0.15,100000,0.01,10.0,8.99603e-14,0.527185786184978,2.816463094449342e-6,52384160.0,4.712495840975754e-6,3653600.0,3.286790282518421e-7
unregistered,0.15,100000,0.05,10.0,8.99603e-14,0.527185786184978,3.4259986222629616e-6,63895200.0,5.748032692674924e-6,13663200.0,1.229145855816337e-6
unregistered,0.15,290000,0.0,10.0,8.99603e-14,0.527185786184978,2.6811716734571398e-6,49696400.0,4.470704089012165e-6,1341200.0,1.20654782321921e-7
unregistered,0.15,290000,0.01,10.0,8.99603e-14,0.527185786184978,2.8798358264641682e-6,53448160.0,4.808213622358489e-6,4603600.0,4.1414133305785536e-7
unregistered,0.15,290000,0.05,10.0,8.99603e-14,0.527185786184978,3.674492438492283e-6,68455200.0,6.158251755743787e-6,17653200.0,1.5880875360015926e-6
unregistered,0.15,1000000,0.0,10.0,8.99603e-14,0.527185786184978,2.7450435012595285e-6,50406400.0,4.5345759168145535e-6,2051200.0,1.8452661012430985e-7
unregistered,0.15,1000000,0.01,10.0,8.99603e-14,0.527185786184978,3.1166497197827296e-6,57424160.0,5.165895858051867e-6,8153600.0,7.335004720697996e-7
unregistered,0.15,1000000,0.05,10.0,8.99603e-14,0.527185786184978,4.6030745938755336e-6,85495200.0,7.69117562300112e-6,32563200.0,2.9293959198517585e-6
unregistered,0.2,10000,0.0,10.0,1.00268e-10,0.4781829476417352,0.0027516688621530474,49416400.0,0.004954872155370818,1061200.0,0.00010640415593364777
unregistered,0.2,10000,0.01,10.0,1.00268e-10,0.4781829476417352,0.0028864485212713037,51880160.0,0.005201907872693739,3203600.0,0.00032121782317097057
unregistered,0.2,10000,0.05,10.0,1.00268e-10,0.4781829476417352,0.003425567157744329,61735200.0,0.0061900507419854235,11773200.0,0.0011804724921202618
unregistered,0.2,100000,0.0,10.0,1.00268e-10,0.4781829476417352,0.0027606929613181704,49506400.0,0.004963896254535941,1151200.0,0.00011542825509877055
unregistered,0.2,100000,0.01,10.0,1.00268e-10,0.4781829476417352,0.0029181204347020037,52384160.0,0.005252442828018426,3653600.0,0.00036633831899658453
unregistered,0.2,100000,0.05,10.0,1.00268e-10,0.4781829476417352,0.003547830328237337,63895200.0,0.00640662912194837,13663200.0,0.0013699785745878404
unregistered,0.2,290000,0.0,10.0,1.00268e-10,0.4781829476417352,0.0027797438373334295,49696400.0,0.0049829471305512,1341200.0,0.00013447913111402977
unregistered,0.2,290000,0.01,10.0,1.00268e-10,0.4781829476417352,0.002984983363055703,53448160.0,0.005359127733703878,4603600.0,0.00046159269907288056
unregistered,0.2,290000,0.05,10.0,1.00268e-10,0.4781829476417352,0.0038059414659447986,68455200.0,0.006863850146314592,17653200.0,0.0017700469709082838
unregistered,0.2,1000000,0.0,10.0,1.00268e-10,0.4781829476417352,0.002850933952969398,50406400.0,0.005054137246187168,2051200.0,0.0002056692467499984
unregistered,0.2,1000000,0.01,10.0,1.00268e-10,0.4781829476417352,0.003234839569009002,57424160.0,0.005757792381265303,8153600.0,0.0008175432772527237
unregistered,0.2,1000000,0.05,10.0,1.00268e-10,0.4781829476417352,0.004770462033167418,85495200.0,0.008572412921577838,32563200.0,0.003265039399263625
unregistered,0.25,10000,0.0,10.0,1.87104e-8,0.42937965947964585,0.47431974187128795,49416400.0,0.924598728255882,1061200.0,0.019855436058173845
unregistered,0.25,10000,0.01,10.0,1.87104e-8,0.42937965947964585,0.49747528621998505,51880160.0,0.9706965695135962,3203600.0,0.05994051541270799
unregistered,0.25,10000,0.05,10.0,1.87104e-8,0.42937965947964585,0.5900974636147734,61735200.0,1.1550879345444534,11773200.0,0.2202808328308446
unregistered,0.25,100000,0.0,10.0,1.87104e-8,0.42937965947964585,0.476003674443127,49506400.0,0.926282660827721,1151200.0,0.021539368630012937
unregistered,0.25,100000,0.01,10.0,1.87104e-8,0.42937965947964585,0.5030501803141967,52384160.0,0.9801265919158951,3653600.0,0.06836017827190347
unregistered,0.25,100000,0.05,10.0,1.87104e-8,0.42937965947964585,0.6112362037984753,63895200.0,1.1955023162685916,13663200.0,0.25564341683946556
unregistered,0.25,290000,0.0,10.0,1.87104e-8,0.42937965947964585,0.47955864320589847,49696400.0,0.9298376295904924,1341200.0,0.025094337392784355
unregistered,0.25,290000,0.01,10.0,1.87104e-8,0.42937965947964585,0.5148194011797547,53448160.0,1.0000344169874151,4603600.0,0.08613502208576056
unregistered,0.25,290000,0.05,10.0,1.87104e-8,0.42937965947964585,0.6558624330751792,68455200.0,1.2808215665751057,17653200.0,0.3302977608576654
unregistered,0.25,1000000,0.0,10.0,1.87104e-8,0.42937965947964585,0.49284300016151794,50406400.0,0.943121986546112,2051200.0,0.03837869434840387
unregistered,0.25,1000000,0.01,10.0,1.87104e-8,0.42937965947964585,0.5587991212563131,57424160.0,1.0744268159388843,8153600.0,0.15255680686385814
unregistered,0.25,1000000,0.05,10.0,1.87104e-8,0.42937965947964585,0.8226236056354939,85495200.0,1.5996461335099739,32563200.0,0.6092692569256751
unregistered,0.3,10000,0.0,10.0,1.10304e-6,0.3808391598229377,25.630103252716594,49416400.0,54.508179399204934,1061200.0,1.1705441913704009
unregistered,0.3,10000,0.01,10.0,1.10304e-6,0.3808391598229377,26.8763494316794,51880160.0,57.225800919117056,3203600.0,3.533693339120068
unregistered,0.3,10000,0.05,10.0,1.10304e-6,0.3808391598229377,31.861334147530627,61735200.0,68.09628699876552,11773200.0,12.986289930118737
unregistered,0.3,100000,0.0,10.0,1.10304e-6,0.3808391598229377,25.729376695256487,49506400.0,54.60745284174483,1151200.0,1.2698176339102953
unregistered,0.3,100000,0.01,10.0,1.10304e-6,0.3808391598229377,27.185036907278764,52384160.0,57.78173219734046,3653600.0,4.030060551819541
unregistered,0.3,100000,0.05,10.0,1.10304e-6,0.3808391598229377,33.00767775536787,63895200.0,70.478849619723,13663200.0,15.071032223456521
unregistered,0.3,290000,0.0,10.0,1.10304e-6,0.3808391598229377,25.93895396284071,49696400.0,54.81703010932905,1341200.0,1.4793949014945171
unregistered,0.3,290000,0.01,10.0,1.10304e-6,0.3808391598229377,27.836710466877427,53448160.0,58.9553648958121,4603600.0,5.07794688974065
unregistered,0.3,290000,0.05,10.0,1.10304e-6,0.3808391598229377,35.42773648302429,68455200.0,75.50870404174431,17653200.0,19.47215484272518
unregistered,0.3,1000000,0.0,10.0,1.10304e-6,0.3808391598229377,26.722111120655434,50406400.0,55.600187267143774,2051200.0,2.2625520593092405
unregistered,0.3,1000000,0.01,10.0,1.10304e-6,0.3808391598229377,30.27191166327242,57424160.0,63.341044979574555,8153600.0,8.993732678814267
unregistered,0.3,1000000,0.05,10.0,1.10304e-6,0.3808391598229377,44.47111383374036,85495200.0,94.30447582929767,32563200.0,35.918455156834376
unregistered,0.33,10000,0.0,10.0,8.47653e-6,0.35187741827244845,186.05876717804574,49416400.0,418.8794503467442,1061200.0,8.995290484696678
unregistered,0.33,10000,0.01,10.0,8.47653e-6,0.35187741827244845,195.08038039312925,51880160.0,439.7635785832465,3203600.0,27.155401994698718
unregistered,0.33,10000,0.05,10.0,8.47653e-6,0.35187741827244845,231.16683325346327,61735200.0,523.3000915292558,11773200.0,99.79584803470686
unregistered,0.33,100000,0.0,10.0,8.47653e-6,0.35187741827244845,186.82165461078483,49506400.0,419.6423377794832,1151200.0,9.758177917435749
unregistered,0.33,100000,0.01,10.0,8.47653e-6,0.35187741827244845,197.35922224961277,52384160.0,444.0357482065853,3653600.0,30.969839158394066
unregistered,0.33,100000,0.05,10.0,8.47653e-6,0.35187741827244845,239.5094928049245,63895200.0,541.6093899149936,13663200.0,115.81648412222734
unregistered,0.33,290000,0.0,10.0,8.47653e-6,0.35187741827244845,188.4321947465673,49696400.0,421.25287791526574,1341200.0,11.36871805321823
unregistered,0.33,290000,0.01,10.0,8.47653e-6,0.35187741827244845,202.17011061330012,53448160.0,453.0547729669672,4603600.0,39.02253983730647
unregistered,0.33,290000,0.05,10.0,8.47653e-6,0.35187741827244845,257.12177408023143,68455200.0,580.2623531737731,17653200.0,149.63782697365943
unregistered,0.33,1000000,0.0,10.0,8.47653e-6,0.35187741827244845,194.45052893817552,50406400.0,427.2712121068739,2051200.0,17.387052244826446
unregistered,0.33,1000000,0.01,10.0,8.47653e-6,0.35187741827244845,220.14764081444773,57424160.0,486.7574444399732,8153600.0,69.11421079534756
unregistered,0.33,1000000,0.05,10.0,8.47653e-6,0.35187741827244845,322.93608831953657,85495200.0,724.7023737723704,32563200.0,276.022844997432
unregistered,0.4,10000,0.0,10.0,4.02387e-4,0.284956599173621,7590.921549609542,49416400.0,19884.532714566856,1061200.0,427.01342300730823
unregistered,0.4,10000,0.01,10.0,4.02387e-4,0.284956599173621,7955.931937034215,51880160.0,20875.918495822494,3203600.0,1289.0880154035174
unregistered,0.4,10000,0.05,10.0,4.02387e-4,0.284956599173621,9415.973486732904,61735200.0,24841.461620845057,11773200.0,4737.386384988354
unregistered,0.4,100000,0.0,10.0,4.02387e-4,0.284956599173621,7627.136408326709,49506400.0,19920.74757328402,1151200.0,463.2282817244754
unregistered,0.4,100000,0.01,10.0,4.02387e-4,0.284956599173621,8053.481625602428,52384160.0,21078.721704638632,3653600.0,1470.162308989353
unregistered,0.4,100000,0.05,10.0,4.02387e-4,0.284956599173621,9758.862494705303,63895200.0,25710.61823005707,13663200.0,5497.898418048863
unregistered,0.4,290000,0.0,10.0,4.02387e-4,0.284956599173621,7703.589998951839,49696400.0,19997.201163909154,1341200.0,539.6818723496059
unregistered,0.4,290000,0.01,10.0,4.02387e-4,0.284956599173621,8259.419857024212,53448160.0,21506.861812139363,4603600.0,1852.430262115006
unregistered,0.4,290000,0.05,10.0,4.02387e-4,0.284956599173621,10482.739289313704,68455200.0,27545.5044050602,17653200.0,7103.423821176606
unregistered,0.4,1000000,0.0,10.0,4.02387e-4,0.284956599173621,7989.28499549838,50406400.0,20282.896160455693,2051200.0,825.3768688961464
unregistered,0.4,1000000,0.01,10.0,4.02387e-4,0.284956599173621,9028.978511284564,57424160.0,23106.75379279999,8153600.0,3280.9052448477087
unregistered,0.4,1000000,0.05,10.0,4.02387e-4,0.284956599173621,13187.752574429302,85495200.0,34402.18432217718,32563200.0,13103.018748653958
