rule,model,committee_size,approvals_needed,stall_seats,attacker_fraction,honest_mining_fraction,population,attacker_ids,attacker_share_of_population,p_stall,log10_p_stall,mean_stall_hours,p_capture,log10_p_capture,mean_capture_hours
lottery,attacker IDs spread through the list (hypergeometric),30,20,11,0.1,,2900000,290000,0.1,8.90679e-5,-4.050278604094679,0.10160893179522787,1.10507e-13,-12.956609280271532,0.04886113014260063
lottery,attacker IDs in one block of the list (binomial),30,20,11,0.1,,2900000,290000,0.1,8.90779e-5,-4.050230157578092,0.10160989129687034,1.10565e-13,-12.956380824433282,0.04886162483829298
10th-block miner (v0.2 comparison),hypergeometric over mining IDs,30,20,11,0.1,0.5,1595000,290000,0.18181818181818182,1.29734e-2,-1.886945036859629,0.13870481853668304,7.02406e-9,-8.153411827534278,0.056845308989472335
10th-block miner (v0.2 comparison),hypergeometric over mining IDs,30,20,11,0.1,0.7,2117000,290000,0.136986301369863,1.39799e-3,-2.8544946961096826,0.11581307815780545,4.02736e-11,-10.394979628045352,0.05218043604757955
10th-block miner (v0.2 comparison),hypergeometric over mining IDs,30,20,11,0.1,1.0,2900000,290000,0.1,8.90679e-5,-4.050278604094679,0.10160998293298235,1.10507e-13,-12.956609280271532,0.04886163560779658
lottery,attacker IDs spread through the list (hypergeometric),30,20,11,0.2,,2900000,580000,0.2,2.56156e-2,-1.5914952434548937,0.1504521890658338,3.82975e-8,-7.4168291289133315,0.05897668572884084
lottery,attacker IDs in one block of the list (binomial),30,20,11,0.2,,2900000,580000,0.2,2.56163e-2,-1.5914843564830718,0.15045349629478424,3.83052e-8,-7.4167418415832636,0.05897727756782008
10th-block miner (v0.2 comparison),hypergeometric over mining IDs,30,20,11,0.2,0.5,1740000,580000,0.3333333333333333,4.15240e-1,-0.3817008578718486,0.339217463373184,1.93735e-4,-3.7127913382421767,0.08104164106140001
10th-block miner (v0.2 comparison),hypergeometric over mining IDs,30,20,11,0.2,0.7,2204000,580000,0.2631578947368421,1.40692e-1,-0.8517299454722753,0.20913346515467812,4.30882e-6,-5.365641294330391,0.06776406517749992
10th-block miner (v0.2 comparison),hypergeometric over mining IDs,30,20,11,0.2,1.0,2900000,580000,0.2,2.56156e-2,-1.5914952434548937,0.15045374548389054,3.82975e-8,-7.4168291289133315,0.058977295838797794
lottery,attacker IDs spread through the list (hypergeometric),30,20,11,0.25,,2900000,725000,0.25,1.05727e-1,-0.9758141982640254,0.19392688414260584,1.82039e-6,-5.7398346088859284,0.06572987625519654
lottery,attacker IDs in one block of the list (binomial),30,20,11,0.25,,2900000,725000,0.25,1.05728e-1,-0.9758094790525362,0.19392843415938588,1.82064e-6,-5.739775117993151,0.06573053155380884
10th-block miner (v0.2 comparison),hypergeometric over mining IDs,30,20,11,0.25,0.5,1812500,725000,0.4,7.08530e-1,-0.14964185855549417,0.6407581736818783,2.85368e-3,-2.544594921799348,0.09921775129487548
10th-block miner (v0.2 comparison),hypergeometric over mining IDs,30,20,11,0.25,0.7,2247500,725000,0.3225806451612903,3.66401e-1,-0.436042804259106,0.311747680025819,1.16432e-4,-3.93392726039486,0.07869276171634625
10th-block miner (v0.2 comparison),hypergeometric over mining IDs,30,20,11,0.25,1.0,2900000,725000,0.25,1.05727e-1,-0.9758141982640254,0.19392889030354005,1.82039e-6,-5.7398346088859284,0.06573055622646785
lottery,attacker IDs spread through the list (hypergeometric),30,20,11,0.3,,2900000,870000,0.3,2.69629e-1,-0.5692338707133509,0.26453694084470447,3.68666e-5,-4.433367178826764,0.07416219851868842
lottery,attacker IDs in one block of the list (binomial),30,20,11,0.3,,2900000,870000,0.3,2.69630e-1,-0.5692324105083131,0.26453876420680644,3.68701e-5,-4.43332591101338,0.0741629313903806
10th-block miner (v0.2 comparison),hypergeometric over mining IDs,30,20,11,0.3,0.5,1885000,870000,0.46153846153846156,8.90567e-1,-0.05033321455511697,1.4531519056729594,1.90343e-2,-1.7204622832774383,0.12436915428102681
10th-block miner (v0.2 comparison),hypergeometric over mining IDs,30,20,11,0.3,0.7,2291000,870000,0.379746835443038,6.25951e-1,-0.20345998636949503,0.5161118583102206,1.36223e-3,-2.8657497395190887,0.09292950924255311
10th-block miner (v0.2 comparison),hypergeometric over mining IDs,30,20,11,0.3,1.0,2900000,870000,0.3,2.69629e-1,-0.5692338707133509,0.26453967746205753,3.68666e-5,-4.433367178826764,0.0741629657217821
lottery,attacker IDs spread through the list (hypergeometric),30,20,11,0.33,,2900000,957000,0.33,3.99980e-1,-0.39796119717376754,0.33029616723872096,1.65868e-4,-3.780236772025976,0.0802983856869464
lottery,attacker IDs in one block of the list (binomial),30,20,11,0.33,,2900000,957000,0.33,3.99981e-1,-0.3979608297622619,0.33029812677835346,1.65881e-4,-3.780203629011176,0.08029917380058459
10th-block miner (v0.2 comparison),hypergeometric over mining IDs,30,20,11,0.33,0.5,1928500,957000,0.49624060150375937,9.46281e-1,-0.0239800619259114,2.6361476497460954,4.52999e-2,-1.3439030545196111,0.1444858966836677
10th-block miner (v0.2 comparison),hypergeometric over mining IDs,30,20,11,0.33,0.7,2317100,957000,0.4130162703379224,7.56247e-1,-0.12133614131160542,0.7456315120235641,4.44604e-3,-2.3520267323549184,0.10370076158329121
10th-block miner (v0.2 comparison),hypergeometric over mining IDs,30,20,11,0.33,1.0,2900000,957000,0.33,3.99980e-1,-0.39796119717376754,0.33029958413097055,1.65868e-4,-3.780236772025976,0.08029921636849503
lottery,attacker IDs spread through the list (hypergeometric),30,20,11,0.4,,2900000,1160000,0.4,7.08529e-1,-0.14964224809638438,0.6407484294802178,2.85376e-3,-2.544583286706139,0.09921668012539978
lottery,attacker IDs in one block of the list (binomial),30,20,11,0.4,,2900000,1160000,0.4,7.08528e-1,-0.14964289732520797,0.6407498652316442,2.85388e-3,-2.5445638952117626,0.09921763188336709
10th-block miner (v0.2 comparison),hypergeometric over mining IDs,30,20,11,0.4,0.5,2030000,1160000,0.5714285714285714,9.92676e-1,-0.003192526512137306,14.852529468891703,1.93046e-1,-0.7143394072440508,0.21686429994540468
10th-block miner (v0.2 comparison),hypergeometric over mining IDs,30,20,11,0.4,0.7,2378000,1160000,0.4878048780487805,9.35415e-1,-0.028995641977228814,2.2574248270644564,3.71457e-2,-1.4300910763464074,0.1390669600295414
10th-block miner (v0.2 comparison),hypergeometric over mining IDs,30,20,11,0.4,1.0,2900000,1160000,0.4,7.08529e-1,-0.14964224809638438,0.6407550579808176,2.85376e-3,-2.544583286706139,0.09921770651546719
lottery,attacker IDs spread through the list (hypergeometric),100,67,34,0.1,,2900000,290000,0.1,6.98829e-11,-10.155628919280172,0.11450605754408494,9.56575e-43,-42.01928081955319,0.04868285318402245
lottery,attacker IDs in one block of the list (binomial),100,67,34,0.1,,2900000,290000,0.1,6.99580e-11,-10.155162683573735,0.11450986561294996,9.62460e-43,-42.01661750030011,0.04868452081577016
10th-block miner (v0.2 comparison),hypergeometric over mining IDs,100,67,34,0.1,0.5,1595000,290000,0.18181818181818182,1.16661e-4,-3.9330744291145407,0.16857790567192663,1.08704e-26,-25.96375542254621,0.05676160968420104
10th-block miner (v0.2 comparison),hypergeometric over mining IDs,100,67,34,0.1,0.7,2117000,290000,0.136986301369863,2.18347e-7,-6.660851902607096,0.1341356247287928,3.52835e-34,-33.452427997813245,0.05203375336900793
10th-block miner (v0.2 comparison),hypergeometric over mining IDs,100,67,34,0.1,1.0,2900000,290000,0.1,6.98829e-11,-10.155628919280172,0.11451000616498717,9.56575e-43,-42.01928081955319,0.04868453196098663
lottery,attacker IDs spread through the list (hypergeometric),100,67,34,0.2,,2900000,580000,0.2,7.36729e-4,-3.1326925027744643,0.18775431498815096,3.12708e-24,-23.504860739796577,0.05892886480721915
lottery,attacker IDs in one block of the list (binomial),100,67,34,0.2,,2900000,580000,0.2,7.36884e-4,-3.132601108068741,0.1877602400754208,3.13443e-24,-23.503841546709726,0.05893087738380412
10th-block miner (v0.2 comparison),hypergeometric over mining IDs,100,67,34,0.2,0.5,1740000,580000,0.3333333333333333,4.81197e-1,-0.3176773639435524,0.7092930909883176,6.44787e-12,-11.190583469030777,0.0817574371569908
10th-block miner (v0.2 comparison),hypergeometric over mining IDs,100,67,34,0.2,0.7,2204000,580000,0.2631578947368421,5.41017e-2,-1.2667888792432755,0.3020340816284401,2.12928e-17,-16.67176666372253,0.06793404820606405
10th-block miner (v0.2 comparison),hypergeometric over mining IDs,100,67,34,0.2,1.0,2900000,580000,0.2,7.36729e-4,-3.1326925027744643,0.18776078949813363,3.12708e-24,-23.504860739796577,0.0589308969071125
lottery,attacker IDs spread through the list (hypergeometric),100,67,34,0.25,,2900000,725000,0.25,2.75924e-2,-1.5592104638163953,0.2691532210153565,1.21230e-18,-17.916388961071803,0.0658387309083033
lottery,attacker IDs in one block of the list (binomial),100,67,34,0.25,,2900000,725000,0.25,2.75946e-2,-1.5591764614425223,0.2691611142321527,1.21424e-18,-17.915693935769003,0.06584097430583595
10th-block miner (v0.2 comparison),hypergeometric over mining IDs,100,67,34,0.25,0.5,1812500,725000,0.4,9.08752e-1,-0.041554406455983184,3.1663489988562574,4.48410e-8,-7.348324241947129,0.1011882253754659
10th-block miner (v0.2 comparison),hypergeometric over mining IDs,100,67,34,0.25,0.7,2247500,725000,0.3225806451612903,3.90790e-1,-0.4080563014299763,0.601237393051131,1.19775e-12,-11.921633061892521,0.07929096556117722
10th-block miner (v0.2 comparison),hypergeometric over mining IDs,100,67,34,0.25,1.0,2900000,725000,0.25,2.75924e-2,-1.5592104638163953,0.2691625024809593,1.21230e-18,-17.916388961071803,0.06584100128765805
lottery,attacker IDs spread through the list (hypergeometric),100,67,34,0.3,,2900000,870000,0.3,2.20739e-1,-0.6561219008516943,0.4450791701873734,2.65602e-14,-13.575769170512714,0.07455805992630575
lottery,attacker IDs in one block of the list (binomial),100,67,34,0.3,,2900000,870000,0.3,2.20742e-1,-0.6561145571680207,0.44508998510407555,2.65897e-14,-13.575286945110072,0.07456059227310906
10th-block miner (v0.2 comparison),hypergeometric over mining IDs,100,67,34,0.3,0.5,1885000,870000,0.46153846153846156,9.94840e-1,-0.002246724382803933,37.64090134346621,2.10908e-5,-4.675907867957314,0.1292291837400564
10th-block miner (v0.2 comparison),hypergeometric over mining IDs,100,67,34,0.3,0.7,2291000,870000,0.379746835443038,8.21396e-1,-0.08544738026496645,1.8109229567143768,3.97929e-9,-8.40019393017171,0.09439349227464655
10th-block miner (v0.2 comparison),hypergeometric over mining IDs,100,67,34,0.3,1.0,2900000,870000,0.3,2.20739e-1,-0.6561219008516943,0.4450945182742105,2.65602e-14,-13.575769170512714,0.07456063098254652
lottery,attacker IDs spread through the list (hypergeometric),100,67,34,0.33,,2900000,957000,0.33,4.52951e-1,-0.34394840763518175,0.6726855343831986,3.86097e-12,-11.413303261923474,0.0809740203629896
lottery,attacker IDs in one block of the list (binomial),100,67,34,0.33,,2900000,957000,0.33,4.52952e-1,-0.3439479461338628,0.6726978475466013,3.86442e-12,-11.41291604231698,0.08097676354591726
10th-block miner (v0.2 comparison),hypergeometric over mining IDs,100,67,34,0.33,0.5,1928500,957000,0.49624060150375937,9.99431e-1,-0.0002473925904489249,279.02603860096326,3.33133e-4,-3.4773821848524555,0.15277058223984274
10th-block miner (v0.2 comparison),hypergeometric over mining IDs,100,67,34,0.33,0.7,2317100,957000,0.4130162703379224,9.44738e-1,-0.0246884602016344,4.816908069556114,1.90643e-7,-6.719779434145575,0.1060823443429427
10th-block miner (v0.2 comparison),hypergeometric over mining IDs,100,67,34,0.33,1.0,2900000,957000,0.33,4.52951e-1,-0.34394840763518175,0.6727087312359997,3.86097e-12,-11.413303261923474,0.08097681266687468
lottery,attacker IDs spread through the list (hypergeometric),100,67,34,0.4,,2900000,1160000,0.4,9.08750e-1,-0.04155549044166307,3.1661418324927335,4.48551e-8,-7.34818856391038,0.10118468043365728
lottery,attacker IDs in one block of the list (binomial),100,67,34,0.4,,2900000,1160000,0.4,9.08746e-1,-0.04155729706211986,3.1660877183374856,4.48784e-8,-7.347962447030987,0.1011880768570135
10th-block miner (v0.2 comparison),hypergeometric over mining IDs,100,67,34,0.4,0.5,2030000,1160000,0.5714285714285714,9.99999e-1,-4.197257226223883e-7,116478.65069177638,2.81970e-2,-1.5497977668832341,0.24732313884362775
10th-block miner (v0.2 comparison),hypergeometric over mining IDs,100,67,34,0.4,0.7,2378000,1160000,0.4878048780487805,9.98987e-1,-0.0004403420852447937,164.1967997614779,1.77924e-4,-3.749764854350623,0.14632430269680927
10th-block miner (v0.2 comparison),hypergeometric over mining IDs,100,67,34,0.4,1.0,2900000,1160000,0.4,9.08750e-1,-0.04155549044166307,3.166251013562167,4.48551e-8,-7.34818856391038,0.10118816968088767
lottery,attacker IDs spread through the list (hypergeometric),600,400,201,0.1,,2900000,290000,0.1,3.40012e-55,-54.46850526478077,0.11794504908240051,1.50052e-245,-244.82375743067266,0.04900103003271878
lottery,attacker IDs in one block of the list (binomial),600,400,201,0.1,,2900000,290000,0.1,3.53157e-55,-54.452031849296475,0.11796929519710529,1.87169e-245,-244.7277652430746,0.049011158628446905
10th-block miner (v0.2 comparison),hypergeometric over mining IDs,600,400,201,0.1,0.5,1595000,290000,0.18181818181818182,2.25619e-19,-18.646623567099464,0.17983896368265334,6.27373e-150,-149.2024741901196,0.05726721361771278
10th-block miner (v0.2 comparison),hypergeometric over mining IDs,600,400,201,0.1,0.7,2117000,290000,0.136986301369863,6.18755e-35,-34.208481030351464,0.13975040873044556,1.66611e-194,-193.77829727340807,0.05242838507810427
10th-block miner (v0.2 comparison),hypergeometric over mining IDs,600,400,201,0.1,1.0,2900000,290000,0.1,3.40012e-55,-54.46850526478077,0.11796945655617075,1.50052e-245,-244.82375743067266,0.04901117027484461
lottery,attacker IDs spread through the list (hypergeometric),600,400,201,0.2,,2900000,580000,0.2,6.72118e-15,-14.172554488953878,0.2033361378319675,2.81926e-135,-134.5498647089609,0.059481327149211276
lottery,attacker IDs in one block of the list (binomial),600,400,201,0.2,,2900000,580000,0.2,6.76896e-15,-14.169477961124468,0.2033774151962824,3.06727e-135,-134.51324859725085,0.05949361539264201
10th-block miner (v0.2 comparison),hypergeometric over mining IDs,600,400,201,0.2,0.5,1740000,580000,0.3333333333333333,4.80816e-1,-0.31802103092485723,1.7407415315428862,2.71655e-62,-61.5659815169861,0.08319612998977742
10th-block miner (v0.2 comparison),hypergeometric over mining IDs,600,400,201,0.2,0.7,2204000,580000,0.2631578947368421,5.72141e-5,-4.242496808578402,0.368144575210773,1.03692e-94,-93.9842534566337,0.06877929172692149
10th-block miner (v0.2 comparison),hypergeometric over mining IDs,600,400,201,0.2,1.0,2900000,580000,0.2,6.72118e-15,-14.172554488953878,0.20337821608357096,2.81926e-135,-134.5498647089609,0.0594936361773859
lottery,attacker IDs spread through the list (hypergeometric),600,400,201,0.25,,2900000,725000,0.25,1.94027e-6,-5.712137962240064,0.31564083842453416,4.37688e-102,-101.35883489182747,0.06659997063200969
lottery,attacker IDs in one block of the list (binomial),600,400,201,0.25,,2900000,725000,0.25,1.94501e-6,-5.711078329407542,0.3157033429447168,4.63529e-102,-101.333923488132,0.06661372366113744
10th-block miner (v0.2 comparison),hypergeometric over mining IDs,600,400,201,0.25,0.5,1812500,725000,0.4,9.99558e-1,-0.000192027575039333,884.9221280621107,1.03565e-39,-38.9847883459322,0.10384705536416361
10th-block miner (v0.2 comparison),hypergeometric over mining IDs,600,400,201,0.25,0.7,2247500,725000,0.3225806451612903,2.70801e-1,-0.5673500152836297,1.186298373417636,1.33186e-66,-65.87554192501625,0.08060835088735399
10th-block miner (v0.2 comparison),hypergeometric over mining IDs,600,400,201,0.25,1.0,2900000,725000,0.25,1.94027e-6,-5.712137962240064,0.315706156939763,4.37688e-102,-101.35883489182747,0.06661375278775888
lottery,attacker IDs spread through the list (hypergeometric),600,400,201,0.3,,2900000,870000,0.3,3.48687e-2,-1.4575646990568387,0.6649003523411968,2.25979e-76,-75.6459325149799,0.07564894024898236
lottery,attacker IDs in one block of the list (binomial),600,400,201,0.3,,2900000,870000,0.3,3.48832e-2,-1.45738325863109,0.665017611529055,2.35123e-76,-75.62870421168876,0.07566455240762988
10th-block miner (v0.2 comparison),hypergeometric over mining IDs,600,400,201,0.3,0.5,1885000,870000,0.46153846153846156,1.00000e0,-5.1311843662915635e-11,1802682049.223458,3.51970e-24,-23.453493754657863,0.13461557147822448
10th-block miner (v0.2 comparison),hypergeometric over mining IDs,600,400,201,0.3,0.7,2291000,870000,0.379746835443038,9.89749e-1,-0.0044748404339820524,51.376586615924545,7.18044e-46,-45.14384924420716,0.09656953229155375
10th-block miner (v0.2 comparison),hypergeometric over mining IDs,600,400,201,0.3,1.0,2900000,870000,0.3,3.48687e-2,-1.4575646990568387,0.6650379463990724,2.25979e-76,-75.6459325149799,0.07566459499277395
lottery,attacker IDs spread through the list (hypergeometric),600,400,201,0.33,,2900000,957000,0.33,4.12260e-1,-0.38482871210291947,1.5300654290649454,1.34218e-63,-62.87218943235678,0.08235930570108935
lottery,attacker IDs in one block of the list (binomial),600,400,201,0.33,,2900000,957000,0.33,4.12268e-1,-0.38482011635391444,1.5302468621743008,1.38551e-63,-62.85839106479163,0.08237629423419719
10th-block miner (v0.2 comparison),hypergeometric over mining IDs,600,400,201,0.33,0.5,1928500,957000,0.49624060150375937,1.00000e0,0.0,317480374561328.75,2.54932e-17,-16.59357496030175,0.1615061194201161
10th-block miner (v0.2 comparison),hypergeometric over mining IDs,600,400,201,0.33,0.7,2317100,957000,0.4130162703379224,9.99964e-1,-0.000015803106489187257,9159.794599591676,4.88524e-36,-35.31111385554057,0.10912922564569114
10th-block miner (v0.2 comparison),hypergeometric over mining IDs,600,400,201,0.33,1.0,2900000,957000,0.33,4.12260e-1,-0.38482871210291947,1.5303820598359459,1.34218e-63,-62.87218943235678,0.08237634908365837
lottery,attacker IDs spread through the list (hypergeometric),600,400,201,0.4,,2900000,1160000,0.4,9.99558e-1,-0.00019216731604032589,884.0888404146631,1.04714e-39,-38.97999664049696,0.10382550429240499
lottery,attacker IDs in one block of the list (binomial),600,400,201,0.4,,2900000,1160000,0.4,9.99557e-1,-0.0001924003704480981,883.1893003406191,1.06656e-39,-38.972013295399144,0.1038468807310516
10th-block miner (v0.2 comparison),hypergeometric over mining IDs,600,400,201,0.4,0.5,2030000,1160000,0.5714285714285714,1.00000e0,0.0,1.8667455902003776e30,1.12285e-6,-5.949677461371671,0.2825832136444335
10th-block miner (v0.2 comparison),hypergeometric over mining IDs,600,400,201,0.4,0.7,2378000,1160000,0.4878048780487805,1.00000e0,-7.105427357601002e-15,12951398840173.36,7.20397e-19,-18.14242820649113,0.15403648762845962
10th-block miner (v0.2 comparison),hypergeometric over mining IDs,600,400,201,0.4,1.0,2900000,1160000,0.4,9.99558e-1,-0.00019216731604032589,884.271793199463,1.04714e-39,-38.97999664049696,0.10384698987651737
lottery,attacker IDs spread through the list (hypergeometric),1000,667,334,0.1,,2900000,290000,0.1,4.47007e-90,-89.34968520071658,0.11852453679044253,1.91342e-408,-407.71818959844074,0.04896884663476213
lottery,attacker IDs in one block of the list (binomial),1000,667,334,0.1,,2900000,290000,0.1,4.96337e-90,-89.30422312078406,0.11856525701885151,3.54106e-408,-407.4508666566304,0.04898572662812468
10th-block miner (v0.2 comparison),hypergeometric over mining IDs,1000,667,334,0.1,0.5,1595000,290000,0.18181818181818182,9.32533e-31,-30.0303356250876,0.18159845400683433,5.67963e-249,-248.24568009227363,0.05723766110402411
10th-block miner (v0.2 comparison),hypergeometric over mining IDs,1000,667,334,0.1,0.7,2117000,290000,0.136986301369863,1.70056e-56,-55.76940849361148,0.14066727906661997,2.57841e-323,-322.5886482556352,0.05240107815007217
10th-block miner (v0.2 comparison),hypergeometric over mining IDs,1000,667,334,0.1,1.0,2900000,290000,0.1,4.47007e-90,-89.34968520071658,0.1185654214185179,1.91342e-408,-407.71818959844074,0.04898573826864787
lottery,attacker IDs spread through the list (hypergeometric),1000,667,334,0.2,,2900000,580000,0.2,2.24980e-23,-22.647855977235377,0.20573467296932735,1.71160e-224,-223.7665984031911,0.05944273768762922
lottery,attacker IDs in one block of the list (binomial),1000,667,334,0.2,,2900000,580000,0.2,2.29383e-23,-22.639438993333798,0.20580479788392944,2.16460e-224,-223.66462316699906,0.059463221460641105
10th-block miner (v0.2 comparison),hypergeometric over mining IDs,1000,667,334,0.2,0.5,1740000,580000,0.3333333333333333,4.94053e-1,-0.30622645637973633,2.307817606706268,8.81374e-103,-102.05483959641097,0.08316775062328882
10th-block miner (v0.2 comparison),hypergeometric over mining IDs,1000,667,334,0.2,0.7,2204000,580000,0.2631578947368421,4.07445e-7,-6.3899311983006335,0.37983081922472095,7.65443e-157,-156.1160872240308,0.06874701523090948
10th-block miner (v0.2 comparison),hypergeometric over mining IDs,1000,667,334,0.2,1.0,2900000,580000,0.2,2.24980e-23,-22.647855977235377,0.2058056404315451,1.71160e-224,-223.7665984031911,0.05946324225392368
lottery,attacker IDs spread through the list (hypergeometric),1000,667,334,0.25,,2900000,725000,0.25,1.68606e-9,-8.773126203694861,0.32336499061697965,3.91277e-169,-168.40751592661667,0.06655869500119187
lottery,attacker IDs in one block of the list (binomial),1000,667,334,0.25,,2900000,725000,0.25,1.69719e-9,-8.770270211039723,0.32347340055005375,4.59058e-169,-168.33813221620807,0.0665816250316222
10th-block miner (v0.2 comparison),hypergeometric over mining IDs,1000,667,334,0.25,0.5,1812500,725000,0.4,9.99993e-1,-3.1107044442535425e-6,55633.783009583894,3.97545e-65,-64.40061335949113,0.10384448238352742
10th-block miner (v0.2 comparison),hypergeometric over mining IDs,1000,667,334,0.25,0.7,2247500,725000,0.3225806451612903,2.29460e-1,-0.639292632385704,1.4176758495515283,5.80836e-110,-109.2359465982002,0.08057854382059947
10th-block miner (v0.2 comparison),hypergeometric over mining IDs,1000,667,334,0.25,1.0,2900000,725000,0.25,1.68606e-9,-8.773126203694861,0.3234765342494795,3.91277e-169,-168.40751592661667,0.06658165419229266
lottery,attacker IDs spread through the list (hypergeometric),1000,667,334,0.3,,2900000,870000,0.3,1.09096e-2,-1.9621926706278998,0.7197393402386854,2.98820e-126,-125.52459041464238,0.07560691202795798
lottery,attacker IDs in one block of the list (binomial),1000,667,334,0.3,,2900000,870000,0.3,1.09211e-2,-1.9617344070504075,0.719959706033439,3.33733e-126,-125.47660106288815,0.07563294968750811
10th-block miner (v0.2 comparison),hypergeometric over mining IDs,1000,667,334,0.3,0.5,1885000,870000,0.46153846153846156,1.00000e0,0.0,2187952463837502.0,3.04939e-39,-38.515787058770684,0.1347137461186182
10th-block miner (v0.2 comparison),hypergeometric over mining IDs,1000,667,334,0.3,0.7,2291000,870000,0.379746835443038,9.98808e-1,-0.0005179388073450752,461.1116354999481,2.15918e-75,-74.66571131956505,0.09655466822966231
10th-block miner (v0.2 comparison),hypergeometric over mining IDs,1000,667,334,0.3,1.0,2900000,870000,0.3,1.09096e-2,-1.9621926706278998,0.7199876118289713,2.98820e-126,-125.52459041464238,0.07563299237015458
lottery,attacker IDs spread through the list (hypergeometric),1000,667,334,0.33,,2900000,957000,0.33,4.05552e-1,-0.39195309935226064,1.9514665792754193,5.98494e-105,-104.22293992872598,0.08231908365462699
lottery,attacker IDs in one block of the list (binomial),1000,667,334,0.33,,2900000,957000,0.33,4.05567e-1,-0.39193704538475416,1.951857005865544,6.53879e-105,-104.18450234354937,0.08234742431041317
10th-block miner (v0.2 comparison),hypergeometric over mining IDs,1000,667,334,0.33,0.5,1928500,957000,0.49624060150375937,1.00000e0,0.0,1.3363092868272734e24,8.07409e-28,-27.09290657609579,0.16177355471751867
10th-block miner (v0.2 comparison),hypergeometric over mining IDs,1000,667,334,0.33,0.7,2317100,957000,0.4130162703379224,1.00000e0,-5.1556337865577007e-8,2843526.1199781294,5.32476e-59,-58.27369990197508,0.10913805148855439
10th-block miner (v0.2 comparison),hypergeometric over mining IDs,1000,667,334,0.33,1.0,2900000,957000,0.33,4.05552e-1,-0.39195309935226064,1.9521397309067667,5.98494e-105,-104.22293992872598,0.08234747933715704
lottery,attacker IDs spread through the list (hypergeometric),1000,667,334,0.4,,2900000,1160000,0.4,9.99993e-1,-3.1169410483755655e-6,55502.858047893984,4.09958e-65,-64.38726084913537,0.10380860802662772
lottery,attacker IDs in one block of the list (binomial),1000,667,334,0.4,,2900000,1160000,0.4,9.99993e-1,-3.1273576546198e-6,55336.30126694722,4.31499e-65,-64.3650198294467,0.10384430655099101
10th-block miner (v0.2 comparison),hypergeometric over mining IDs,1000,667,334,0.4,0.5,2030000,1160000,0.5714285714285714,1.00000e0,0.0,3.1477828298701436e50,3.82175e-10,-9.417737263632631,0.2850221567984968
10th-block miner (v0.2 comparison),hypergeometric over mining IDs,1000,667,334,0.4,0.7,2378000,1160000,0.4878048780487805,1.00000e0,0.0,6.296275299799372e21,2.13860e-30,-29.66987003890325,0.1542481444034613
10th-block miner (v0.2 comparison),hypergeometric over mining IDs,1000,667,334,0.4,1.0,2900000,1160000,0.4,9.99993e-1,-3.1169410483755655e-6,55522.00356636514,4.09958e-65,-64.38726084913537,0.10384441644609191
