rule,model,committee_size,attacker_fraction,honest_mining_fraction,state,threshold_seats,entries_per_year_exact,share_of_time,mean_episode_refreshes,mean_episode_hours,refreshes_per_year,seconds_per_refresh,brief_independent_compositions_per_year,brief_estimate_events_per_year,ratio_exact_to_brief_estimate
lottery,attacker IDs spread through the list (hypergeometric),30,0.1,,stall,11,7.67880e0,8.90679e-5,3.6579215446282034,0.10160893179522787,315360.0,100.0,10512.0,9.36282e-1,8.20137874308872
lottery,attacker IDs spread through the list (hypergeometric),30,0.1,,capture,20,1.98121e-8,1.10507e-13,1.7590006851336228,0.04886113014260063,315360.0,100.0,10512.0,1.16165e-9,17.055138325725576
lottery,attacker IDs in one block of the list (binomial),30,0.1,,stall,11,7.67959e0,8.90779e-5,3.657956086687332,0.10160989129687034,315360.0,100.0,10512.0,9.36387e-1,8.201301297514533
lottery,attacker IDs in one block of the list (binomial),30,0.1,,capture,20,1.98224e-8,1.10565e-13,1.7590184941785476,0.04886162483829298,315360.0,100.0,10512.0,1.16226e-9,17.054965652313875
10th-block miner (v0.2 comparison),hypergeometric over mining IDs,30,0.1,0.5,stall,11,8.19346e2,1.29734e-2,4.99327954807042,0.13870481853668304,315354.06846394984,100.00188091312063,10511.80228213166,1.36374e2,6.00807539637813
10th-block miner (v0.2 comparison),hypergeometric over mining IDs,30,0.1,0.5,capture,20,1.08242e-3,7.02406e-9,2.046392632753475,0.056845308989472335,315354.06846394984,100.00188091312063,10511.80228213166,7.38355e-5,14.659943316759412
10th-block miner (v0.2 comparison),hypergeometric over mining IDs,30,0.1,0.7,stall,11,1.05743e2,1.39799e-3,4.169211730958081,0.11581307815780545,315355.53103448276,100.00141711975134,10511.85103448276,1.46955e1,7.195604813552134
10th-block miner (v0.2 comparison),hypergeometric over mining IDs,30,0.1,0.7,capture,20,6.76109e-6,4.02736e-11,1.878469077556543,0.05218043604757955,315355.53103448276,100.00141711975134,10511.85103448276,4.23350e-7,15.970451874045812
10th-block miner (v0.2 comparison),hypergeometric over mining IDs,30,0.1,1.0,stall,11,7.67873e0,8.90679e-5,3.6579215446282034,0.10160998293298235,315356.7376551724,100.00103449346028,10511.891255172413,9.36272e-1,8.20137874308872
10th-block miner (v0.2 comparison),hypergeometric over mining IDs,30,0.1,1.0,capture,20,1.98119e-8,1.10507e-13,1.7590006851336228,0.04886163560779658,315356.7376551724,100.00103449346028,10511.891255172413,1.16164e-9,17.055138325725576
lottery,attacker IDs spread through the list (hypergeometric),30,0.2,,stall,11,1.49146e3,2.56156e-2,5.416278806370017,0.1504521890658338,315360.0,100.0,10512.0,2.69271e2,5.538858148276521
lottery,attacker IDs spread through the list (hypergeometric),30,0.2,,capture,20,5.68846e-3,3.82975e-8,2.12316068623827,0.05897668572884084,315360.0,100.0,10512.0,4.02584e-4,14.129877307191844
lottery,attacker IDs in one block of the list (binomial),30,0.2,,stall,11,1.49148e3,2.56163e-2,5.416325866612233,0.15045349629478424,315360.0,100.0,10512.0,2.69278e2,5.538810023401379
lottery,attacker IDs in one block of the list (binomial),30,0.2,,capture,20,5.68955e-3,3.83052e-8,2.123181992441523,0.05897727756782008,315360.0,100.0,10512.0,4.02665e-4,14.129735513394179
10th-block miner (v0.2 comparison),hypergeometric over mining IDs,30,0.2,0.5,stall,11,1.07232e4,4.15240e-1,12.211618132664254,0.339217463373184,315354.5627586207,100.00172416765807,10511.81875862069,4.36493e3,2.4566768854124645
10th-block miner (v0.2 comparison),hypergeometric over mining IDs,30,0.2,0.5,capture,20,2.09413e1,1.93735e-4,2.9174487765021553,0.08104164106140001,315354.5627586207,100.00172416765807,10511.81875862069,2.03651e0,10.282956890838093
10th-block miner (v0.2 comparison),hypergeometric over mining IDs,30,0.2,0.7,stall,11,5.89319e3,1.40692e-1,7.528702266374961,0.20913346515467812,315355.70744101633,100.00136118005236,10511.856914700544,1.47894e3,3.9847504840226433
10th-block miner (v0.2 comparison),hypergeometric over mining IDs,30,0.2,0.7,capture,20,5.57010e-1,4.30882e-6,2.4394731407682224,0.06776406517749992,315355.70744101633,100.00136118005236,10511.856914700544,4.52937e-2,12.297737367402455
10th-block miner (v0.2 comparison),hypergeometric over mining IDs,30,0.2,1.0,stall,11,1.49144e3,2.56156e-2,5.416278806370017,0.15045374548389054,315356.7376551724,100.00103449346028,10511.891255172413,2.69269e2,5.538858148276521
10th-block miner (v0.2 comparison),hypergeometric over mining IDs,30,0.2,1.0,capture,20,5.68840e-3,3.82975e-8,2.12316068623827,0.058977295838797794,315356.7376551724,100.00103449346028,10511.891255172413,4.02580e-4,14.129877307191844
lottery,attacker IDs spread through the list (hypergeometric),30,0.25,,stall,11,4.77586e3,1.05727e-1,6.98136782913381,0.19392688414260584,315360.0,100.0,10512.0,1.11140e3,4.297152181956032
lottery,attacker IDs spread through the list (hypergeometric),30,0.25,,capture,20,2.42609e-1,1.82039e-6,2.3662755451870754,0.06572987625519654,315360.0,100.0,10512.0,1.91360e-2,12.678151562280641
lottery,attacker IDs in one block of the list (binomial),30,0.25,,stall,11,4.77588e3,1.05728e-1,6.981423629737892,0.19392843415938588,315360.0,100.0,10512.0,1.11141e3,4.297117835997342
lottery,attacker IDs in one block of the list (binomial),30,0.25,,capture,20,2.42640e-1,1.82064e-6,2.366299135937118,0.06573053155380884,315360.0,100.0,10512.0,1.91386e-2,12.678025167819364
10th-block miner (v0.2 comparison),hypergeometric over mining IDs,30,0.25,0.5,stall,11,9.68653e3,7.08530e-1,23.06691244905654,0.6407581736818783,315354.78024827584,100.0016551998102,10511.826008275862,7.44794e3,1.3005641767729095
10th-block miner (v0.2 comparison),hypergeometric over mining IDs,30,0.25,0.5,capture,20,2.51953e2,2.85368e-3,3.571779926520952,0.09921775129487548,315354.78024827584,100.0016551998102,10511.826008275862,2.99974e1,8.39917369411422
10th-block miner (v0.2 comparison),hypergeometric over mining IDs,30,0.25,0.7,stall,11,1.02958e4,3.66401e-1,11.222766675592696,0.311747680025819,315355.7905228031,100.00133483428033,10511.859684093437,3.85156e3,2.6731376377309957
10th-block miner (v0.2 comparison),hypergeometric over mining IDs,30,0.25,0.7,capture,20,1.29611e1,1.16432e-4,2.8329016072466833,0.07869276171634625,315355.7905228031,100.00133483428033,10511.859684093437,1.22392e0,10.589848910833584
10th-block miner (v0.2 comparison),hypergeometric over mining IDs,30,0.25,1.0,stall,11,4.77581e3,1.05727e-1,6.98136782913381,0.19392889030354005,315356.7376551724,100.00103449346028,10511.891255172413,1.11139e3,4.297152181956032
10th-block miner (v0.2 comparison),hypergeometric over mining IDs,30,0.25,1.0,capture,20,2.42606e-1,1.82039e-6,2.3662755451870754,0.06573055622646785,315356.7376551724,100.00103449346028,10511.891255172413,1.91358e-2,12.678151562280641
lottery,attacker IDs spread through the list (hypergeometric),30,0.3,,stall,11,8.92861e3,2.69629e-1,9.523329870409361,0.26453694084470447,315360.0,100.0,10512.0,2.83434e3,3.150158653352459
lottery,attacker IDs spread through the list (hypergeometric),30,0.3,,capture,20,4.35466e0,3.68666e-5,2.6698391466727833,0.07416219851868842,315360.0,100.0,10512.0,3.87541e-1,11.236632003612169
lottery,attacker IDs in one block of the list (binomial),30,0.3,,stall,11,8.92858e3,2.69630e-1,9.523395511445033,0.26453876420680644,315360.0,100.0,10512.0,2.83435e3,3.1501369405425383
lottery,attacker IDs in one block of the list (binomial),30,0.3,,capture,20,4.35503e0,3.68701e-5,2.669865530053702,0.0741629313903806,315360.0,100.0,10512.0,3.87578e-1,11.236520964183757
10th-block miner (v0.2 comparison),hypergeometric over mining IDs,30,0.3,0.5,stall,11,5.36859e3,8.90567e-1,52.31263602912939,1.4531519056729594,315354.98100795754,100.00159153726584,10511.832700265251,9.36150e3,0.5734752112911117
10th-block miner (v0.2 comparison),hypergeometric over mining IDs,30,0.3,0.5,capture,20,1.34069e3,1.90343e-2,4.477218297519287,0.12436915428102681,315354.98100795754,100.00159153726584,10511.832700265251,2.00086e2,6.700589072599438
10th-block miner (v0.2 comparison),hypergeometric over mining IDs,30,0.3,0.7,stall,11,1.06243e4,6.25951e-1,18.57978359894665,0.5161118583102206,315355.8704495853,100.00130948899374,10511.862348319512,6.57991e3,1.6146582031074246
10th-block miner (v0.2 comparison),hypergeometric over mining IDs,30,0.3,0.7,capture,20,1.28411e2,1.36223e-3,3.3454185248445345,0.09292950924255311,315355.8704495853,100.00130948899374,10511.862348319512,1.43196e1,8.967487857560105
10th-block miner (v0.2 comparison),hypergeometric over mining IDs,30,0.3,1.0,stall,11,8.92852e3,2.69629e-1,9.523329870409361,0.26453967746205753,315356.7376551724,100.00103449346028,10511.891255172413,2.83431e3,3.150158653352459
10th-block miner (v0.2 comparison),hypergeometric over mining IDs,30,0.3,1.0,capture,20,4.35462e0,3.68666e-5,2.6698391466727833,0.0741629657217821,315356.7376551724,100.00103449346028,10511.891255172413,3.87537e-1,11.236632003612169
lottery,attacker IDs spread through the list (hypergeometric),30,0.33,,stall,11,1.06081e4,3.99980e-1,11.890662020593954,0.33029616723872096,315360.0,100.0,10512.0,4.20459e3,2.52298820267885
lottery,attacker IDs spread through the list (hypergeometric),30,0.33,,capture,20,1.80951e1,1.65868e-4,2.8907418847300703,0.0802983856869464,315360.0,100.0,10512.0,1.74361e0,10.377958737329923
lottery,attacker IDs in one block of the list (binomial),30,0.33,,stall,11,1.06081e4,3.99981e-1,11.890732564020725,0.33029812677835346,315360.0,100.0,10512.0,4.20460e3,2.5229732347000002
lottery,attacker IDs in one block of the list (binomial),30,0.33,,capture,20,1.80963e1,1.65881e-4,2.8907702568210456,0.08029917380058459,315360.0,100.0,10512.0,1.74374e0,10.377856880605494
10th-block miner (v0.2 comparison),hypergeometric over mining IDs,30,0.33,0.5,stall,11,3.14452e3,9.46281e-1,94.8998390934979,2.6361476497460954,315355.0942183044,100.00155563737056,10511.83647394348,9.94715e3,0.31612276992844196
10th-block miner (v0.2 comparison),hypergeometric over mining IDs,30,0.33,0.5,capture,20,2.74647e3,4.52999e-2,5.201411365513039,0.1444858966836677,315355.0942183044,100.00155563737056,10511.83647394348,4.76185e2,5.767665330012013
10th-block miner (v0.2 comparison),hypergeometric over mining IDs,30,0.33,0.7,stall,11,8.88472e3,7.56247e-1,26.84238689410031,0.7456315120235641,315355.916965172,100.00129473861385,10511.863898839067,7.94957e3,1.1176353324448096
10th-block miner (v0.2 comparison),hypergeometric over mining IDs,30,0.33,0.7,capture,20,3.75574e2,4.44604e-3,3.7331790820873834,0.10370076158329121,315355.916965172,100.00129473861385,10511.863898839067,4.67362e1,8.036046313434738
10th-block miner (v0.2 comparison),hypergeometric over mining IDs,30,0.33,1.0,stall,11,1.06080e4,3.99980e-1,11.890662020593954,0.33029958413097055,315356.7376551724,100.00103449346028,10511.891255172413,4.20455e3,2.52298820267885
10th-block miner (v0.2 comparison),hypergeometric over mining IDs,30,0.33,1.0,capture,20,1.80949e1,1.65868e-4,2.8907418847300703,0.08029921636849503,315356.7376551724,100.00103449346028,10511.891255172413,1.74359e0,10.377958737329923
lottery,attacker IDs spread through the list (hypergeometric),30,0.4,,stall,11,9.68667e3,7.08529e-1,23.066943461287842,0.6407484294802178,315360.0,100.0,10512.0,7.44806e3,1.3005624282362152
lottery,attacker IDs spread through the list (hypergeometric),30,0.4,,capture,20,2.51963e2,2.85376e-3,3.571800484514392,0.09921668012539978,315360.0,100.0,10512.0,2.99987e1,8.399125351504253
lottery,attacker IDs in one block of the list (binomial),30,0.4,,stall,11,9.68663e3,7.08528e-1,23.066995148339192,0.6407498652316442,315360.0,100.0,10512.0,7.44805e3,1.300559514018885
lottery,attacker IDs in one block of the list (binomial),30,0.4,,capture,20,2.51971e2,2.85388e-3,3.571834747801215,0.09921763188336709,315360.0,100.0,10512.0,3.00000e1,8.39904478180792
10th-block miner (v0.2 comparison),hypergeometric over mining IDs,30,0.4,0.5,stall,11,5.85479e2,9.92676e-1,534.6831590417631,14.852529468891703,315355.3395073892,100.00147785435253,10511.844650246305,1.04349e4,0.05610799497363027
10th-block miner (v0.2 comparison),hypergeometric over mining IDs,30,0.4,0.5,capture,20,7.79788e3,1.93046e-1,7.806999421953809,0.21686429994540468,315355.3395073892,100.00147785435253,10511.844650246305,2.02927e3,3.8427055490279627
10th-block miner (v0.2 comparison),hypergeometric over mining IDs,30,0.4,0.7,stall,11,3.62990e3,9.35415e-1,81.26626853512226,2.2574248270644564,315356.02153069805,100.00126158025543,10511.867384356603,9.83296e3,0.36915685364628714
10th-block miner (v0.2 comparison),hypergeometric over mining IDs,30,0.4,0.7,capture,20,2.33986e3,3.71457e-2,5.006347401973149,0.1390669600295414,315356.02153069805,100.00126158025543,10511.867384356603,3.90471e2,5.9923927748554
10th-block miner (v0.2 comparison),hypergeometric over mining IDs,30,0.4,1.0,stall,11,9.68657e3,7.08529e-1,23.066943461287842,0.6407550579808176,315356.7376551724,100.00103449346028,10511.891255172413,7.44798e3,1.3005624282362152
10th-block miner (v0.2 comparison),hypergeometric over mining IDs,30,0.4,1.0,capture,20,2.51960e2,2.85376e-3,3.571800484514392,0.09921770651546719,315356.7376551724,100.00103449346028,10511.891255172413,2.99984e1,8.399125351504253
lottery,attacker IDs spread through the list (hypergeometric),100,0.1,,stall,34,5.34622e-6,6.98829e-11,4.122218071587057,0.11450605754408494,315360.0,100.0,3153.6,2.20383e-7,24.258784533808015
lottery,attacker IDs spread through the list (hypergeometric),100,0.1,,capture,67,1.72126e-37,9.56575e-43,1.7525827146248083,0.04868285318402245,315360.0,100.0,3153.6,3.01666e-39,57.058647883222974
lottery,attacker IDs in one block of the list (binomial),100,0.1,,stall,34,5.35178e-6,6.99580e-11,4.1223551620661985,0.11450986561294996,315360.0,100.0,3153.6,2.20620e-7,24.25797779875866
lottery,attacker IDs in one block of the list (binomial),100,0.1,,capture,67,1.73179e-37,9.62460e-43,1.7526427493677257,0.04868452081577016,315360.0,100.0,3153.6,3.03521e-39,57.05669340547324
10th-block miner (v0.2 comparison),hypergeometric over mining IDs,100,0.1,0.5,stall,34,6.06218e0,1.16661e-4,6.068424114872481,0.16857790567192663,315340.2282131661,100.00626998557904,3153.4022821316617,3.67879e-1,16.478742768640743
10th-block miner (v0.2 comparison),hypergeometric over mining IDs,100,0.1,0.5,capture,67,1.67762e-21,1.08704e-26,2.0432898346532666,0.05676160968420104,315340.2282131661,100.00626998557904,3153.4022821316617,3.42787e-23,48.94068296334933
10th-block miner (v0.2 comparison),hypergeometric over mining IDs,100,0.1,0.7,stall,34,1.42596e-2,2.18347e-7,4.828654389977201,0.1341356247287928,315345.1034482759,100.00472388870519,3153.4510344827586,6.88548e-4,20.709703350807047
10th-block miner (v0.2 comparison),hypergeometric over mining IDs,100,0.1,0.7,capture,67,5.94006e-29,3.52835e-34,1.8731266368666526,0.05203375336900793,315345.1034482759,100.00472388870519,3153.4510344827586,1.11265e-30,53.386673400405535
10th-block miner (v0.2 comparison),hypergeometric over mining IDs,100,0.1,1.0,stall,34,5.34603e-6,6.98829e-11,4.122218071587057,0.11451000616498717,315349.12551724137,100.00344839477224,3153.4912551724137,2.20375e-7,24.258784533808015
10th-block miner (v0.2 comparison),hypergeometric over mining IDs,100,0.1,1.0,capture,67,1.72120e-37,9.56575e-43,1.7525827146248083,0.04868453196098663,315349.12551724137,100.00344839477224,3153.4912551724137,3.01655e-39,57.058647883222974
lottery,attacker IDs spread through the list (hypergeometric),100,0.2,,stall,34,3.43733e1,7.36729e-4,6.759155339573434,0.18775431498815096,315360.0,100.0,3153.6,2.32335e0,14.794748008604124
lottery,attacker IDs spread through the list (hypergeometric),100,0.2,,capture,67,4.64853e-19,3.12708e-24,2.1214391330598894,0.05892886480721915,315360.0,100.0,3153.6,9.86157e-21,47.13781246024415
lottery,attacker IDs in one block of the list (binomial),100,0.2,,stall,34,3.43795e1,7.36884e-4,6.759368642715149,0.1877602400754208,315360.0,100.0,3153.6,2.32384e0,14.794281135675908
lottery,attacker IDs in one block of the list (binomial),100,0.2,,capture,67,4.65929e-19,3.13443e-24,2.121511585816948,0.05893087738380412,315360.0,100.0,3153.6,9.88474e-21,47.136202634260975
10th-block miner (v0.2 comparison),hypergeometric over mining IDs,100,0.2,0.5,stall,34,5.94294e3,4.81197e-1,25.533083772632562,0.7092930909883176,315341.87586206896,100.00574745675038,3153.4187586206895,1.51741e3,3.916487365587396
10th-block miner (v0.2 comparison),hypergeometric over mining IDs,100,0.2,0.5,capture,67,6.90865e-7,6.44787e-12,2.9430985843334128,0.0817574371569908,315341.87586206896,100.00574745675038,3153.4187586206895,2.03328e-8,33.97779487656856
10th-block miner (v0.2 comparison),hypergeometric over mining IDs,100,0.2,0.7,stall,34,1.56913e3,5.41017e-2,10.872733598018643,0.3020340816284401,315345.69147005444,100.0045374109533,3153.4569147005445,1.70607e2,9.197319064105754
10th-block miner (v0.2 comparison),hypergeometric over mining IDs,100,0.2,0.7,capture,67,2.74568e-12,2.12928e-17,2.44551477236316,0.06793404820606405,315345.69147005444,100.0045374109533,3153.4569147005445,6.71460e-14,40.891186236167194
10th-block miner (v0.2 comparison),hypergeometric over mining IDs,100,0.2,1.0,stall,34,3.43722e1,7.36729e-4,6.759155339573434,0.18776078949813363,315349.12551724137,100.00344839477224,3153.4912551724137,2.32327e0,14.794748008604124
10th-block miner (v0.2 comparison),hypergeometric over mining IDs,100,0.2,1.0,capture,67,4.64837e-19,3.12708e-24,2.1214391330598894,0.0589308969071125,315349.12551724137,100.00344839477224,3153.4912551724137,9.86123e-21,47.13781246024415
lottery,attacker IDs spread through the list (hypergeometric),100,0.25,,stall,34,8.98037e2,2.75924e-2,9.689515956552833,0.2691532210153565,315360.0,100.0,3153.6,8.70154e1,10.320432976053041
lottery,attacker IDs spread through the list (hypergeometric),100,0.25,,capture,67,1.61300e-13,1.21230e-18,2.370194312698919,0.0658387309083033,315360.0,100.0,3153.6,3.82312e-15,42.19063368105499
lottery,attacker IDs in one block of the list (binomial),100,0.25,,stall,34,8.98081e2,2.75946e-2,9.6898001123575,0.2691611142321527,315360.0,100.0,3153.6,8.70222e1,10.320130326782387
lottery,attacker IDs in one block of the list (binomial),100,0.25,,capture,67,1.61553e-13,1.21424e-18,2.3702750750100945,0.06584097430583595,315360.0,100.0,3153.6,3.82924e-15,42.189196120865475
10th-block miner (v0.2 comparison),hypergeometric over mining IDs,100,0.25,0.5,stall,34,2.51415e3,9.08752e-1,113.98227493460686,3.1663489988562574,315342.6008275862,100.00551754579563,3153.426008275862,2.86568e3,0.8773293922881547
10th-block miner (v0.2 comparison),hypergeometric over mining IDs,100,0.25,0.5,capture,67,3.88195e-3,4.48410e-8,3.642575132765682,0.1011882253754659,315342.6008275862,100.00551754579563,3153.426008275862,1.41403e-4,27.45310566156351
10th-block miner (v0.2 comparison),hypergeometric over mining IDs,100,0.25,0.7,stall,34,5.69379e3,3.90790e-1,21.64358309995641,0.601237393051131,315345.96840934374,100.00444958618849,3153.4596840934373,1.23234e3,4.6203070692209645
10th-block miner (v0.2 comparison),hypergeometric over mining IDs,100,0.25,0.7,capture,67,1.32327e-7,1.19775e-12,2.8543477535389674,0.07929096556117722,315345.96840934374,100.00444958618849,3153.4596840934373,3.77706e-9,35.03427354848927
10th-block miner (v0.2 comparison),hypergeometric over mining IDs,100,0.25,1.0,stall,34,8.98006e2,2.75924e-2,9.689515956552833,0.2691625024809593,315349.12551724137,100.00344839477224,3153.4912551724137,8.70124e1,10.320432976053041
10th-block miner (v0.2 comparison),hypergeometric over mining IDs,100,0.25,1.0,capture,67,1.61294e-13,1.21230e-18,2.370194312698919,0.06584100128765805,315349.12551724137,100.00344839477224,3153.4912551724137,3.82299e-15,42.19063368105499
lottery,attacker IDs spread through the list (hypergeometric),100,0.3,,stall,34,4.34455e3,2.20739e-1,16.022850126745443,0.4450791701873734,315360.0,100.0,3153.6,6.96121e2,6.241086898333984
lottery,attacker IDs spread through the list (hypergeometric),100,0.3,,capture,67,3.12062e-9,2.65602e-14,2.684090157347007,0.07455805992630575,315360.0,100.0,3153.6,8.37601e-11,37.25657266998864
lottery,attacker IDs in one block of the list (binomial),100,0.3,,stall,34,4.34452e3,2.20742e-1,16.02323946374672,0.44508998510407555,315360.0,100.0,3153.6,6.96133e2,6.240935250718456
lottery,attacker IDs in one block of the list (binomial),100,0.3,,capture,67,3.12398e-9,2.65897e-14,2.684181321831926,0.07456059227310906,315360.0,100.0,3153.6,8.38532e-11,37.255307302321526
10th-block miner (v0.2 comparison),hypergeometric over mining IDs,100,0.3,0.5,stall,34,2.31525e2,9.94840e-1,1355.0005612322443,37.64090134346621,315343.2700265252,100.0053053212372,3153.432700265252,3.13716e3,0.07380070743960393
10th-block miner (v0.2 comparison),hypergeometric over mining IDs,100,0.3,0.5,capture,67,1.42967e0,2.10908e-5,4.652003810895895,0.1292291837400564,315343.2700265252,100.0053053212372,3153.432700265252,6.65083e-2,21.496113086962787
10th-block miner (v0.2 comparison),hypergeometric over mining IDs,100,0.3,0.7,stall,34,3.97335e3,8.21396e-1,65.19038081856428,1.8109229567143768,315346.2348319511,100.0043650966869,3153.462348319511,2.59024e3,1.533968642986098
10th-block miner (v0.2 comparison),hypergeometric over mining IDs,100,0.3,0.7,capture,67,3.69290e-4,3.97929e-9,3.3980173951425408,0.09439349227464655,315346.2348319511,100.0043650966869,3153.462348319511,1.25486e-5,29.428925273587417
10th-block miner (v0.2 comparison),hypergeometric over mining IDs,100,0.3,1.0,stall,34,4.34440e3,2.20739e-1,16.022850126745443,0.4450945182742105,315349.12551724137,100.00344839477224,3153.4912551724137,6.96097e2,6.241086898333984
10th-block miner (v0.2 comparison),hypergeometric over mining IDs,100,0.3,1.0,capture,67,3.12051e-9,2.65602e-14,2.684090157347007,0.07456063098254652,315349.12551724137,100.00344839477224,3153.4912551724137,8.37573e-11,37.25657266998864
lottery,attacker IDs spread through the list (hypergeometric),100,0.33,,stall,34,5.89853e3,4.52951e-1,24.216679237795148,0.6726855343831986,315360.0,100.0,3153.6,1.42843e3,4.129385330583611
lottery,attacker IDs spread through the list (hypergeometric),100,0.33,,capture,67,4.17691e-7,3.86097e-12,2.915064733067626,0.0809740203629896,315360.0,100.0,3153.6,1.21760e-8,34.30455552689098
lottery,attacker IDs in one block of the list (binomial),100,0.33,,stall,34,5.89843e3,4.52952e-1,24.217122511677648,0.6726978475466013,315360.0,100.0,3153.6,1.42843e3,4.129309745688381
lottery,attacker IDs in one block of the list (binomial),100,0.33,,capture,67,4.18049e-7,3.86442e-12,2.9151634876530217,0.08097676354591726,315360.0,100.0,3153.6,1.21868e-8,34.30339341980073
10th-block miner (v0.2 comparison),hypergeometric over mining IDs,100,0.33,0.5,stall,34,3.13770e1,9.99431e-1,10044.416521737885,279.02603860096326,315343.64739434794,100.00518564613151,3153.4364739434795,3.15164e3,0.009955779888615969
10th-block miner (v0.2 comparison),hypergeometric over mining IDs,100,0.33,0.5,capture,67,1.91021e1,3.33133e-4,5.4994557783185165,0.15277058223984274,315343.64739434794,100.00518564613151,3153.4364739434795,1.05051e0,18.18361743979246
10th-block miner (v0.2 comparison),hypergeometric over mining IDs,100,0.33,0.7,stall,34,1.71810e3,9.44738e-1,173.4012066366642,4.816908069556114,315346.3898839066,100.00431592576608,3153.463898839066,2.97920e3,0.5766972556859697
10th-block miner (v0.2 comparison),hypergeometric over mining IDs,100,0.33,0.7,capture,67,1.57428e-2,1.90643e-7,3.818799579790918,0.1060823443429427,315346.3898839066,100.00431592576608,3153.463898839066,6.01185e-4,26.186239395541953
10th-block miner (v0.2 comparison),hypergeometric over mining IDs,100,0.33,1.0,stall,34,5.89832e3,4.52951e-1,24.216679237795148,0.6727087312359997,315349.12551724137,100.00344839477224,3153.4912551724137,1.42838e3,4.129385330583611
10th-block miner (v0.2 comparison),hypergeometric over mining IDs,100,0.33,1.0,capture,67,4.17677e-7,3.86097e-12,2.915064733067626,0.08097681266687468,315349.12551724137,100.00344839477224,3153.4912551724137,1.21755e-8,34.30455552689098
lottery,attacker IDs spread through the list (hypergeometric),100,0.4,,stall,34,2.51431e3,9.08750e-1,113.98110596973841,3.1661418324927335,315360.0,100.0,3153.6,2.86583e3,0.8773383899832455
lottery,attacker IDs spread through the list (hypergeometric),100,0.4,,capture,67,3.88330e-3,4.48551e-8,3.6426484956116623,0.10118468043365728,315360.0,100.0,3153.6,1.41455e-4,27.45255275672936
lottery,attacker IDs in one block of the list (binomial),100,0.4,,stall,34,2.51434e3,9.08746e-1,113.97915786014948,3.1660877183374856,315360.0,100.0,3153.6,2.86582e3,0.8773533852803012
lottery,attacker IDs in one block of the list (binomial),100,0.4,,capture,67,3.88519e-3,4.48784e-8,3.6427707668524865,0.1011880768570135,315360.0,100.0,3153.6,1.41529e-4,27.451631299436496
10th-block miner (v0.2 comparison),hypergeometric over mining IDs,100,0.4,0.5,stall,34,7.52068e-2,9.99999e-1,4193024.8617795696,116478.65069177638,315344.46502463054,100.00492635105178,3153.4446502463056,3.15344e3,0.00002384913118725435
10th-block miner (v0.2 comparison),hypergeometric over mining IDs,100,0.4,0.5,capture,67,9.98715e2,2.81970e-2,8.903194395759842,0.24732313884362775,315344.46502463054,100.00492635105178,3153.4446502463056,8.89175e1,11.231923684337966
10th-block miner (v0.2 comparison),hypergeometric over mining IDs,100,0.4,0.7,stall,34,5.32965e1,9.98987e-1,5910.836217620462,164.1967997614779,315346.7384356602,100.00420539131166,3153.467384356602,3.15027e3,0.01691808000057515
10th-block miner (v0.2 comparison),hypergeometric over mining IDs,100,0.4,0.7,capture,67,1.06518e1,1.77924e-4,5.267453380058344,0.14632430269680927,315346.7384356602,100.00420539131166,3153.467384356602,5.61078e-1,18.984505943343038
10th-block miner (v0.2 comparison),hypergeometric over mining IDs,100,0.4,1.0,stall,34,2.51422e3,9.08750e-1,113.98110596973841,3.166251013562167,315349.12551724137,100.00344839477224,3153.4912551724137,2.86574e3,0.8773383899832455
10th-block miner (v0.2 comparison),hypergeometric over mining IDs,100,0.4,1.0,capture,67,3.88316e-3,4.48551e-8,3.6426484956116623,0.10118816968088767,315349.12551724137,100.00344839477224,3153.4912551724137,1.41450e-4,27.45255275672936
lottery,attacker IDs spread through the list (hypergeometric),600,0.1,,stall,201,2.52534e-50,3.40012e-55,4.246021766966418,0.11794504908240051,315360.0,100.0,525.6,1.78711e-52,141.30874332014355
lottery,attacker IDs spread through the list (hypergeometric),600,0.1,,capture,400,2.68251e-240,1.50052e-245,1.764037081177876,0.04900103003271878,315360.0,100.0,525.6,7.88675e-243,340.12890454625267
lottery,attacker IDs in one block of the list (binomial),600,0.1,,stall,201,2.62243e-50,3.53157e-55,4.246894627095791,0.11796929519710529,315360.0,100.0,525.6,1.85619e-52,141.27970027132645
lottery,attacker IDs in one block of the list (binomial),600,0.1,,capture,400,3.34537e-240,1.87169e-245,1.7644017106240888,0.049011158628446905,315360.0,100.0,525.6,9.83762e-243,340.05861385600974
10th-block miner (v0.2 comparison),hypergeometric over mining IDs,600,0.1,0.5,stall,201,1.09900e-14,2.25619e-19,6.471767255825962,0.17983896368265334,315241.3692789969,100.03763171098846,525.4022821316614,1.18541e-16,92.71037975907939
10th-block miner (v0.2 comparison),hypergeometric over mining IDs,600,0.1,0.5,capture,400,9.59674e-145,6.27373e-150,2.060844159319702,0.05726721361771278,315241.3692789969,100.03763171098846,525.4022821316614,3.29623e-147,291.1428296441706
10th-block miner (v0.2 comparison),hypergeometric over mining IDs,600,0.1,0.7,stall,201,3.87856e-30,6.18755e-35,5.029588824438422,0.13975040873044556,315270.6206896552,100.02835002835003,525.4510344827586,3.25126e-32,119.29404588395809
10th-block miner (v0.2 comparison),hypergeometric over mining IDs,600,0.1,0.7,capture,400,2.78381e-189,1.66611e-194,1.886886929832213,0.05242838507810427,315270.6206896552,100.02835002835003,525.4510344827586,8.75457e-192,317.98407764335593
10th-block miner (v0.2 comparison),hypergeometric over mining IDs,600,0.1,1.0,stall,201,2.52481e-50,3.40012e-55,4.246021766966418,0.11796945655617075,315294.75310344825,100.02069393667655,525.4912551724138,1.78674e-52,141.30874332014355
10th-block miner (v0.2 comparison),hypergeometric over mining IDs,600,0.1,1.0,capture,400,2.68196e-240,1.50052e-245,1.764037081177876,0.04901117027484461,315294.75310344825,100.02069393667655,525.4912551724138,7.88512e-243,340.12890454625267
lottery,attacker IDs spread through the list (hypergeometric),600,0.2,,stall,201,2.89558e-10,6.72118e-15,7.320100961950829,0.2033361378319675,315360.0,100.0,525.6,3.53265e-12,81.9660825880328
lottery,attacker IDs spread through the list (hypergeometric),600,0.2,,capture,400,4.15201e-130,2.81926e-135,2.1413277773716057,0.059481327149211276,315360.0,100.0,525.6,1.48180e-132,280.19997981648373
lottery,attacker IDs in one block of the list (binomial),600,0.2,,stall,201,2.91557e-10,6.76896e-15,7.321586947066167,0.2033774151962824,315360.0,100.0,525.6,3.55777e-12,81.94944679861051
lottery,attacker IDs in one block of the list (binomial),600,0.2,,capture,400,4.51632e-130,3.06727e-135,2.1417701541351124,0.05949361539264201,315360.0,100.0,525.6,1.61215e-132,280.1421052775345
10th-block miner (v0.2 comparison),hypergeometric over mining IDs,600,0.2,0.5,stall,201,2.41963e3,4.80816e-1,62.645085930324754,1.7407415315428862,315251.2551724138,100.03449465332874,525.4187586206897,2.52630e2,9.577766413591215
10th-block miner (v0.2 comparison),hypergeometric over mining IDs,600,0.2,0.5,capture,400,2.86035e-57,2.71655e-62,2.994027900087286,0.08319612998977742,315251.2551724138,100.03449465332874,525.4187586206897,1.42733e-59,200.39893415238646
10th-block miner (v0.2 comparison),hypergeometric over mining IDs,600,0.2,0.7,stall,201,1.36141e0,5.72141e-5,13.249596757122966,0.368144575210773,315274.14882032666,100.02723064355088,525.4569147005444,3.00636e-2,45.284397027210716
10th-block miner (v0.2 comparison),hypergeometric over mining IDs,600,0.2,0.7,capture,400,1.32067e-89,1.03692e-94,2.4753804401449893,0.06877929172692149,315274.14882032666,100.02723064355088,525.4569147005444,5.44858e-92,242.38698434768938
10th-block miner (v0.2 comparison),hypergeometric over mining IDs,600,0.2,1.0,stall,201,2.89498e-10,6.72118e-15,7.320100961950829,0.20337821608357096,315294.75310344825,100.02069393667655,525.4912551724138,3.53192e-12,81.9660825880328
10th-block miner (v0.2 comparison),hypergeometric over mining IDs,600,0.2,1.0,capture,400,4.15115e-130,2.81926e-135,2.1413277773716057,0.0594936361773859,315294.75310344825,100.02069393667655,525.4912551724138,1.48150e-132,280.19997981648373
lottery,attacker IDs spread through the list (hypergeometric),600,0.25,,stall,201,5.38484e-2,1.94027e-6,11.363070183283229,0.31564083842453416,315360.0,100.0,525.6,1.01981e-3,52.802630831471006
lottery,attacker IDs spread through the list (hypergeometric),600,0.25,,capture,400,5.75699e-97,4.37688e-102,2.397598942752349,0.06659997063200969,315360.0,100.0,525.6,2.30049e-99,250.2503606008533
lottery,attacker IDs in one block of the list (binomial),600,0.25,,stall,201,5.39693e-2,1.94501e-6,11.365320346009806,0.3157033429447168,315360.0,100.0,525.6,1.02230e-3,52.792176703637836
lottery,attacker IDs in one block of the list (binomial),600,0.25,,capture,400,6.09561e-97,4.63529e-102,2.398094051800948,0.06661372366113744,315360.0,100.0,525.6,2.43631e-99,250.19869406264743
10th-block miner (v0.2 comparison),hypergeometric over mining IDs,600,0.25,0.5,stall,201,9.89480e0,9.99558e-1,31846.65077963398,884.9221280621107,315255.60496551724,100.03311441028754,525.426008275862,5.25194e2,0.018840285722720385
10th-block miner (v0.2 comparison),hypergeometric over mining IDs,600,0.25,0.5,capture,400,8.73618e-35,1.03565e-39,3.7372564226845846,0.10384705536416361,315255.60496551724,100.03311441028754,525.426008275862,5.44156e-37,160.54558000304453
10th-block miner (v0.2 comparison),hypergeometric over mining IDs,600,0.25,0.7,stall,201,1.99968e3,2.70801e-1,42.6953403107253,1.186298373417636,315275.8104560623,100.02670345809783,525.4596840934372,1.42295e2,14.053055804997923
10th-block miner (v0.2 comparison),hypergeometric over mining IDs,600,0.25,0.7,capture,400,1.44738e-61,1.33186e-66,2.9011259309973947,0.08060835088735399,315275.8104560623,100.02670345809783,525.4596840934372,6.99838e-64,206.81625488546877
10th-block miner (v0.2 comparison),hypergeometric over mining IDs,600,0.25,1.0,stall,201,5.38373e-2,1.94027e-6,11.363070183283229,0.315706156939763,315294.75310344825,100.02069393667655,525.4912551724138,1.01959e-3,52.802630831471006
10th-block miner (v0.2 comparison),hypergeometric over mining IDs,600,0.25,1.0,capture,400,5.75579e-97,4.37688e-102,2.397598942752349,0.06661375278775888,315294.75310344825,100.02069393667655,525.4912551724138,2.30001e-99,250.2503606008533
lottery,attacker IDs spread through the list (hypergeometric),600,0.3,,stall,201,4.59391e2,3.48687e-2,23.936412684283084,0.6649003523411968,315360.0,100.0,525.6,1.83270e1,25.066412745881788
lottery,attacker IDs spread through the list (hypergeometric),600,0.3,,capture,400,2.61679e-71,2.25979e-76,2.7233618489633646,0.07564894024898236,315360.0,100.0,525.6,1.18774e-73,220.31593055780937
lottery,attacker IDs in one block of the list (binomial),600,0.3,,stall,201,4.59502e2,3.48832e-2,23.94063401504598,0.665017611529055,315360.0,100.0,525.6,1.83346e1,25.061992912256116
lottery,attacker IDs in one block of the list (binomial),600,0.3,,capture,400,2.72212e-71,2.35123e-76,2.7239238866746756,0.07566455240762988,315360.0,100.0,525.6,1.23581e-73,220.2704719229401
10th-block miner (v0.2 comparison),hypergeometric over mining IDs,600,0.3,0.5,stall,201,4.85943e-6,1.00000e0,64875897044.05339,1802682049.223458,315259.6201591512,100.03184037359372,525.432700265252,5.25433e2,9.248427032809666e-9
10th-block miner (v0.2 comparison),hypergeometric over mining IDs,600,0.3,0.5,capture,400,2.29042e-19,3.51970e-24,4.844618028736543,0.13461557147822448,315259.6201591512,100.03184037359372,525.432700265252,1.84937e-21,123.84877330700056
10th-block miner (v0.2 comparison),hypergeometric over mining IDs,600,0.3,0.7,stall,201,1.68758e2,9.89749e-1,1849.0727295783888,51.376586615924545,315277.4089917067,100.02619629758993,525.4623483195111,5.20076e2,0.32448696603556926
10th-block miner (v0.2 comparison),hypergeometric over mining IDs,600,0.3,0.7,capture,400,6.51350e-41,7.18044e-46,3.4755926858929245,0.09656953229155375,315277.4089917067,100.02619629758993,525.4623483195111,3.77305e-43,172.6324268189822
10th-block miner (v0.2 comparison),hypergeometric over mining IDs,600,0.3,1.0,stall,201,4.59296e2,3.48687e-2,23.936412684283084,0.6650379463990724,315294.75310344825,100.02069393667655,525.4912551724138,1.83232e1,25.066412745881788
10th-block miner (v0.2 comparison),hypergeometric over mining IDs,600,0.3,1.0,capture,400,2.61625e-71,2.25979e-76,2.7233618489633646,0.07566459499277395,315294.75310344825,100.02069393667655,525.4912551724138,1.18750e-73,220.31593055780937
lottery,attacker IDs spread through the list (hypergeometric),600,0.33,,stall,201,2.36029e3,4.12260e-1,55.082355446338035,1.5300654290649454,315360.0,100.0,525.6,2.16684e2,10.892780367472266
lottery,attacker IDs spread through the list (hypergeometric),600,0.33,,capture,400,1.42759e-58,1.34218e-63,2.9649350052392163,0.08235930570108935,315360.0,100.0,525.6,7.05449e-61,202.3653128786177
lottery,attacker IDs in one block of the list (binomial),600,0.33,,stall,201,2.36006e3,4.12268e-1,55.088887038274834,1.5302468621743008,315360.0,100.0,525.6,2.16688e2,10.89148886930916
lottery,attacker IDs in one block of the list (binomial),600,0.33,,capture,400,1.47337e-58,1.38551e-63,2.965546592431099,0.08237629423419719,315360.0,100.0,525.6,7.28223e-61,202.3235789083089
10th-block miner (v0.2 comparison),hypergeometric over mining IDs,600,0.33,0.5,stall,201,2.75923e-11,1.00000e0,1.1425737572312308e16,317480374561328.75,315261.8843660876,100.03112194615903,525.4364739434794,5.25436e2,5.251302125597251e-14
10th-block miner (v0.2 comparison),hypergeometric over mining IDs,600,0.33,0.5,capture,400,1.38274e-12,2.54932e-17,5.812411363589062,0.1615061194201161,315261.8843660876,100.03112194615903,525.4364739434794,1.33951e-14,103.22738059432713
10th-block miner (v0.2 comparison),hypergeometric over mining IDs,600,0.33,0.7,stall,201,9.56319e-1,9.99964e-1,329667.21800455236,9159.794599591676,315278.33930343966,100.02590114396719,525.463898839066,5.25445e2,0.001820017178631679
10th-block miner (v0.2 comparison),hypergeometric over mining IDs,600,0.33,0.7,capture,400,3.92147e-31,4.88524e-36,3.9276348208954155,0.10912922564569114,315278.33930343966,100.02590114396719,525.463898839066,2.56702e-33,152.763693001177
10th-block miner (v0.2 comparison),hypergeometric over mining IDs,600,0.33,1.0,stall,201,2.35980e3,4.12260e-1,55.082355446338035,1.5303820598359459,315294.75310344825,100.02069393667655,525.4912551724138,2.16639e2,10.892780367472266
10th-block miner (v0.2 comparison),hypergeometric over mining IDs,600,0.33,1.0,capture,400,1.42729e-58,1.34218e-63,2.9649350052392163,0.08237634908365837,315294.75310344825,100.02069393667655,525.4912551724138,7.05304e-61,202.3653128786177
lottery,attacker IDs spread through the list (hypergeometric),600,0.4,,stall,201,9.90412e0,9.99558e-1,31827.198254927873,884.0888404146631,315360.0,100.0,525.6,5.25367e2,0.018851800752116177
lottery,attacker IDs spread through the list (hypergeometric),600,0.4,,capture,400,8.83494e-35,1.04714e-39,3.7377181545265796,0.10382550429240499,315360.0,100.0,525.6,5.50375e-37,160.52574731280032
lottery,attacker IDs in one block of the list (binomial),600,0.4,,stall,201,9.91421e0,9.99557e-1,31794.814812262284,883.1893003406191,315360.0,100.0,525.6,5.25367e2,0.018871001562449686
lottery,attacker IDs in one block of the list (binomial),600,0.4,,capture,400,8.99699e-35,1.06656e-39,3.738487706317857,0.1038468807310516,315360.0,100.0,525.6,5.60586e-37,160.4927037705728
10th-block miner (v0.2 comparison),hypergeometric over mining IDs,600,0.4,0.5,stall,201,4.69266e-27,1.00000e0,6.718297833847058e31,1.8667455902003776e30,315266.79014778323,100.02956538878486,525.4446502463054,5.25445e2,8.930833595634531e-30
10th-block miner (v0.2 comparison),hypergeometric over mining IDs,600,0.4,0.5,capture,400,3.48081e-2,1.12285e-6,10.169988894443588,0.2825832136444335,315266.79014778323,100.02956538878486,525.4446502463054,5.89997e-4,58.997114571856834
10th-block miner (v0.2 comparison),hypergeometric over mining IDs,600,0.4,0.7,stall,201,6.76375e-10,1.00000e0,466132717281166.2,12951398840173.36,315280.4306139613,100.02523765458064,525.4673843566022,5.25467e2,1.2871870558660798e-12
10th-block miner (v0.2 comparison),hypergeometric over mining IDs,600,0.4,0.7,capture,400,4.09687e-14,7.20397e-19,5.543914400657862,0.15403648762845962,315280.4306139613,100.02523765458064,525.4673843566022,3.78545e-16,108.2267792462311
10th-block miner (v0.2 comparison),hypergeometric over mining IDs,600,0.4,1.0,stall,201,9.90207e0,9.99558e-1,31827.198254927873,884.271793199463,315294.75310344825,100.02069393667655,525.4912551724138,5.25259e2,0.018851800752116177
10th-block miner (v0.2 comparison),hypergeometric over mining IDs,600,0.4,1.0,capture,400,8.83311e-35,1.04714e-39,3.7377181545265796,0.10384698987651737,315294.75310344825,100.02069393667655,525.4912551724138,5.50261e-37,160.52574731280032
lottery,attacker IDs spread through the list (hypergeometric),1000,0.1,,stall,334,3.30378e-85,4.47007e-90,4.266883324455931,0.11852453679044253,315360.0,100.0,315.36,1.40968e-87,234.3630992364924
lottery,attacker IDs spread through the list (hypergeometric),1000,0.1,,capture,667,3.42290e-403,1.91342e-408,1.7628784788514367,0.04896884663476213,315360.0,100.0,315.36,6.03416e-406,567.2540745131379
lottery,attacker IDs in one block of the list (binomial),1000,0.1,,stall,334,3.66711e-85,4.96337e-90,4.268349252678655,0.11856525701885151,315360.0,100.0,315.36,1.56525e-87,234.2826092247343
lottery,attacker IDs in one block of the list (binomial),1000,0.1,,capture,667,6.33239e-403,3.54106e-408,1.7634861586124884,0.04898572662812468,315360.0,100.0,315.36,1.11671e-405,567.0586044104823
10th-block miner (v0.2 comparison),hypergeometric over mining IDs,1000,0.1,0.5,stall,334,4.49838e-26,9.32533e-31,6.533445570362495,0.18159845400683433,315162.2821316614,100.06273525721456,315.1622821316614,2.93899e-28,153.05859507520424
10th-block miner (v0.2 comparison),hypergeometric over mining IDs,1000,0.1,0.5,capture,667,8.69245e-244,5.67963e-249,2.0592639152309213,0.05723766110402411,315162.2821316614,100.06273525721456,315.1622821316614,1.79000e-246,485.61041282941244
10th-block miner (v0.2 comparison),hypergeometric over mining IDs,1000,0.1,0.7,stall,334,1.05902e-51,1.70056e-56,5.0616299717424855,0.14066727906661997,315211.0344827586,100.04725897920605,315.21103448275863,5.36035e-54,197.56481717997772
10th-block miner (v0.2 comparison),hypergeometric over mining IDs,1000,0.1,0.7,capture,667,4.31038e-318,2.57841e-323,1.8855477227963615,0.05240107815007217,315211.0344827586,100.04725897920605,315.21103448275863,8.12743e-321,530.3498754817778
10th-block miner (v0.2 comparison),hypergeometric over mining IDs,1000,0.1,1.0,stall,334,3.30264e-85,4.47007e-90,4.266883324455931,0.1185654214185179,315251.2551724138,100.03449465332874,315.2512551724138,1.40920e-87,234.3630992364924
10th-block miner (v0.2 comparison),hypergeometric over mining IDs,1000,0.1,1.0,capture,667,3.42172e-403,1.91342e-408,1.7628784788514367,0.04898573826864787,315251.2551724138,100.03449465332874,315.2512551724138,6.03208e-406,567.2540745131379
lottery,attacker IDs spread through the list (hypergeometric),1000,0.2,,stall,334,9.57945e-19,2.24980e-23,7.406448226895784,0.20573467296932735,315360.0,100.0,315.36,7.09497e-21,135.01748332872953
lottery,attacker IDs spread through the list (hypergeometric),1000,0.2,,capture,667,2.52236e-219,1.71160e-224,2.139938556754652,0.05944273768762922,315360.0,100.0,315.36,5.39769e-222,467.3031367389171
lottery,attacker IDs in one block of the list (binomial),1000,0.2,,stall,334,9.76359e-19,2.29383e-23,7.408972723821459,0.20580479788392944,315360.0,100.0,315.36,7.23382e-21,134.97147813552917
lottery,attacker IDs in one block of the list (binomial),1000,0.2,,capture,667,3.18884e-219,2.16460e-224,2.1406759725830797,0.059463221460641105,315360.0,100.0,315.36,6.82627e-222,467.1421610779022
10th-block miner (v0.2 comparison),hypergeometric over mining IDs,1000,0.2,0.5,stall,334,1.87532e3,4.94053e-1,83.03368589094205,2.307817606706268,315178.7586206897,100.05750431282347,315.1787586206897,1.55715e2,12.043304946301168
10th-block miner (v0.2 comparison),hypergeometric over mining IDs,1000,0.2,0.5,capture,667,9.28345e-98,8.81374e-103,2.992318310356536,0.08316775062328882,315178.7586206897,100.05750431282347,315.1787586206897,2.77790e-100,334.189045509951
10th-block miner (v0.2 comparison),hypergeometric over mining IDs,1000,0.2,0.7,stall,334,9.39686e-3,4.07445e-7,13.667705358926574,0.37983081922472095,315216.91470054444,100.04539264639128,315.21691470054446,1.28433e-4,73.16517101730508
10th-block miner (v0.2 comparison),hypergeometric over mining IDs,1000,0.2,0.7,capture,667,9.75356e-152,7.65443e-157,2.4737696388080623,0.06874701523090948,315216.91470054444,100.04539264639128,315.21691470054446,2.41281e-154,404.24135873938144
10th-block miner (v0.2 comparison),hypergeometric over mining IDs,1000,0.2,1.0,stall,334,9.57615e-19,2.24980e-23,7.406448226895784,0.2058056404315451,315251.2551724138,100.03449465332874,315.2512551724138,7.09252e-21,135.01748332872953
10th-block miner (v0.2 comparison),hypergeometric over mining IDs,1000,0.2,1.0,capture,667,2.52149e-219,1.71160e-224,2.139938556754652,0.05946324225392368,315251.2551724138,100.03449465332874,315.2512551724138,5.39583e-222,467.3031367389171
lottery,attacker IDs spread through the list (hypergeometric),1000,0.25,,stall,334,4.56757e-5,1.68606e-9,11.641139662211266,0.32336499061697965,315360.0,100.0,315.36,5.31717e-7,85.90224230760988
lottery,attacker IDs spread through the list (hypergeometric),1000,0.25,,capture,667,5.14972e-164,3.91277e-169,2.3961130200429075,0.06655869500119187,315360.0,100.0,315.36,1.23393e-166,417.3425842751328
lottery,attacker IDs in one block of the list (binomial),1000,0.25,,stall,334,4.59616e-5,1.69719e-9,11.645042419801934,0.32347340055005375,315360.0,100.0,315.36,5.35225e-7,85.87345274926089
lottery,attacker IDs in one block of the list (binomial),1000,0.25,,capture,667,6.03973e-164,4.59058e-169,2.3969385011383992,0.0665816250316222,315360.0,100.0,315.36,1.44769e-166,417.1988557591533
10th-block miner (v0.2 comparison),hypergeometric over mining IDs,1000,0.25,0.5,stall,334,1.57457e-1,9.99993e-1,2001711.1863100713,55633.783009583894,315186.0082758621,100.05520287054927,315.1860082758621,3.15184e2,0.0004995725691294093
10th-block miner (v0.2 comparison),hypergeometric over mining IDs,1000,0.25,0.5,capture,667,3.35357e-60,3.97545e-65,3.736338799536197,0.10384448238352742,315186.0082758621,100.05520287054927,315.1860082758621,1.25301e-62,267.64168177793005
10th-block miner (v0.2 comparison),hypergeometric over mining IDs,1000,0.25,0.7,stall,334,1.41786e3,2.29460e-1,51.01362253910135,1.4176758495515283,315219.68409343716,100.04451368795905,315.21968409343714,7.23304e1,19.602607112120133
10th-block miner (v0.2 comparison),hypergeometric over mining IDs,1000,0.25,0.7,capture,667,6.31449e-105,5.80836e-110,2.89953688673956,0.08057854382059947,315219.68409343716,100.04451368795905,315.21968409343714,1.83091e-107,344.88266197726125
10th-block miner (v0.2 comparison),hypergeometric over mining IDs,1000,0.25,1.0,stall,334,4.56599e-5,1.68606e-9,11.641139662211266,0.3234765342494795,315251.2551724138,100.03449465332874,315.2512551724138,5.31533e-7,85.90224230760988
10th-block miner (v0.2 comparison),hypergeometric over mining IDs,1000,0.25,1.0,capture,667,5.14794e-164,3.91277e-169,2.3961130200429075,0.06658165419229266,315251.2551724138,100.03449465332874,315.2512551724138,1.23350e-166,417.3425842751328
lottery,attacker IDs spread through the list (hypergeometric),1000,0.3,,stall,334,1.32781e2,1.09096e-2,25.910616248592675,0.7197393402386854,315360.0,100.0,315.36,3.44044e0,38.59421908015463
lottery,attacker IDs spread through the list (hypergeometric),1000,0.3,,capture,667,3.46220e-121,2.98820e-126,2.721848833006487,0.07560691202795798,315360.0,100.0,315.36,9.42359e-124,367.3973322373766
lottery,attacker IDs in one block of the list (binomial),1000,0.3,,stall,334,1.32881e2,1.09211e-2,25.918549417203803,0.719959706033439,315360.0,100.0,315.36,3.44407e0,38.582406133278276
lottery,attacker IDs in one block of the list (binomial),1000,0.3,,capture,667,3.86538e-121,3.33733e-126,2.7227861887502924,0.07563294968750811,315360.0,100.0,315.36,1.05246e-123,367.2708507673829
10th-block miner (v0.2 comparison),hypergeometric over mining IDs,1000,0.3,0.5,stall,334,4.00374e-12,1.00000e0,7.872450286860198e16,2187952463837502.0,315192.700265252,100.05307855626327,315.192700265252,3.15193e2,1.2702525434413816e-14
10th-block miner (v0.2 comparison),hypergeometric over mining IDs,1000,0.3,0.5,capture,667,1.98292e-34,3.04939e-39,4.847122077851013,0.1347137461186182,315192.700265252,100.05307855626327,315.192700265252,9.61145e-37,206.30798728373543
10th-block miner (v0.2 comparison),hypergeometric over mining IDs,1000,0.3,0.7,stall,334,1.89749e1,9.98808e-1,16592.773125541564,461.1116354999481,315222.3483195111,100.04366812227074,315.2223483195111,3.14847e2,0.06026720141557781
10th-block miner (v0.2 comparison),hypergeometric over mining IDs,1000,0.3,0.7,capture,667,1.95893e-70,2.15918e-75,3.474450828831672,0.09655466822966231,315222.3483195111,100.04366812227074,315.2223483195111,6.80622e-73,287.81526902087796
10th-block miner (v0.2 comparison),hypergeometric over mining IDs,1000,0.3,1.0,stall,334,1.32735e2,1.09096e-2,25.910616248592675,0.7199876118289713,315251.2551724138,100.03449465332874,315.2512551724138,3.43925e0,38.59421908015463
10th-block miner (v0.2 comparison),hypergeometric over mining IDs,1000,0.3,1.0,capture,667,3.46101e-121,2.98820e-126,2.721848833006487,0.07563299237015458,315251.2551724138,100.03449465332874,315.2512551724138,9.42034e-124,367.3973322373766
lottery,attacker IDs spread through the list (hypergeometric),1000,0.33,,stall,334,1.82050e3,4.05552e-1,70.2527968539151,1.9514665792754193,315360.0,100.0,315.36,1.27895e2,14.234308736197615
lottery,attacker IDs spread through the list (hypergeometric),1000,0.33,,capture,667,6.36889e-100,5.98494e-105,2.9634870115665715,0.08231908365462699,315360.0,100.0,315.36,1.88741e-102,337.4403181444604
lottery,attacker IDs in one block of the list (binomial),1000,0.33,,stall,334,1.82020e3,4.05567e-1,70.26685221115959,1.951857005865544,315360.0,100.0,315.36,1.27900e2,14.231461471973875
lottery,attacker IDs in one block of the list (binomial),1000,0.33,,capture,667,6.95587e-100,6.53879e-105,2.9645072751748742,0.08234742431041317,315360.0,100.0,315.36,2.06207e-102,337.32418482292667
10th-block miner (v0.2 comparison),hypergeometric over mining IDs,1000,0.33,0.5,stall,334,6.55537e-21,1.00000e0,4.808218896185871e25,1.3363092868272734e24,315196.47394347936,100.05188067444877,315.19647394347936,3.15196e2,2.0797722017049852e-23
10th-block miner (v0.2 comparison),hypergeometric over mining IDs,1000,0.33,0.5,capture,667,4.37210e-23,8.07409e-28,5.820828084961691,0.16177355471751867,315196.47394347936,100.05188067444877,315.19647394347936,2.54492e-25,171.79686213092847
10th-block miner (v0.2 comparison),hypergeometric over mining IDs,1000,0.33,0.7,stall,334,3.08068e-3,1.00000e0,102322761.4144096,2843526.1199781294,315223.8988390661,100.04317602866888,315.22389883906607,3.15224e2,9.772996605808716e-6
10th-block miner (v0.2 comparison),hypergeometric over mining IDs,1000,0.33,0.7,capture,667,4.27394e-54,5.32476e-59,3.927274212548043,0.10913805148855439,315223.8988390661,100.04317602866888,315.22389883906607,1.67849e-56,254.62953332998694
10th-block miner (v0.2 comparison),hypergeometric over mining IDs,1000,0.33,1.0,stall,334,1.81987e3,4.05552e-1,70.2527968539151,1.9521397309067667,315251.2551724138,100.03449465332874,315.2512551724138,1.27851e2,14.234308736197615
10th-block miner (v0.2 comparison),hypergeometric over mining IDs,1000,0.33,1.0,capture,667,6.36669e-100,5.98494e-105,2.9634870115665715,0.08234747933715704,315251.2551724138,100.03449465332874,315.2512551724138,1.88676e-102,337.4403181444604
lottery,attacker IDs spread through the list (hypergeometric),1000,0.4,,stall,334,1.57829e-1,9.99993e-1,1998102.8897241834,55502.858047893984,315360.0,100.0,315.36,3.15358e2,0.0005004747278745187
lottery,attacker IDs spread through the list (hypergeometric),1000,0.4,,capture,667,3.45947e-60,4.09958e-65,3.7371098889585985,0.10380860802662772,315360.0,100.0,315.36,1.29284e-62,267.586458443336
lottery,attacker IDs in one block of the list (binomial),1000,0.4,,stall,334,1.58304e-1,9.99993e-1,1992106.8456101,55336.30126694722,315360.0,100.0,315.36,3.15358e2,0.0005019811071899315
lottery,attacker IDs in one block of the list (binomial),1000,0.4,,capture,667,3.64000e-60,4.31499e-65,3.7383950358356763,0.10384430655099101,315360.0,100.0,315.36,1.36078e-62,267.4944703312932
10th-block miner (v0.2 comparison),hypergeometric over mining IDs,1000,0.4,0.5,stall,334,2.78291e-47,1.00000e0,1.132643591256329e52,3.1477828298701436e50,315204.6502463054,100.04928536224742,315.2046502463054,3.15205e2,8.828902646160734e-50
10th-block miner (v0.2 comparison),hypergeometric over mining IDs,1000,0.4,0.5,capture,667,1.17460e-5,3.82175e-10,10.255743064625321,0.2850221567984968,315204.6502463054,100.04928536224742,315.2046502463054,1.20463e-7,97.50634290451909
10th-block miner (v0.2 comparison),hypergeometric over mining IDs,1000,0.4,0.7,stall,334,1.39130e-18,1.00000e0,2.2657059291607735e23,6.296275299799372e21,315227.3843566022,100.04206983592763,315.2273843566022,3.15227e2,4.413635446372354e-21
10th-block miner (v0.2 comparison),hypergeometric over mining IDs,1000,0.4,0.7,capture,667,1.21455e-25,2.13860e-30,5.550598071023124,0.1542481444034613,315227.3843566022,100.04206983592763,315.2273843566022,6.74146e-28,180.1607659579057
10th-block miner (v0.2 comparison),hypergeometric over mining IDs,1000,0.4,1.0,stall,334,1.57774e-1,9.99993e-1,1998102.8897241834,55522.00356636514,315251.2551724138,100.03449465332874,315.2512551724138,3.15249e2,0.0005004747278745187
10th-block miner (v0.2 comparison),hypergeometric over mining IDs,1000,0.4,1.0,capture,667,3.45828e-60,4.09958e-65,3.7371098889585985,0.10384441644609191,315251.2551724138,100.03449465332874,315.2512551724138,1.29240e-62,267.586458443336
