committee_size,attacker_fraction,absences_per_id_per_year,refreshes_per_year,tenure_hours,honest_departure_probability,honest_tenure_ratio,effective_attacker_share,p_stall_at_p,p_stall_at_effective_share,p_capture_at_p,p_capture_at_effective_share,model
600,0.1,1.0,315360.0,16.666666666666668,0.00190077874668984,0.999050893243306,0.10008549263557674,3.40012e-55,3.88855e-55,1.50052e-245,2.07305e-245,Little's law approximation (M4 simulates)
600,0.1,4.0,315360.0,16.666666666666668,0.007581464684391809,0.9962107774296768,0.10034219702595391,3.40012e-55,5.81131e-55,1.50052e-245,5.45691e-245,Little's law approximation (M4 simulates)
600,0.2,1.0,315360.0,16.666666666666668,0.00190077874668984,0.999050893243306,0.2001519724715507,6.72118e-15,7.26527e-15,2.81926e-135,3.67927e-135,Little's law approximation (M4 simulates)
600,0.2,4.0,315360.0,16.666666666666668,0.007581464684391809,0.9962107774296768,0.20060811904999545,6.72118e-15,9.16927e-15,2.81926e-135,8.16621e-135,Little's law approximation (M4 simulates)
600,0.25,1.0,315360.0,16.666666666666668,0.00190077874668984,0.999050893243306,0.25017808428262706,1.94027e-6,2.03985e-6,4.37688e-102,5.54966e-102,Little's law approximation (M4 simulates)
600,0.25,4.0,315360.0,16.666666666666668,0.007581464684391809,0.9962107774296768,0.25071250410942525,1.94027e-6,2.36905e-6,4.37688e-102,1.13087e-101,Little's law approximation (M4 simulates)
600,0.3,1.0,315360.0,16.666666666666668,0.00190077874668984,0.999050893243306,0.30019944492507394,3.48687e-2,3.57062e-2,2.25979e-76,2.78512e-76,Little's law approximation (M4 simulates)
600,0.3,4.0,315360.0,16.666666666666668,0.007581464684391809,0.9962107774296768,0.30079785300961015,3.48687e-2,3.83201e-2,2.25979e-76,5.21176e-76,Little's law approximation (M4 simulates)
600,0.33,1.0,315360.0,16.666666666666668,0.00190077874668984,0.999050893243306,0.33020998103116345,4.12260e-1,4.16530e-1,1.34218e-63,1.62648e-63,Little's law approximation (M4 simulates)
600,0.33,4.0,315360.0,16.666666666666668,0.007581464684391809,0.9962107774296768,0.33083992950579183,4.12260e-1,4.29391e-1,1.34218e-63,2.89131e-63,Little's law approximation (M4 simulates)
600,0.4,1.0,315360.0,16.666666666666668,0.00190077874668984,0.999050893243306,0.40022791541124064,9.99558e-1,9.99575e-1,1.04714e-39,1.21950e-39,Little's law approximation (M4 simulates)
600,0.4,4.0,315360.0,16.666666666666668,0.007581464684391809,0.9962107774296768,0.400911485710213,9.99558e-1,9.99624e-1,1.04714e-39,1.92397e-39,Little's law approximation (M4 simulates)
