competing_miners,restart_cost_s,cost_case,keep_window_s,per_step_win_probability,honest_expected_days,restart_expected_days,advantage_old_design,advantage_approximation,optimal_keep_window_s,maximum_advantage_old_design,advantage_per_round_entropy
1000000,60.0,grid,3600,3.3333333333333334e-8,347.2229050925926,5.806610022335545,59.79786893849847,59.78477481068155,60019,499.83848443876394,1.0
1000000,60.0,grid,86400,3.3333333333333334e-8,347.2229050925926,0.7412311317713969,468.4408009992754,468.50598646538265,60019,499.83848443876394,1.0
1000000,60.0,grid,259200,3.3333333333333334e-8,347.2229050925926,1.5785629111824757,219.96139820141445,219.7086825616405,60019,499.83848443876394,1.0
1000000,300.0,grid,3600,3.3333333333333334e-8,347.22568287037035,28.949718445937016,11.994095331835677,11.991366216324247,134263,223.4431920185835,1.0
1000000,300.0,grid,86400,3.3333333333333334e-8,347.22568287037035,1.7071156809624901,203.39903542717198,203.5738520696675,134263,223.4431920185835,1.0
1000000,300.0,grid,259200,3.3333333333333334e-8,347.22568287037035,1.901454611973356,182.61055545786326,182.56812495773886,134263,223.4431920185835,1.0
1000000,450.0,realistic (grace epoch + convergence + post-admission wait),3600,3.3333333333333334e-8,347.2274189814815,43.41416121068793,7.998022057742744,7.996161842315688,164466,182.41080529911602,1.0
1000000,450.0,realistic (grace epoch + convergence + post-admission wait),86400,3.3333333333333334e-8,347.2274189814815,2.310793524206924,150.26328200424211,150.4136375031336,164466,182.41080529911602,1.0
1000000,450.0,realistic (grace epoch + convergence + post-admission wait),259200,3.3333333333333334e-8,347.2274189814815,2.1032619249676565,165.08995615789559,165.12246582882304,164466,182.41080529911602,1.0
1000000,600.0,grid,3600,3.3333333333333334e-8,347.2291550925926,57.87860397543886,5.999266244222847,5.997840777320165,189936,157.95078717121552,1.0
1000000,600.0,grid,86400,3.3333333333333334e-8,347.2291550925926,2.914471367451357,119.13966936523279,119.26848661542539,189936,157.95078717121552,1.0
1000000,600.0,grid,259200,3.3333333333333334e-8,347.2291550925926,2.305069237961957,150.63719101105949,150.7201071787429,189936,157.95078717121552,1.0
5000000,60.0,grid,3600,6.666666666666667e-9,1736.1117939814815,28.948330242919393,59.9727783748814,59.95683108162123,134183,1117.871929082747,1.0
5000000,60.0,grid,86400,6.666666666666667e-9,1736.1117939814815,1.7059180125547313,1017.6994329179588,1017.8692603483374,134183,1117.871929082747,1.0
5000000,60.0,grid,259200,6.666666666666667e-9,1736.1117939814815,1.9017913391385897,912.8823747655974,912.8406247886943,134183,1117.871929082747,1.0
5000000,300.0,grid,3600,6.666666666666667e-9,1736.1145717592592,144.65831821478216,12.001484554670093,11.998272248796173,300099,499.83516328517953,1.0
5000000,300.0,grid,86400,6.666666666666667e-9,1736.1145717592592,6.529782067217679,265.8763422557857,265.9417292122215,300099,499.83516328517953,1.0
5000000,300.0,grid,259200,6.666666666666667e-9,1736.1145717592592,3.5106847089460436,494.52306763271406,494.7048261204148,300099,499.83516328517953,1.0
5000000,450.0,realistic (grace epoch + convergence + post-admission wait),3600,6.666666666666667e-9,1736.1163078703703,216.97706069719638,8.001381815625283,7.999232073720923,367573,408.08340111105514,1.0
5000000,450.0,realistic (grace epoch + convergence + post-admission wait),86400,6.666666666666667e-9,1736.1163078703703,9.544697101382022,181.89328476636413,181.93947480138274,367573,408.08340111105514,1.0
5000000,450.0,realistic (grace epoch + convergence + post-admission wait),259200,6.666666666666667e-9,1736.1163078703703,4.516243065075702,384.41604733275557,384.59894876287336,367573,408.08340111105514,1.0
5000000,600.0,grid,3600,6.666666666666667e-9,1736.1180439814814,289.29580317961063,6.001186415081192,5.999568031101761,424463,353.38855198975637,1.0
5000000,600.0,grid,86400,6.666666666666667e-9,1736.1180439814814,12.559612135546365,138.23022759340628,138.26583912001476,424463,353.38855198975637,1.0
5000000,600.0,grid,259200,6.666666666666667e-9,1736.1180439814814,5.521801421205361,314.4115319530093,314.58265367945194,424463,353.38855198975637,1.0
