competing_miners,restart_cost_s,cost_case,keep_window_s,advantage_old_design
1000000,60.0,grid,60,1.0166666158334416
1000000,60.0,grid,86,1.4499977597583245
1000000,60.0,grid,122,2.0499913183068563
1000000,60.0,grid,174,2.916639274632535
1000000,60.0,grid,249,4.166585522649551
1000000,60.0,grid,355,5.933101613552839
1000000,60.0,grid,507,8.466006095240653
1000000,60.0,grid,724,12.081449778414935
1000000,60.0,grid,1033,17.227959100176157
1000000,60.0,grid,1475,24.584576603494625
1000000,60.0,grid,2105,35.05567122118194
1000000,60.0,grid,3005,49.97220879109929
1000000,60.0,grid,4289,71.13150716257164
1000000,60.0,grid,6122,100.98839016061345
1000000,60.0,grid,8737,142.58916501626217
1000000,60.0,grid,12471,199.21898774046815
1000000,60.0,grid,17800,272.61124103125843
1000000,60.0,grid,25405,358.93775369385315
1000000,60.0,grid,36261,442.50750992224977
1000000,60.0,grid,51756,494.41026286643506
1000000,60.0,grid,73871,489.26308476218486
1000000,60.0,grid,105436,429.868369024648
1000000,60.0,grid,150489,344.14573420060486
1000000,60.0,grid,214794,259.3389387563987
1000000,60.0,grid,306576,188.76479610711598
1000000,60.0,grid,437577,134.89219790190728
1000000,60.0,grid,624555,95.50930735041514
1000000,60.0,grid,891429,67.33165228286903
1000000,60.0,grid,1272339,47.38464294850402
1000000,60.0,grid,1816013,33.338299939870055
1000000,60.0,grid,2592000,23.4730347018107
1000000,300.0,grid,60,0.20333511520891115
1000000,300.0,grid,86,0.29000235411883635
1000000,300.0,grid,122,0.410002910854649
1000000,300.0,grid,174,0.5833364687349141
1000000,300.0,grid,249,0.8333352985953549
1000000,300.0,grid,355,1.1866631409963617
1000000,300.0,grid,507,1.6933116727343531
1000000,300.0,grid,724,2.4165911222626275
1000000,300.0,grid,1033,3.4464371711545687
1000000,300.0,grid,1475,4.91933311294422
1000000,300.0,grid,2105,7.018095313568814
1000000,300.0,grid,3005,10.014572715295532
1000000,300.0,grid,4289,14.284519939047351
1000000,300.0,grid,6122,20.3657152014031
1000000,300.0,grid,8737,28.999742460207543
1000000,300.0,grid,12471,41.209117746466966
1000000,300.0,grid,17800,58.29390407417973
1000000,300.0,grid,25405,81.72291699788454
1000000,300.0,grid,36261,112.58390917186824
1000000,300.0,grid,51756,150.06893496789488
1000000,300.0,grid,73871,188.79658894629378
1000000,300.0,grid,105436,217.0847771490011
1000000,300.0,grid,150489,222.00021087356447
1000000,300.0,grid,214794,200.91355548321934
1000000,300.0,grid,306576,164.3549557502358
1000000,300.0,grid,437577,125.53752425483427
1000000,300.0,grid,624555,92.09474373472844
1000000,300.0,grid,891429,66.1157700293471
1000000,300.0,grid,1272339,46.95635884565697
1000000,300.0,grid,1816013,33.18787384327331
1000000,300.0,grid,2592000,23.420090080997422
1000000,450.0,realistic (grace epoch + convergence + post-admission wait),60,0.13555743043733678
1000000,450.0,realistic (grace epoch + convergence + post-admission wait),86,0.19333589619847005
1000000,450.0,realistic (grace epoch + convergence + post-admission wait),122,0.27333671652281416
1000000,450.0,realistic (grace epoch + convergence + post-admission wait),174,0.3888931428834266
1000000,450.0,realistic (grace epoch + convergence + post-admission wait),249,0.5555602839186642
1000000,450.0,realistic (grace epoch + convergence + post-admission wait),355,0.791114567642089
1000000,450.0,realistic (grace epoch + convergence + post-admission wait),507,1.128885476949793
1000000,450.0,realistic (grace epoch + convergence + post-admission wait),724,1.611084463027447
1000000,450.0,realistic (grace epoch + convergence + post-admission wait),1033,2.2976817132681067
1000000,450.0,realistic (grace epoch + convergence + post-admission wait),1475,3.279704012651209
1000000,450.0,realistic (grace epoch + convergence + post-admission wait),2105,4.679137623720015
1000000,450.0,realistic (grace epoch + convergence + post-admission wait),3005,6.67753156332635
1000000,450.0,realistic (grace epoch + convergence + post-admission wait),4289,9.52630324995687
1000000,450.0,realistic (grace epoch + convergence + post-admission wait),6122,13.586621856353064
1000000,450.0,realistic (grace epoch + convergence + post-admission wait),8737,19.36050885833523
1000000,450.0,realistic (grace epoch + convergence + post-admission wait),12471,27.551538829254287
1000000,450.0,realistic (grace epoch + convergence + post-admission wait),17800,39.08810051940661
1000000,450.0,realistic (grace epoch + convergence + post-admission wait),25405,55.117865994745245
1000000,450.0,realistic (grace epoch + convergence + post-admission wait),36261,76.79772096853682
1000000,450.0,realistic (grace epoch + convergence + post-admission wait),51756,104.55671832175655
1000000,450.0,realistic (grace epoch + convergence + post-admission wait),73871,136.43143178248118
1000000,450.0,realistic (grace epoch + convergence + post-admission wait),105436,165.79340940678247
1000000,450.0,realistic (grace epoch + convergence + post-admission wait),150489,181.69565975473708
1000000,450.0,realistic (grace epoch + convergence + post-admission wait),214794,176.1160923581104
1000000,450.0,realistic (grace epoch + convergence + post-admission wait),306576,152.0650718862355
1000000,450.0,realistic (grace epoch + convergence + post-admission wait),437577,120.32242293589573
1000000,450.0,realistic (grace epoch + convergence + post-admission wait),624555,90.08193915969959
1000000,450.0,realistic (grace epoch + convergence + post-admission wait),891429,65.37790383848265
1000000,450.0,realistic (grace epoch + convergence + post-admission wait),1272339,46.6925941192148
1000000,450.0,realistic (grace epoch + convergence + post-admission wait),1816013,33.094546148698804
1000000,450.0,realistic (grace epoch + convergence + post-admission wait),2592000,23.387121235447463
1000000,600.0,grid,60,0.10166858460618894
1000000,600.0,grid,86,0.14500265719305225
1000000,600.0,grid,122,0.20500359087347345
1000000,600.0,grid,174,0.291671397724748
1000000,600.0,grid,249,0.4166725364224175
1000000,600.0,grid,355,0.5933395866752539
1000000,600.0,grid,507,0.8466703600481542
1000000,600.0,grid,724,1.2083252612227215
1000000,600.0,grid,1033,1.7232869434027305
1000000,600.0,grid,1475,2.4598398888432387
1000000,600.0,grid,2105,3.5095147907151873
1000000,600.0,grid,3005,5.008592459299984
1000000,600.0,grid,4289,7.145979666218575
1000000,600.0,grid,6122,10.193549968075594
1000000,600.0,grid,8737,14.530694874208937
1000000,600.0,grid,12471,20.693380555221914
1000000,600.0,grid,17800,29.401448063534886
1000000,600.0,grid,25405,41.58117181905973
1000000,600.0,grid,36261,58.274602827187486
1000000,600.0,grid,51756,80.22629862251084
1000000,600.0,grid,73871,106.80734108860932
1000000,600.0,grid,105436,134.10765003986214
1000000,600.0,grid,150489,153.77737122277145
1000000,600.0,grid,214794,156.7674869628938
1000000,600.0,grid,306576,141.4853986317552
1000000,600.0,grid,437577,115.52337894533463
1000000,600.0,grid,624555,88.15525455079083
1000000,600.0,grid,891429,64.65633249948455
1000000,600.0,grid,1272339,46.431778688951965
1000000,600.0,grid,1816013,33.00174280166867
1000000,600.0,grid,2592000,23.354245409278562
5000000,60.0,grid,60,1.0166666565000042
5000000,60.0,grid,86,1.449999551950333
5000000,60.0,grid,122,2.0499982636522747
5000000,60.0,grid,174,2.9166611882075237
5000000,60.0,grid,249,4.16665043757265
5000000,60.0,grid,355,5.933286987801386
5000000,60.0,grid,507,8.466534543685324
5000000,60.0,grid,724,12.082956573730758
5000000,60.0,grid,1033,17.232258212359362
5000000,60.0,grid,1475,24.59691374913994
5000000,60.0,grid,2105,35.091125185161815
5000000,60.0,grid,3005,50.07438912875036
5000000,60.0,grid,4289,71.42599482771645
5000000,60.0,grid,6122,101.83589016229345
5000000,60.0,grid,8737,145.01412078535637
5000000,60.0,grid,12471,206.07748720750712
5000000,60.0,grid,17800,291.53431342839434
5000000,60.0,grid,25405,408.74270676345554
5000000,60.0,grid,36261,563.1616449042589
5000000,60.0,grid,51756,750.7659444257812
5000000,60.0,grid,73871,944.6155137548197
5000000,60.0,grid,105436,1086.163131646936
5000000,60.0,grid,150489,1110.5639891057567
5000000,60.0,grid,214794,1004.6768823038283
5000000,60.0,grid,306576,821.3681370755095
5000000,60.0,grid,437577,626.8811467130347
5000000,60.0,grid,624555,459.4167706027944
5000000,60.0,grid,891429,329.3814746558759
5000000,60.0,grid,1272339,233.50900588846585
5000000,60.0,grid,1816013,164.6253227151502
5000000,60.0,grid,2592000,115.76134435890187
5000000,300.0,grid,60,0.2033336897088009
5000000,300.0,grid,86,0.2900004708244868
5000000,300.0,grid,122,0.4100005821723194
5000000,300.0,grid,174,0.5833339604160632
5000000,300.0,grid,249,0.8333337263882586
5000000,300.0,grid,355,1.1866659615248916
5000000,300.0,grid,507,1.6933290011301743
5000000,300.0,grid,724,2.41665155726088
5000000,300.0,grid,1033,3.446620764619622
5000000,300.0,grid,1475,4.919866606438256
5000000,300.0,grid,2105,7.019618974195883
5000000,300.0,grid,3005,10.018914051755363
5000000,300.0,grid,4289,14.296901227750185
5000000,300.0,grid,6122,20.40112734901199
5000000,300.0,grid,8737,29.10119189292901
5000000,300.0,grid,12471,41.499971624252694
5000000,300.0,grid,17800,59.12512249913926
5000000,300.0,grid,25405,84.07677168811887
5000000,300.0,grid,36261,119.1189232314409
5000000,300.0,grid,51756,167.5093609429771
5000000,300.0,grid,73871,232.11083720417778
5000000,300.0,grid,105436,312.72409824528455
5000000,300.0,grid,150489,400.6363313453385
5000000,300.0,grid,214794,473.15200674172416
5000000,300.0,grid,306576,499.7213484778398
5000000,300.0,grid,437577,466.31588232126313
5000000,300.0,grid,624555,390.35935491838586
5000000,300.0,grid,891429,302.47858350465697
5000000,300.0,grid,1272339,223.61795601680095
5000000,300.0,grid,1816013,161.0993721465293
5000000,300.0,grid,2592000,114.52335909355638
5000000,450.0,realistic (grace epoch + convergence + post-admission wait),60,0.13555593053225892
5000000,450.0,realistic (grace epoch + convergence + post-admission wait),86,0.1933338459070795
5000000,450.0,realistic (grace epoch + convergence + post-admission wait),122,0.2733340099726756
5000000,450.0,realistic (grace epoch + convergence + post-admission wait),174,0.38888973969064566
5000000,450.0,realistic (grace epoch + convergence + post-admission wait),249,0.5555565012332898
5000000,450.0,realistic (grace epoch + convergence + post-admission wait),355,0.7911118024234778
5000000,450.0,realistic (grace epoch + convergence + post-admission wait),507,1.1288882064906929
5000000,450.0,realistic (grace epoch + convergence + post-admission wait),724,1.6111057813523746
5000000,450.0,realistic (grace epoch + convergence + post-admission wait),1033,2.297758563955947
5000000,450.0,realistic (grace epoch + convergence + post-admission wait),1475,3.2799407973061623
5000000,450.0,realistic (grace epoch + convergence + post-admission wait),2105,4.679827496117983
5000000,450.0,realistic (grace epoch + convergence + post-admission wait),3005,6.6795061556868385
5000000,450.0,realistic (grace epoch + convergence + post-admission wait),4289,9.531926447690923
5000000,450.0,realistic (grace epoch + convergence + post-admission wait),6122,13.60265283109106
5000000,450.0,realistic (grace epoch + convergence + post-admission wait),8737,19.40629636398884
5000000,450.0,realistic (grace epoch + convergence + post-admission wait),12471,27.682594074720505
5000000,450.0,realistic (grace epoch + convergence + post-admission wait),17800,39.46293325976139
5000000,450.0,realistic (grace epoch + convergence + post-admission wait),25405,56.18457602472128
5000000,450.0,realistic (grace epoch + convergence + post-admission wait),36261,79.79564204423208
5000000,450.0,realistic (grace epoch + convergence + post-admission wait),51756,112.75915253933287
5000000,450.0,realistic (grace epoch + convergence + post-admission wait),73871,157.7457372888052
5000000,450.0,realistic (grace epoch + convergence + post-admission wait),105436,216.4104022155228
5000000,450.0,realistic (grace epoch + convergence + post-admission wait),150489,286.2649109733928
5000000,450.0,realistic (grace epoch + convergence + post-admission wait),214794,355.5780737002595
5000000,450.0,realistic (grace epoch + convergence + post-admission wait),306576,401.4636685702062
5000000,450.0,realistic (grace epoch + convergence + post-admission wait),437577,401.96768066071706
5000000,450.0,realistic (grace epoch + convergence + post-admission wait),624555,356.83574931293293
5000000,450.0,realistic (grace epoch + convergence + post-admission wait),891429,287.78760388138767
5000000,450.0,realistic (grace epoch + convergence + post-admission wait),1272339,217.8506046032124
5000000,450.0,realistic (grace epoch + convergence + post-admission wait),1816013,158.97134425917463
5000000,450.0,realistic (grace epoch + convergence + post-admission wait),2592000,113.76297722691349
5000000,600.0,grid,60,0.10166705025491422
5000000,600.0,grid,86,0.1450005314393221
5000000,600.0,grid,122,0.205000718176139
5000000,600.0,grid,174,0.2916676128812121
5000000,600.0,grid,249,0.4166678406235634
5000000,600.0,grid,355,0.5933345840116028
5000000,600.0,grid,507,0.8466674053526817
5000000,600.0,grid,724,1.208331718874835
5000000,600.0,grid,1033,1.7233240549794608
5000000,600.0,grid,1475,2.45996797547377
5000000,600.0,grid,2105,3.5099029452810298
5000000,600.0,grid,3005,5.009718421388393
5000000,600.0,grid,4289,7.1491955465551476
5000000,600.0,grid,6122,10.202707847499987
5000000,600.0,grid,8737,14.556793589273223
5000000,600.0,grid,12471,20.767940974397078
5000000,600.0,grid,17800,29.614564531306065
5000000,600.0,grid,25405,42.1886549105457
5000000,600.0,grid,36261,59.991437962176725
5000000,600.0,grid,51756,84.98272062466147
5000000,600.0,grid,73871,119.46945414464001
5000000,600.0,grid,105436,165.45361015958215
5000000,600.0,grid,150489,222.6921328501989
5000000,600.0,grid,214794,284.80643013195004
5000000,600.0,grid,306576,335.4967686650105
5000000,600.0,grid,437577,353.2252601760749
5000000,600.0,grid,624555,328.61475435126965
5000000,600.0,grid,891429,274.45759289708616
5000000,600.0,grid,1272339,212.37327670967292
5000000,600.0,grid,1816013,156.89880750348195
5000000,600.0,grid,2592000,113.01262741701534
