window_blocks,attacker_ratio,clamp,attacker_ids_variant_a,attacker_ids_variant_b,gain_factor,gain_percent,attack_window_hours,recovery_window_hours,cycle_issuance_ratio
144,0.05,none,6.857142857142857,6.530612244897959,1.05,5.000000000000004,1.1428571428571428,1.26,0.9988109393579073
144,0.05,4x,6.857142857142857,6.530612244897959,1.05,5.000000000000004,1.1428571428571428,1.26,0.9988109393579073
144,0.1,none,13.09090909090909,11.90082644628099,1.1,10.000000000000009,1.0909090909090908,1.32,0.9954751131221719
144,0.1,4x,13.09090909090909,11.90082644628099,1.1,10.000000000000009,1.0909090909090908,1.32,0.9954751131221719
144,0.25,none,28.8,23.04,1.25,25.0,0.96,1.5,0.975609756097561
144,0.25,4x,28.8,23.04,1.25,25.0,0.96,1.5,0.975609756097561
144,0.5,none,48.0,32.0,1.5,50.0,0.8,1.8,0.9230769230769231
144,0.5,4x,48.0,32.0,1.5,50.0,0.8,1.8,0.9230769230769231
144,1.0,none,72.0,36.0,2.0,100.0,0.6,2.4,0.8
144,1.0,4x,72.0,36.0,2.0,100.0,0.6,2.4,0.8
144,2.0,none,96.0,32.0,3.0,200.0,0.4,3.6,0.6
144,2.0,4x,96.0,32.0,3.0,200.0,0.4,3.6,0.6
144,4.0,none,115.2,23.04,5.0,400.0,0.24,6.0,0.38461538461538464
144,4.0,4x,115.2,23.04,5.0,400.0,0.24,4.8,0.47619047619047616
