layout,quorum,quorum_fraction,spec_default,approvals,seats_to_stall,seats_to_sign,seats_to_conflict,attacker_fraction,kwcs,p_stall,log10_p_stall,p_sign,log10_p_sign,p_conflict,log10_p_conflict,expected_kwcs_stall,expected_kwcs_sign,expected_kwcs_conflict,compositions_over_horizon,p_stall_binomial,p_sign_binomial,p_conflict_binomial,expected_episodes_stall,expected_episodes_sign,expected_episodes_conflict,expected_compositions_stall,expected_compositions_sign,expected_compositions_conflict
pool of 40 (unregistered PoWit; decisions),0.51,0.51,false,21 of 40,≥ 20,≥ 21,≥ 2,0.05,100000,4.94406e-16,-15.305916653446701,2.46527e-17,-16.60813464378764,6.00941e-1,-0.22116801235276995,4.94406e-11,2.46527e-12,6.00941e4,49506400.0,4.96010e-16,2.47421e-17,6.00936e-1,1.3105240668867924e-8,6.79712640583508e-10,2157897.222366291,2.4555680561619656e-8,1.2248943870222396e-9,29750174.766384035
pool of 40 (unregistered PoWit; decisions),0.55,0.55,false,22 of 40,≥ 19,≥ 22,≥ 4,0.05,100000,8.99775e-15,-14.045866230058632,1.11519e-18,-17.952651078584275,1.38146e-1,-0.859661716100117,8.99775e-10,1.11519e-13,1.38146e4,49506400.0,9.02372e-15,1.11968e-18,1.38150e-1,2.289258271881879e-7,3.193494620566093e-11,1001886.0249475361,4.467318113400492e-7,5.5431420877005586e-11,6839298.045865964
pool of 40 (unregistered PoWit; decisions),0.60,0.6,false,24 of 40,≥ 17,≥ 24,≥ 8,0.05,100000,2.22472e-12,-11.652725068673103,1.69780e-21,-20.770113781154574,7.11273e-4,-3.147963456144609,2.22472e-7,1.69780e-16,7.11273e1,49506400.0,2.22968e-12,1.70611e-21,7.11508e-4,0.00005185915070667279,5.223940252115989e-14,9389.663496213749,0.00011038356555050954,8.446335713024491e-14,35224.22133834793
pool of 40 (unregistered PoWit; decisions),2/3,0.6666666666666666,true,27 of 40,≥ 14,≥ 27,≥ 14,0.05,100000,4.09758e-9,-8.387472546264384,4.68751e-26,-25.329058104197987,4.09758e-9,-8.387472546264384,4.09758e-4,4.68751e-21,4.09758e-4,49506400.0,4.10335e-9,4.71730e-26,4.10335e-9,0.082306289459239,1.5927596984541653e-18,0.082306289459239,0.20314213751101337,2.3353670178942676e-18,0.20314213751101337
pool of 40 (unregistered PoWit; decisions),0.75,0.75,false,30 of 40,≥ 11,≥ 30,≥ 20,0.05,100000,2.91339e-6,-5.5356012723747625,4.76994e-31,-30.321486969485708,4.94406e-16,-15.305916653446701,2.91339e-1,4.76994e-26,4.94406e-11,49506400.0,2.91565e-6,4.80815e-31,4.96010e-16,48.866786076174925,1.7746911702127995e-23,1.3105240668867924e-8,144.34325513580163,2.3803439318473618e-23,2.4555680561619656e-8
registered PoWit (leader 10 + subordinates 30),0.51,0.51,false,6 of 10 and 16 of 30,leader ≥ 5 or subordinates ≥ 15,leader ≥ 6 and subordinates ≥ 16,leader ≥ 2 and subordinates ≥ 2,0.05,100000,6.36790e-5,-4.196003640576308,3.10258e-19,-18.50827717583851,3.84555e-2,-1.4150413286877956,6.36790e0,3.10258e-14,3.84555e3,49506400.0,6.36898e-5,3.11512e-19,3.84572e-2,377.5816684336151,8.895443081323985e-12,250527.65308705636,3153.054385629682,1.5421829544931294e-11,1903875.129996327
registered PoWit (leader 10 + subordinates 30),0.55,0.55,false,6 of 10 and 17 of 30,leader ≥ 5 or subordinates ≥ 14,leader ≥ 6 and subordinates ≥ 17,leader ≥ 2 and subordinates ≥ 4,0.05,100000,6.36791e-5,-4.196003374568953,1.33683e-20,-19.87392443101291,5.23396e-3,-2.2811696502986187,6.36791e0,1.33683e-15,5.23396e2,49506400.0,6.36899e-5,1.34280e-20,5.23476e-3,377.5824723245702,3.9751708315632985e-13,55024.4212277541,3153.056319483134,6.64770275845869e-13,259154.24011940905
registered PoWit (leader 10 + subordinates 30),0.60,0.6,false,6 of 10 and 18 of 30,leader ≥ 5 or subordinates ≥ 13,leader ≥ 6 and subordinates ≥ 18,leader ≥ 2 and subordinates ≥ 6,0.05,100000,6.36797e-5,-4.195999211345139,5.05441e-22,-21.29632932195707,2.82649e-4,-3.548751891740231,6.36797e0,5.05441e-17,2.82649e1,49506400.0,6.36905e-5,5.07923e-22,2.82748e-4,377.5944005286784,1.5568372136236165e-14,3803.1356468645117,3153.0865786018435,2.5145415885510017e-14,13997.83125126344
registered PoWit (leader 10 + subordinates 30),2/3 rounded up per group (comparison),0.6666666666666666,false,7 of 10 and 20 of 30,leader ≥ 4 or subordinates ≥ 11,leader ≥ 7 and subordinates ≥ 20,leader ≥ 4 and subordinates ≥ 10,0.05,100000,1.02851e-3,-2.9877918969329755,1.43339e-26,-25.843635769809037,1.19292e-9,-8.923388293376505,1.02851e2,1.43339e-21,1.19292e-4,49506400.0,1.02861e-3,1.44252e-26,1.19462e-9,5039.903437166653,4.873652957402186e-19,0.024042278469451,50922.655270659045,7.141380271744736e-19,0.059141452477275536
registered PoWit (leader 10 + subordinates 30),SPEC default 7 + 21,0.7,true,7 of 10 and 21 of 30,leader ≥ 4 or subordinates ≥ 10,leader ≥ 7 and subordinates ≥ 21,leader ≥ 4 and subordinates ≥ 12,0.05,100000,1.02956e-3,-2.9873487336409816,3.57768e-28,-27.446398790332317,9.27990e-12,-11.032456762123665,1.02956e2,3.57768e-23,9.27990e-7,49506400.0,1.02966e-3,3.60235e-28,9.29804e-12,5056.990312201004,1.2548186274454907e-20,0.00020710786673431815,50974.67391381804,1.783395950000472e-20,0.0004603124736131921
registered PoWit (leader 10 + subordinates 30),0.75,0.75,false,8 of 10 and 23 of 30,leader ≥ 3 or subordinates ≥ 8,leader ≥ 8 and subordinates ≥ 23,leader ≥ 6 and subordinates ≥ 16,0.05,100000,1.15867e-2,-1.9360397889199668,2.73894e-33,-32.5624181400788,3.10258e-19,-18.50827717583851,1.15867e3,2.73894e-28,3.10258e-14,49506400.0,1.15872e-2,2.76253e-33,3.11512e-19,45806.57973932641,1.048980355075964e-25,8.895443081323985e-12,573642.0989941498,1.367627719402846e-25,1.5421829544931294e-11
pool of 40 (unregistered PoWit; decisions),0.51,0.51,false,21 of 40,≥ 20,≥ 21,≥ 2,0.05,1000000,4.95850e-16,-15.304650080619638,2.47332e-17,-16.60671987406914,6.00936e-1,-0.22117144391125265,4.95850e-10,2.47332e-11,6.00936e5,50406400.0,4.96010e-16,2.47421e-17,6.00936e-1,1.3551649870616742e-8,7.019805685346418e-10,2698739.5637553968,2.5002089763368475e-8,1.2471623149733736e-9,30291017.10777314
pool of 40 (unregistered PoWit; decisions),0.55,0.55,false,22 of 40,≥ 19,≥ 22,≥ 4,0.05,1000000,9.02112e-15,-14.044739627367818,1.11923e-18,-17.951079884254778,1.38149e-1,-0.859651006402494,9.02112e-9,1.11923e-12,1.38149e5,50406400.0,9.02372e-15,1.11968e-18,1.38150e-1,2.3704717372532338e-7,3.294265993134701e-11,1126220.8228984955,4.5485315787718466e-7,5.643913460269166e-11,6963632.843816923
pool of 40 (unregistered PoWit; decisions),0.60,0.6,false,24 of 40,≥ 17,≥ 24,≥ 8,0.05,1000000,2.22919e-12,-11.65185373086505,1.70528e-21,-20.768205051292334,7.11485e-4,-3.1478342952423475,2.22919e-6,1.70528e-15,7.11485e2,50406400.0,2.22968e-12,1.70611e-21,7.11508e-4,0.00005386586517178151,5.377490139438073e-14,10030.021090474555,0.00011239028001561826,8.599885600346575e-14,35864.57893260874
pool of 40 (unregistered PoWit; decisions),2/3,0.6666666666666666,true,27 of 40,≥ 14,≥ 27,≥ 14,0.05,1000000,4.10277e-9,-8.38692244424628,4.71432e-26,-25.326581345988647,4.10277e-9,-8.38692244424628,4.10277e-3,4.71432e-20,4.10277e-3,50406400.0,4.10335e-9,4.71730e-26,4.10335e-9,0.08599930538768284,1.6352154277357297e-18,0.08599930538768284,0.20683515343945721,2.377822747175832e-18,0.20683515343945721
pool of 40 (unregistered PoWit; decisions),0.75,0.75,false,30 of 40,≥ 11,≥ 30,≥ 20,0.05,1000000,2.91542e-6,-5.535298490802443,4.80432e-31,-30.318368101446257,4.95850e-16,-15.304650080619638,2.91542e0,4.80432e-25,4.95850e-10,50406400.0,2.91565e-6,4.80815e-31,4.96010e-16,51.4908696213776,1.8179645558490534e-23,1.3551649870616742e-8,146.9673386810043,2.4236173174836156e-23,2.5002089763368475e-8
registered PoWit (leader 10 + subordinates 30),0.51,0.51,false,6 of 10 and 16 of 30,leader ≥ 5 or subordinates ≥ 15,leader ≥ 6 and subordinates ≥ 16,leader ≥ 2 and subordinates ≥ 2,0.05,1000000,6.36888e-5,-4.19593726009823,3.11386e-19,-18.506700595137577,3.84570e-2,-1.4150247299569827,6.36888e1,3.11386e-13,3.84570e4,50406400.0,6.36898e-5,3.11512e-19,3.84572e-2,434.90251880986375,9.175803733490939e-12,285139.08952753054,3210.3752360059307,1.570219019709825e-11,1938486.5664368013
registered PoWit (leader 10 + subordinates 30),0.55,0.55,false,6 of 10 and 17 of 30,leader ≥ 5 or subordinates ≥ 14,leader ≥ 6 and subordinates ≥ 17,leader ≥ 2 and subordinates ≥ 4,0.05,1000000,6.36888e-5,-4.1959369937695,1.34220e-20,-19.872183192465474,5.23468e-3,-2.281109689553066,6.36888e1,1.34220e-14,5.23468e3,50406400.0,6.36899e-5,1.34280e-20,5.23476e-3,434.9033578572451,4.096022529174371e-13,59735.70736666681,3210.3772050158086,6.768554456069762e-13,263865.52625832177
registered PoWit (leader 10 + subordinates 30),0.60,0.6,false,6 of 10 and 18 of 30,leader ≥ 5 or subordinates ≥ 13,leader ≥ 6 and subordinates ≥ 18,leader ≥ 2 and subordinates ≥ 6,0.05,1000000,6.36894e-5,-4.195932826428127,5.07674e-22,-21.29441516998889,2.82738e-4,-3.548615721801429,6.36894e1,5.07674e-16,2.82738e2,50406400.0,6.36905e-5,5.07923e-22,2.82748e-4,434.91583615602474,1.6025502412260256e-14,4057.608768039493,3210.40801422919,2.5602546161534106e-14,14252.304372438422
registered PoWit (leader 10 + subordinates 30),2/3 rounded up per group (comparison),0.6666666666666666,false,7 of 10 and 20 of 30,leader ≥ 4 or subordinates ≥ 11,leader ≥ 7 and subordinates ≥ 20,leader ≥ 4 and subordinates ≥ 10,0.05,1000000,1.02860e-3,-2.9877544644751843,1.44160e-26,-25.84115479721459,1.19445e-9,-8.922831247355486,1.02860e3,1.44160e-20,1.19445e-3,50406400.0,1.02861e-3,1.44252e-26,1.19462e-9,5965.650204121896,5.003479449422818e-19,0.025117438594799396,51848.40203761429,7.271206763765368e-19,0.06021661260262393
registered PoWit (leader 10 + subordinates 30),SPEC default 7 + 21,0.7,true,7 of 10 and 21 of 30,leader ≥ 4 or subordinates ≥ 10,leader ≥ 7 and subordinates ≥ 21,leader ≥ 4 and subordinates ≥ 12,0.05,1000000,1.02965e-3,-2.9873110744819797,3.59988e-28,-27.443712038642513,9.29622e-12,-11.03169340939272,1.02965e3,3.59988e-22,9.29622e-6,50406400.0,1.02966e-3,3.60235e-28,9.29804e-12,5983.682750399624,1.2872398165240831e-20,0.0002154761024826633,51901.36635201666,1.8158171390790645e-20,0.0004686807093615372
registered PoWit (leader 10 + subordinates 30),0.75,0.75,false,8 of 10 and 23 of 30,leader ≥ 3 or subordinates ≥ 8,leader ≥ 8 and subordinates ≥ 23,leader ≥ 6 and subordinates ≥ 16,0.05,1000000,1.15872e-2,-1.9360222761007613,2.76016e-33,-32.559065847184414,3.11386e-19,-18.506700595137577,1.15872e4,2.76016e-27,3.11386e-13,50406400.0,1.15872e-2,2.76253e-33,3.11512e-19,56235.08775232543,1.0738430990335647e-25,9.175803733490939e-12,584070.6070071489,1.3924904633604468e-25,1.570219019709825e-11
pool of 40 (unregistered PoWit; decisions),0.51,0.51,false,21 of 40,≥ 20,≥ 21,≥ 2,0.1,100000,1.86933e-10,-9.72831429522645,1.95666e-11,-10.70848383921173,9.19530e-1,-0.03643389328808411,1.86933e-5,1.95666e-6,9.19530e4,49506400.0,1.87186e-10,1.95966e-11,9.19526e-1,0.00455707234843732,0.0004977516453944278,1666500.7434251716,0.00926689476939479,0.0009701568872014984,45522437.01562889
pool of 40 (unregistered PoWit; decisions),0.55,0.55,false,22 of 40,≥ 19,≥ 22,≥ 4,0.1,100000,1.62174e-9,-8.790018381987558,1.85909e-12,-11.730699571060686,5.76873e-1,-0.23891974744462274,1.62174e-4,1.85909e-7,5.76873e4,49506400.0,1.62366e-9,1.86229e-12,5.76869e-1,0.037809404730144235,0.00004926069103021336,2393565.9621476685,0.08038179090248014,0.00009219520654612365,28558724.635716606
pool of 40 (unregistered PoWit; decisions),0.60,0.6,false,24 of 40,≥ 17,≥ 24,≥ 8,0.1,100000,9.13511e-8,-7.0392860927492045,1.25045e-14,-13.90293466502563,4.18987e-2,-1.3777997811482656,9.13511e-3,1.25045e-9,4.18987e3,49506400.0,9.14320e-8,1.25311e-14,4.19019e-2,1.9338667382102923,3.577584412208834e-7,433322.2650664011,4.526468231950218,6.203716073219423e-7,2074414.3347646121
pool of 40 (unregistered PoWit; decisions),2/3,0.6666666666666666,true,27 of 40,≥ 14,≥ 27,≥ 14,0.1,100000,1.84652e-5,-4.733646261345726,3.21492e-18,-17.49282975192045,1.84652e-5,-4.733646261345726,1.84652e0,3.21492e-13,1.84652e0,49506400.0,1.84747e-5,3.22403e-18,1.84747e-5,330.00376250362234,1.0216793544855382e-10,330.00376250362234,914.6177533018757,1.5961032774837325e-10,914.6177533018757
pool of 40 (unregistered PoWit; decisions),0.75,0.75,false,30 of 40,≥ 11,≥ 30,≥ 20,0.1,100000,1.46936e-3,-2.8328726146864653,3.05384e-22,-21.515153989867937,1.86933e-10,-9.72831429522645,1.46936e2,3.05384e-17,1.86933e-5,49506400.0,1.46972e-3,3.06495e-22,1.87186e-10,21085.779206398307,1.0674527914373072e-14,0.00455707234843732,72760.66983658318,1.517344959429627e-14,0.00926689476939479
registered PoWit (leader 10 + subordinates 30),0.51,0.51,false,6 of 10 and 16 of 30,leader ≥ 5 or subordinates ≥ 15,leader ≥ 6 and subordinates ≥ 16,leader ≥ 2 and subordinates ≥ 2,0.1,100000,1.63486e-3,-2.7865200723123884,5.36362e-13,-12.270542311679286,2.15423e-1,-0.6667076191042227,1.63486e2,5.36362e-8,2.15423e4,49506400.0,1.63497e-3,5.37292e-13,2.15424e-1,8921.855450775733,0.000014250948191490669,853198.1030087008,80941.62418836734,0.000026599391863937486,10664854.763550898
registered PoWit (leader 10 + subordinates 30),0.55,0.55,false,6 of 10 and 17 of 30,leader ≥ 5 or subordinates ≥ 14,leader ≥ 6 and subordinates ≥ 17,leader ≥ 2 and subordinates ≥ 4,0.1,100000,1.63513e-3,-2.7864486545033067,4.84820e-14,-13.31441987894225,9.30385e-2,-1.0313370724954432,1.63513e2,4.84820e-9,9.30385e3,49506400.0,1.63524e-3,4.85758e-14,9.30412e-2,8926.951142034215,1.3393562015105759e-6,689296.6098612796,80954.94292408226,2.4048117185471814e-6,4606133.879568129
registered PoWit (leader 10 + subordinates 30),0.60,0.6,false,6 of 10 and 18 of 30,leader ≥ 5 or subordinates ≥ 13,leader ≥ 6 and subordinates ≥ 18,leader ≥ 2 and subordinates ≥ 6,0.1,100000,1.63712e-3,-2.785919629001924,3.84838e-15,-14.414721836848031,1.93132e-2,-1.71414676306307,1.63712e2,3.84838e-10,1.93132e3,49506400.0,1.63724e-3,3.85664e-15,1.93149e-2,8962.543258740772,1.1037279277430118e-7,209591.44560877583,81053.65825938116,1.9092856798859155e-7,956213.5409748716
registered PoWit (leader 10 + subordinates 30),2/3 rounded up per group (comparison),0.6666666666666666,false,7 of 10 and 20 of 30,leader ≥ 4 or subordinates ≥ 11,leader ≥ 7 and subordinates ≥ 20,leader ≥ 4 and subordinates ≥ 10,0.1,100000,1.28826e-2,-1.8899951394019148,1.00567e-18,-17.997544027361133,5.81046e-6,-5.235789602572481,1.28826e3,1.00567e-13,5.81046e-1,49506400.0,1.28831e-2,1.00853e-18,5.81356e-6,58352.72353319958,3.200615615399638e-11,104.67685839292157,637797.7090589742,4.992884799655234e-11,287.8086168523951
registered PoWit (leader 10 + subordinates 30),SPEC default 7 + 21,0.7,true,7 of 10 and 21 of 30,leader ≥ 4 or subordinates ≥ 10,leader ≥ 7 and subordinates ≥ 21,leader ≥ 4 and subordinates ≥ 12,0.1,100000,1.32432e-2,-1.878008277973077,5.27862e-20,-19.277479951552,1.95418e-7,-6.709036172747716,1.32432e3,5.27862e-15,1.95418e-2,49506400.0,1.32437e-2,5.29499e-20,1.95568e-7,63540.38144298242,1.735668872326443e-12,3.9581329635805282,655649.8875134594,2.6213597942856436e-12,9.681872825825536
registered PoWit (leader 10 + subordinates 30),0.75,0.75,false,8 of 10 and 23 of 30,leader ≥ 3 or subordinates ≥ 8,leader ≥ 8 and subordinates ≥ 23,leader ≥ 6 and subordinates ≥ 16,0.1,100000,7.74264e-2,-1.1111111582821387,3.74417e-24,-23.426643920477858,5.36362e-13,-12.270542311679286,7.74264e3,3.74417e-19,5.36362e-8,49506400.0,7.74281e-2,3.75891e-24,5.37292e-13,331332.20920959895,1.3494964349831138e-16,0.000014250948191490669,3833186.8349604355,1.8609010269747475e-16,0.000026599391863937486
pool of 40 (unregistered PoWit; decisions),0.51,0.51,false,21 of 40,≥ 20,≥ 21,≥ 2,0.1,1000000,1.87160e-10,-9.72778582862577,1.95936e-11,-10.707885816515173,9.19527e-1,-0.03643564786045417,1.87160e-4,1.95936e-5,9.19527e5,50406400.0,1.87186e-10,1.95966e-11,9.19526e-1,0.004725539562624886,0.0005153885811942709,2494074.417012142,0.009435361983582356,0.0009877938230013414,46350010.689215854
pool of 40 (unregistered PoWit; decisions),0.55,0.55,false,22 of 40,≥ 19,≥ 22,≥ 4,0.1,1000000,1.62347e-9,-8.789555136035304,1.86197e-12,-11.730027655394707,5.76870e-1,-0.23892225852128135,1.62347e-3,1.86197e-6,5.76870e5,50406400.0,1.62366e-9,1.86229e-12,5.76869e-1,0.03927070290194085,0.000050936750810191534,2912748.3743639663,0.08184308907427676,0.00009387126632610182,29077907.047932904
pool of 40 (unregistered PoWit; decisions),0.60,0.6,false,24 of 40,≥ 17,≥ 24,≥ 8,0.1,1000000,9.14239e-8,-7.038940289464293,1.25285e-14,-13.902101948440656,4.19016e-2,-1.3777692354513746,9.14239e-2,1.25285e-8,4.19016e4,50406400.0,9.14320e-8,1.25311e-14,4.19019e-2,2.0161555212515796,3.690364668214067e-7,471034.0134724284,4.608757014991506,6.316496329224656e-7,2112126.0831706394
pool of 40 (unregistered PoWit; decisions),2/3,0.6666666666666666,true,27 of 40,≥ 14,≥ 27,≥ 14,0.1,1000000,1.84738e-5,-4.733444172296711,3.22312e-18,-17.491723284861372,1.84738e-5,-4.733444172296711,1.84738e1,3.22312e-12,1.84738e1,50406400.0,1.84747e-5,3.22403e-18,1.84747e-5,346.63102641236316,1.0506956624726945e-10,346.63102641236316,931.2450172106165,1.6251195854708888e-10,931.2450172106165
pool of 40 (unregistered PoWit; decisions),0.75,0.75,false,30 of 40,≥ 11,≥ 30,≥ 20,0.1,1000000,1.46969e-3,-2.832775453088953,3.06383e-22,-21.51373470084438,1.87160e-10,-9.72778582862577,1.46969e3,3.06383e-16,1.87160e-4,50406400.0,1.46972e-3,3.06495e-22,1.87186e-10,22408.529453900144,1.0950373151248842e-14,0.004725539562624886,74083.42008408502,1.544929483117204e-14,0.009435361983582356
registered PoWit (leader 10 + subordinates 30),0.51,0.51,false,6 of 10 and 16 of 30,leader ≥ 5 or subordinates ≥ 15,leader ≥ 6 and subordinates ≥ 16,leader ≥ 2 and subordinates ≥ 2,0.1,1000000,1.63496e-3,-2.7864924957429977,5.37199e-13,-12.269864900088749,2.15424e-1,-0.666706522814625,1.63496e3,5.37199e-7,2.15424e5,50406400.0,1.63497e-3,5.37292e-13,2.15424e-1,10393.331093713425,0.000014734510976858697,1047079.4857631689,82413.09983130504,0.000027082954649305515,10858736.146305367
registered PoWit (leader 10 + subordinates 30),0.55,0.55,false,6 of 10 and 17 of 30,leader ≥ 5 or subordinates ≥ 14,leader ≥ 6 and subordinates ≥ 17,leader ≥ 2 and subordinates ≥ 4,0.1,1000000,1.63523e-3,-2.786421043419466,4.85664e-14,-13.313664221093426,9.30409e-2,-1.0313260179531767,1.63523e3,4.85664e-8,9.30409e4,50406400.0,1.63524e-3,4.85758e-14,9.30412e-2,10398.668912497711,1.3830743984849562e-6,773033.6719706496,82426.66069454576,2.448529915521562e-6,4689870.941677499
registered PoWit (leader 10 + subordinates 30),0.60,0.6,false,6 of 10 and 18 of 30,leader ≥ 5 or subordinates ≥ 13,leader ≥ 6 and subordinates ≥ 18,leader ≥ 2 and subordinates ≥ 6,0.1,1000000,1.63722e-3,-2.7858918158209853,3.85582e-15,-14.413883563721235,1.93148e-2,-1.7141104874880888,1.63722e3,3.85582e-9,1.93148e4,50406400.0,1.63724e-3,3.85664e-15,1.93149e-2,10436.055621454341,1.1384377251004711e-7,226974.89879618966,82527.17062209472,1.943995477243375e-7,973596.9941622855
registered PoWit (leader 10 + subordinates 30),2/3 rounded up per group (comparison),0.6666666666666666,false,7 of 10 and 20 of 30,leader ≥ 4 or subordinates ≥ 11,leader ≥ 7 and subordinates ≥ 20,leader ≥ 4 and subordinates ≥ 10,0.1,1000000,1.28831e-2,-1.889980066332388,1.00825e-18,-17.996433211688043,5.81325e-6,-5.235580757625289,1.28831e4,1.00825e-12,5.81325e0,50406400.0,1.28831e-2,1.00853e-18,5.81356e-6,69947.54638747856,3.2913836033706825e-11,109.90906584826382,649392.5319132531,5.0836527876262784e-11,293.04082430773735
registered PoWit (leader 10 + subordinates 30),SPEC default 7 + 21,0.7,true,7 of 10 and 21 of 30,leader ≥ 4 or subordinates ≥ 10,leader ≥ 7 and subordinates ≥ 21,leader ≥ 4 and subordinates ≥ 12,0.1,1000000,1.32437e-2,-1.8779912477118934,5.29335e-20,-19.276269223202632,1.95553e-7,-6.70873539059474,1.32437e4,5.29335e-14,1.95553e-1,50406400.0,1.32437e-2,5.29499e-20,1.95568e-7,75459.74739894192,1.7833237980503307e-12,4.134144257943337,667569.253469419,2.6690147200095314e-12,9.857884120188345
registered PoWit (leader 10 + subordinates 30),0.75,0.75,false,8 of 10 and 23 of 30,leader ≥ 3 or subordinates ≥ 8,leader ≥ 8 and subordinates ≥ 23,leader ≥ 6 and subordinates ≥ 16,0.1,1000000,7.74279e-2,-1.1111023385680312,3.75743e-24,-23.4251086378143,5.37199e-13,-12.269864900088749,7.74279e4,3.75743e-18,5.37199e-7,50406400.0,7.74281e-2,3.75891e-24,5.37292e-13,401017.50548370474,1.383326625105548e-16,0.000014734510976858697,3902872.131234541,1.8947312170971816e-16,0.000027082954649305515
pool of 40 (unregistered PoWit; decisions),0.51,0.51,false,21 of 40,≥ 20,≥ 21,≥ 2,0.2,100000,2.16826e-5,-4.663889394092518,5.02473e-6,-5.298887313684659,9.98538e-1,-0.0006353728916081991,2.16826e0,5.02473e-1,9.98538e4,49506400.0,2.16919e-5,5.02727e-6,9.98538e-1,435.5595950556152,106.43187534764779,1168833.962954942,1073.887537869488,248.88205650166057,49434014.177864425
pool of 40 (unregistered PoWit; decisions),0.55,0.55,false,22 of 40,≥ 19,≥ 22,≥ 4,0.2,100000,8.51454e-5,-4.069838727155329,1.05888e-6,-5.97515275670586,9.71540e-1,-0.012539232123252475,8.51454e0,1.05888e-1,9.71540e4,49506400.0,8.51762e-5,1.05950e-6,9.71538e-1,1615.8692572549076,23.573303753321944,1416382.5880381744,4216.765562127877,52.45217998551125,48097344.16683811
pool of 40 (unregistered PoWit; decisions),0.60,0.6,false,24 of 40,≥ 17,≥ 24,≥ 8,0.2,100000,9.90780e-4,-3.004022865039211,3.51882e-8,-7.453603053426015,5.62857e-1,-0.24960223877052812,9.90780e1,3.51882e-3,5.62857e4,49506400.0,9.91019e-4,3.52153e-8,5.62854e-1,16533.42311330634,0.8585095658530411,2663586.9496715767,49061.78401103217,1.7433803413966094,27864880.315876108
pool of 40 (unregistered PoWit; decisions),2/3,0.6666666666666666,true,27 of 40,≥ 14,≥ 27,≥ 14,0.2,100000,1.94053e-2,-1.7120801425169567,1.00159e-10,-9.999311134117928,1.94053e-2,-1.7120801425169567,1.94053e3,1.00159e-5,1.94053e3,49506400.0,1.94074e-2,1.00268e-10,1.94074e-2,251982.32330241313,0.0027606929613181704,251982.32330241313,960788.9691292448,0.0049638962545359416,960788.9691292448
pool of 40 (unregistered PoWit; decisions),0.75,0.75,false,30 of 40,≥ 11,≥ 30,≥ 20,0.2,100000,1.60765e-1,-0.7938092639202736,1.06044e-13,-12.9745130536379,2.16826e-5,-4.663889394092518,1.60765e4,1.06044e-8,2.16826e0,49506400.0,1.60769e-1,1.06199e-13,2.16919e-5,1427062.726984598,3.2567136184281812e-6,435.5595950556152,7959101.74842928,5.257554508353793e-6,1073.887537869488
registered PoWit (leader 10 + subordinates 30),0.51,0.51,false,6 of 10 and 16 of 30,leader ≥ 5 or subordinates ≥ 15,leader ≥ 6 and subordinates ≥ 16,leader ≥ 2 and subordinates ≥ 2,0.2,100000,3.30164e-2,-1.4812707790817647,3.33474e-7,-6.476937996759297,6.17624e-1,-0.20927593374398867,3.30164e3,3.33474e-2,6.17624e4,49506400.0,3.30171e-2,3.33675e-7,6.17622e-1,152626.53562974895,7.477398889361633,1286181.5535201507,1634559.7651980554,16.51903141337196,30576257.848277096
registered PoWit (leader 10 + subordinates 30),0.55,0.55,false,6 of 10 and 17 of 30,leader ≥ 5 or subordinates ≥ 14,leader ≥ 6 and subordinates ≥ 17,leader ≥ 2 and subordinates ≥ 4,0.2,100000,3.36649e-2,-1.4728225811977538,6.66546e-8,-7.176170149154899,5.47598e-1,-0.26153850024518377,3.36649e3,6.66546e-3,5.47598e4,49506400.0,3.36658e-2,6.67005e-8,5.47595e-1,162576.07622512704,1.566310418310499,1691411.2679916,1666672.1392789553,3.302102700012276,27109479.83067518
registered PoWit (leader 10 + subordinates 30),0.60,0.6,false,6 of 10 and 18 of 30,leader ≥ 5 or subordinates ≥ 13,leader ≥ 6 and subordinates ≥ 18,leader ≥ 2 and subordinates ≥ 6,0.2,100000,3.58014e-2,-1.446100180544562,1.17261e-8,-7.930847676447748,3.57341e-1,-0.44691757333016824,3.58014e3,1.17261e-3,3.57341e4,49506400.0,3.58025e-2,1.17353e-8,3.57341e-1,192700.5152400374,0.2880268532414677,1974558.7645089463,1772454.0774278021,0.5809703178499882,17690677.304102983
registered PoWit (leader 10 + subordinates 30),2/3 rounded up per group (comparison),0.6666666666666666,false,7 of 10 and 20 of 30,leader ≥ 4 or subordinates ≥ 11,leader ≥ 7 and subordinates ≥ 20,leader ≥ 4 and subordinates ≥ 10,0.2,100000,1.43391e-1,-0.8434769445939629,3.30731e-11,-10.480525599401414,7.38293e-3,-2.1317710554894376,1.43391e4,3.30731e-6,7.38293e2,49506400.0,1.43394e-1,3.31095e-11,7.38384e-3,702720.4027201628,0.000915069842735813,98193.04070217206,7098910.856008615,0.0016391298597688898,365547.3726921359
registered PoWit (leader 10 + subordinates 30),SPEC default 7 + 21,0.7,true,7 of 10 and 21 of 30,leader ≥ 4 or subordinates ≥ 10,leader ≥ 7 and subordinates ≥ 21,leader ≥ 4 and subordinates ≥ 12,0.2,100000,1.74574e-1,-0.758019934675449,3.86550e-12,-11.412794179514446,1.14723e-3,-2.9403486593044335,1.74574e4,3.86550e-7,1.14723e2,49506400.0,1.74577e-1,3.87021e-12,1.14747e-3,999866.7865061533,0.00011099976913693269,18279.554844881197,8642688.157387597,0.00019160039785380838,56807.134836571015
registered PoWit (leader 10 + subordinates 30),0.75,0.75,false,8 of 10 and 23 of 30,leader ≥ 3 or subordinates ≥ 8,leader ≥ 8 and subordinates ≥ 23,leader ≥ 6 and subordinates ≥ 16,0.2,100000,4.84337e-1,-0.314852722456898,3.00235e-15,-14.522538045706963,3.33474e-7,-6.476937996759297,4.84337e4,3.00235e-10,3.33474e-2,49506400.0,4.84336e-1,3.00719e-15,3.33675e-7,2029851.7961761954,9.553680024361614e-8,7.477398889361633,23977755.46180138,1.4887514273294957e-7,16.51903141337196
pool of 40 (unregistered PoWit; decisions),0.51,0.51,false,21 of 40,≥ 20,≥ 21,≥ 2,0.2,1000000,2.16910e-5,-4.663721228075538,5.02702e-6,-5.298689714146398,9.98538e-1,-0.0006354591286488187,2.16910e1,5.02702e0,9.98538e5,50406400.0,2.16919e-5,5.02727e-6,9.98538e-1,455.0822988693148,110.9564186562199,2067518.027239115,1093.4102416831875,253.4065998102327,50332698.24214859
pool of 40 (unregistered PoWit; decisions),0.55,0.55,false,22 of 40,≥ 19,≥ 22,≥ 4,0.2,1000000,8.51731e-5,-4.069697573098175,1.05944e-6,-5.9749232977404425,9.71538e-1,-0.012540148474613488,8.51731e1,1.05944e0,9.71538e5,50406400.0,8.51762e-5,1.05950e-6,9.71538e-1,1692.52781061195,24.526856465435127,2290766.703024404,4293.42411548492,53.40573269762443,48971728.281824335
pool of 40 (unregistered PoWit; decisions),0.60,0.6,false,24 of 40,≥ 17,≥ 24,≥ 8,0.2,1000000,9.90995e-4,-3.0039284953151935,3.52125e-8,-7.453302585384328,5.62854e-1,-0.24960397191082961,9.90995e2,3.52125e-2,5.62854e5,50406400.0,9.91019e-4,3.52153e-8,5.62854e-1,17425.340231293692,0.8902032924673161,3170155.6414829083,49953.70112901952,1.7750740680108845,28371449.00768744
pool of 40 (unregistered PoWit; decisions),2/3,0.6666666666666666,true,27 of 40,≥ 14,≥ 27,≥ 14,0.2,1000000,1.94072e-2,-1.7120380184861972,1.00257e-10,-9.998885896069432,1.94072e-2,-1.7120380184861972,1.94072e4,1.00257e-4,1.94072e4,50406400.0,1.94074e-2,1.00268e-10,1.94074e-2,269448.95533819677,0.002850933952969398,269448.95533819677,978255.6011650284,0.00505413724618717,978255.6011650284
pool of 40 (unregistered PoWit; decisions),0.75,0.75,false,30 of 40,≥ 11,≥ 30,≥ 20,0.2,1000000,1.60769e-1,-0.7937984871622881,1.06184e-13,-12.973941107846397,2.16910e-5,-4.663721228075538,1.60769e5,1.06184e-7,2.16910e1,50406400.0,1.60769e-1,1.06199e-13,2.16919e-5,1571754.9601824542,3.352293160821052e-6,455.0822988693148,8103793.981627136,5.353134050746664e-6,1093.4102416831875
registered PoWit (leader 10 + subordinates 30),0.51,0.51,false,6 of 10 and 16 of 30,leader ≥ 5 or subordinates ≥ 15,leader ≥ 6 and subordinates ≥ 16,leader ≥ 2 and subordinates ≥ 2,0.2,1000000,3.30171e-2,-1.4812615656864807,3.33655e-7,-6.4767028890974245,6.17622e-1,-0.20927690633160978,3.30171e4,3.33655e-1,6.17622e5,50406400.0,3.30171e-2,3.33675e-7,6.17622e-1,182341.96209336276,7.777706087461976,1842041.6456183319,1664275.1916616692,16.8193386114723,31132117.940375276
registered PoWit (leader 10 + subordinates 30),0.55,0.55,false,6 of 10 and 17 of 30,leader ≥ 5 or subordinates ≥ 14,leader ≥ 6 and subordinates ≥ 17,leader ≥ 2 and subordinates ≥ 4,0.2,1000000,3.36657e-2,-1.4728123118888448,6.66959e-8,-7.175900706585107,5.47596e-1,-0.2615399958032043,3.36657e4,6.66959e-2,5.47596e5,50406400.0,3.36658e-2,6.67005e-8,5.47595e-1,192875.2885562814,1.6263408877045784,2184247.1810777397,1696971.3516101097,3.3621331694063548,27602315.74376132
registered PoWit (leader 10 + subordinates 30),0.60,0.6,false,6 of 10 and 18 of 30,leader ≥ 5 or subordinates ≥ 13,leader ≥ 6 and subordinates ≥ 18,leader ≥ 2 and subordinates ≥ 6,0.2,1000000,3.58024e-2,-1.446087737240152,1.17343e-8,-7.930541427623744,3.57341e-1,-0.44691695465201065,3.58024e4,1.17343e-2,3.57341e5,50406400.0,3.58025e-2,1.17353e-8,3.57341e-1,224922.78689956066,0.29858858437249297,2296165.8612417458,1804676.3490873254,0.5915320489810134,18012284.400835786
registered PoWit (leader 10 + subordinates 30),2/3 rounded up per group (comparison),0.6666666666666666,false,7 of 10 and 20 of 30,leader ≥ 4 or subordinates ≥ 11,leader ≥ 7 and subordinates ≥ 20,leader ≥ 4 and subordinates ≥ 10,0.2,1000000,1.43394e-1,-0.8434703559750822,3.31058e-11,-10.480095743486949,7.38375e-3,-2.131723017055517,1.43394e5,3.31058e-5,7.38375e3,50406400.0,1.43394e-1,3.31095e-11,7.38384e-3,831774.8233689627,0.0009448683510860869,104838.4973587442,7227965.276657416,0.0016689283681191637,372192.82934870804
registered PoWit (leader 10 + subordinates 30),SPEC default 7 + 21,0.7,true,7 of 10 and 21 of 30,leader ≥ 4 or subordinates ≥ 10,leader ≥ 7 and subordinates ≥ 21,leader ≥ 4 and subordinates ≥ 12,0.2,1000000,1.74577e-1,-0.7580132464177431,3.86974e-12,-11.412317860908463,1.14745e-3,-2.9402674805097675,1.74577e5,3.86974e-6,1.14745e3,50406400.0,1.74577e-1,3.87021e-12,1.14747e-3,1156986.256749371,0.00011448296238201671,19312.27831806676,8799807.627630815,0.00019508359109889238,57839.85830975658
registered PoWit (leader 10 + subordinates 30),0.75,0.75,false,8 of 10 and 23 of 30,leader ≥ 3 or subordinates ≥ 8,leader ≥ 8 and subordinates ≥ 23,leader ≥ 6 and subordinates ≥ 16,0.2,1000000,4.84336e-1,-0.3148528100619288,3.00671e-15,-14.521909040417999,3.33655e-7,-6.4767028890974245,4.84336e5,3.00671e-9,3.33655e-1,50406400.0,4.84336e-1,3.00719e-15,3.33675e-7,2465754.627236851,9.82432710930347e-8,7.777706087461976,24413658.292862035,1.5158161358236812e-7,16.8193386114723
pool of 40 (unregistered PoWit; decisions),0.51,0.51,false,21 of 40,≥ 20,≥ 21,≥ 2,0.25,100000,5.72284e-4,-3.2423883840785592,1.74800e-4,-3.757459177627158,9.99856e-1,-0.00006259237517625138,5.72284e1,1.74800e1,9.99856e4,49506400.0,5.72431e-4,1.74854e-4,9.99856e-1,10208.047585946108,3316.5971973202177,1153276.4206580261,28339.003364304783,8656.396313475096,49499263.93030374
pool of 40 (unregistered PoWit; decisions),0.55,0.55,false,22 of 40,≥ 19,≥ 22,≥ 4,0.25,100000,1.70801e-3,-2.7675097538354407,4.86212e-5,-4.313174548202284,9.95305e-1,-0.0020438437255947406,1.70801e2,4.86212e0,9.95305e4,49506400.0,1.70837e-3,4.86392e-5,9.95304e-1,28478.3762477857,976.6835408791842,1207372.9698284958,84575.02350953246,2407.949630672021,49273933.77090243
pool of 40 (unregistered PoWit; decisions),0.60,0.6,false,24 of 40,≥ 17,≥ 24,≥ 8,0.25,100000,1.15599e-2,-1.937046190357627,2.82454e-6,-5.54905171743545,8.18051e-1,-0.08721960275600438,1.15599e3,2.82454e-1,8.18051e4,49506400.0,1.15614e-2,2.82597e-6,8.18046e-1,164625.49844392439,62.891796590440784,2313974.072316982,572361.372160529,139.90343684824347,40498504.87038554
pool of 40 (unregistered PoWit; decisions),2/3,0.6666666666666666,true,27 of 40,≥ 14,≥ 27,≥ 14,0.25,100000,1.03227e-1,-0.9862055005045249,1.86964e-8,-7.728241056557216,1.03227e-1,-0.9862055005045249,1.03227e4,1.86964e-3,1.03227e4,49506400.0,1.03232e-1,1.87104e-8,1.03232e-1,1062094.2052037658,0.476003674443127,1062094.2052037658,5110631.023993779,0.9262826608277215,5110631.023993779
pool of 40 (unregistered PoWit; decisions),0.75,0.75,false,30 of 40,≥ 11,≥ 30,≥ 20,0.25,100000,4.16095e-1,-0.3808072939981635,4.62610e-11,-10.334784888231383,5.72284e-4,-3.2423883840785592,4.16095e4,4.62610e-6,5.72284e1,49506400.0,4.16096e-1,4.63088e-11,5.72431e-4,2570911.0160169075,0.001323591058370927,10208.047585946108,20599411.15147552,0.0022925824207584034,28339.003364304783
registered PoWit (leader 10 + subordinates 30),0.51,0.51,false,6 of 10 and 16 of 30,leader ≥ 5 or subordinates ≥ 15,leader ≥ 6 and subordinates ≥ 16,leader ≥ 2 and subordinates ≥ 2,0.25,100000,8.06603e-2,-1.0933403031955962,1.61506e-5,-4.791812142442911,7.54491e-1,-0.12234578122264494,8.06603e3,1.61506e0,7.54491e4,49506400.0,8.06616e-2,1.61568e-5,7.54490e-1,358201.85322539567,327.85510331075966,1330833.8924875376,3993266.8655630713,799.8639048736482,37352070.39368458
registered PoWit (leader 10 + subordinates 30),0.55,0.55,false,6 of 10 and 17 of 30,leader ≥ 5 or subordinates ≥ 14,leader ≥ 6 and subordinates ≥ 17,leader ≥ 2 and subordinates ≥ 4,0.25,100000,8.56653e-2,-1.0671949002411658,4.25324e-6,-5.371280579498183,7.27667e-1,-0.13806760413713803,8.56653e3,4.25324e-1,7.27667e4,49506400.0,8.56671e-2,4.25514e-6,7.27664e-1,424411.39156068495,91.05729680384307,1556264.1098321106,4241068.947238717,210.6568897998387,36024026.247993916
registered PoWit (leader 10 + subordinates 30),0.60,0.6,false,6 of 10 and 18 of 30,leader ≥ 5 or subordinates ≥ 13,leader ≥ 6 and subordinates ≥ 18,leader ≥ 2 and subordinates ≥ 6,0.25,100000,9.80311e-2,-1.0086359937645213,9.87517e-7,-6.0054553067080505,6.02818e-1,-0.21981353296582995,9.80311e3,9.87517e-2,6.02818e4,49506400.0,9.80335e-2,9.88030e-7,6.02816e-1,570646.6975386133,22.21398646223271,2158964.008811426,4853285.8549079625,48.91378762271452,29843237.007779527
registered PoWit (leader 10 + subordinates 30),2/3 rounded up per group (comparison),0.6666666666666666,false,7 of 10 and 20 of 30,leader ≥ 4 or subordinates ≥ 11,leader ≥ 7 and subordinates ≥ 20,leader ≥ 4 and subordinates ≥ 10,0.25,100000,3.06154e-1,-0.5140594687851454,6.37782e-9,-8.195328045894168,4.40590e-2,-1.3559654376683703,3.06154e4,6.37782e-4,4.40590e3,49506400.0,3.06157e-1,6.38264e-9,4.40615e-2,1499658.6905896275,0.16327298312009397,471147.7981011421,15156717.30643809,0.31598161753594906,2181324.733408799
registered PoWit (leader 10 + subordinates 30),SPEC default 7 + 21,0.7,true,7 of 10 and 21 of 30,leader ≥ 4 or subordinates ≥ 10,leader ≥ 7 and subordinates ≥ 21,leader ≥ 4 and subordinates ≥ 12,0.25,100000,3.76655e-1,-0.4240560063674579,9.87185e-10,-9.005601252890116,1.13525e-2,-1.944906932247921,3.76655e4,9.87185e-5,1.13525e3,49506400.0,3.76657e-1,9.88022e-10,1.13538e-2,1945588.9481816676,0.026309880847349743,154078.55983352626,18646922.302667648,0.048913424223346755,562084.8919503959
registered PoWit (leader 10 + subordinates 30),0.75,0.75,false,8 of 10 and 23 of 30,leader ≥ 3 or subordinates ≥ 8,leader ≥ 8 and subordinates ≥ 23,leader ≥ 6 and subordinates ≥ 16,0.25,100000,7.29696e-1,-0.13685785877709122,1.77313e-12,-11.751259717893863,1.61506e-5,-4.791812142442911,7.29696e4,1.77313e-7,1.61506e0,49506400.0,7.29693e-1,1.77517e-12,1.61568e-5,2278708.094590075,0.00005273220446544717,327.85510331075966,36124468.39925205,0.00008788207219833582,799.8639048736482
pool of 40 (unregistered PoWit; decisions),0.51,0.51,false,21 of 40,≥ 20,≥ 21,≥ 2,0.25,1000000,5.72416e-4,-3.2422879343088233,1.74849e-4,-3.7573377107749835,9.99856e-1,-0.00006260429924509481,5.72416e2,1.74849e2,9.99856e5,50406400.0,5.72431e-4,1.74854e-4,9.99856e-1,10723.235582404632,3473.9658745443257,2053146.6907094403,28854.191360763307,8813.764990699205,50399134.20035516
pool of 40 (unregistered PoWit; decisions),0.55,0.55,false,22 of 40,≥ 19,≥ 22,≥ 4,0.25,1000000,1.70833e-3,-2.767428272406274,4.86374e-5,-4.313030007647804,9.95304e-1,-0.0020440843352709237,1.70833e3,4.86374e1,9.95304e5,50406400.0,1.70837e-3,4.86392e-5,9.95304e-1,30015.90515634256,1020.4587834256997,2103146.8575240695,86112.55241808931,2451.7248732185367,50169707.658598006
pool of 40 (unregistered PoWit; decisions),0.60,0.6,false,24 of 40,≥ 17,≥ 24,≥ 8,0.25,1000000,1.15612e-2,-1.9369965461250551,2.82582e-6,-5.548854837503502,8.18046e-1,-0.0872220809898252,1.15612e4,2.82582e0,8.18046e5,50406400.0,1.15614e-2,2.82597e-6,8.18046e-1,175030.72352481243,65.4351666024679,3050215.3337164563,582766.597241417,142.44680686027058,41234746.13178502
pool of 40 (unregistered PoWit; decisions),2/3,0.6666666666666666,true,27 of 40,≥ 14,≥ 27,≥ 14,0.25,1000000,1.03231e-1,-0.9861886875368029,1.87090e-8,-7.727950134873009,1.03231e-1,-0.9861886875368029,1.03231e5,1.87090e-2,1.03231e5,50406400.0,1.03232e-1,1.87104e-8,1.03232e-1,1155002.7568575803,0.49284300016151794,1155002.7568575803,5203539.5756475935,0.9431219865461125,5203539.5756475935
pool of 40 (unregistered PoWit; decisions),0.75,0.75,false,30 of 40,≥ 11,≥ 30,≥ 20,0.25,1000000,4.16096e-1,-0.38080661591299503,4.63040e-11,-10.334381236223614,5.72416e-4,-3.2422879343088233,4.16096e5,4.63040e-5,5.72416e2,50406400.0,4.16096e-1,4.63088e-11,5.72431e-4,2945397.345790996,0.0013652689864505807,10723.235582404632,20973897.48124961,0.0023342603488380573,28854.191360763307
registered PoWit (leader 10 + subordinates 30),0.51,0.51,false,6 of 10 and 16 of 30,leader ≥ 5 or subordinates ≥ 15,leader ≥ 6 and subordinates ≥ 16,leader ≥ 2 and subordinates ≥ 2,0.25,1000000,8.06615e-2,-1.09333374105368,1.61562e-5,-4.79166193628226,7.54490e-1,-0.12234657852596698,8.06615e4,1.61562e1,7.54490e5,50406400.0,8.06616e-2,1.61568e-5,7.54490e-1,430797.31924608734,342.3962033379538,2009874.6499313447,4065862.331583763,814.4050049008423,38031111.15112839
registered PoWit (leader 10 + subordinates 30),0.55,0.55,false,6 of 10 and 17 of 30,leader ≥ 5 or subordinates ≥ 14,leader ≥ 6 and subordinates ≥ 17,leader ≥ 2 and subordinates ≥ 4,0.25,1000000,8.56669e-2,-1.0671869023012341,4.25495e-6,-5.371105167890626,7.27664e-1,-0.1380689469198515,8.56669e4,4.25495e0,7.27664e5,50406400.0,8.56671e-2,4.25514e-6,7.27664e-1,501511.76752247673,94.88692692883409,2211161.731618273,4318169.323200509,214.4865199248297,36678923.869780086
registered PoWit (leader 10 + subordinates 30),0.60,0.6,false,6 of 10 and 18 of 30,leader ≥ 5 or subordinates ≥ 13,leader ≥ 6 and subordinates ≥ 18,leader ≥ 2 and subordinates ≥ 6,0.25,1000000,9.80333e-2,-1.0086265267001835,9.87978e-7,-6.005252577303295,6.02816e-1,-0.21981522996250646,9.80333e4,9.87978e-1,6.02816e5,50406400.0,9.80335e-2,9.88030e-7,6.02816e-1,658876.8510019467,23.103213084658154,2701498.1722125523,4941516.008371296,49.80301424513996,30385771.171180654
registered PoWit (leader 10 + subordinates 30),2/3 rounded up per group (comparison),0.6666666666666666,false,7 of 10 and 20 of 30,leader ≥ 4 or subordinates ≥ 11,leader ≥ 7 and subordinates ≥ 20,leader ≥ 4 and subordinates ≥ 10,0.25,1000000,3.06156e-1,-0.5140565232791765,6.38216e-9,-8.195032378719453,4.40612e-2,-1.3559434641897248,3.06156e5,6.38216e-3,4.40612e4,50406400.0,3.06157e-1,6.38264e-9,4.40615e-2,1775199.743378646,0.16901736073152107,510803.12064666994,15432258.35922711,0.3217259951473761,2220980.055954327
registered PoWit (leader 10 + subordinates 30),SPEC default 7 + 21,0.7,true,7 of 10 and 21 of 30,leader ≥ 4 or subordinates ≥ 10,leader ≥ 7 and subordinates ≥ 21,leader ≥ 4 and subordinates ≥ 12,0.25,1000000,3.76657e-1,-0.42405436738789604,9.87939e-10,-9.005270075037128,1.13537e-2,-1.9448641839105996,3.76657e5,9.87939e-4,1.13537e4,50406400.0,3.76657e-1,9.88022e-10,1.13538e-2,2284580.069984119,0.027199100863368117,164296.96397431122,18985913.424470097,0.049802644239365125,572303.2960911809
registered PoWit (leader 10 + subordinates 30),0.75,0.75,false,8 of 10 and 23 of 30,leader ≥ 3 or subordinates ≥ 8,leader ≥ 8 and subordinates ≥ 23,leader ≥ 6 and subordinates ≥ 16,0.25,1000000,7.29693e-1,-0.13685967940372734,1.77496e-12,-11.750810921220477,1.61562e-5,-4.79166193628226,7.29693e5,1.77496e-6,1.61562e1,50406400.0,7.29693e-1,1.77517e-12,1.61568e-5,2935431.7012212737,0.0000543298537588416,342.3962033379538,36781192.005883254,0.00008947972149173025,814.4050049008423
pool of 40 (unregistered PoWit; decisions),0.51,0.51,false,21 of 40,≥ 20,≥ 21,≥ 2,0.3,100000,6.25357e-3,-2.2038719022536988,2.41891e-3,-2.6163811551770735,9.99988e-1,-5.015240695627199e-6,6.25357e2,2.41891e2,9.99988e4,49506400.0,6.25450e-3,2.41936e-3,9.99988e-1,96696.7751847429,40305.57439899263,1151392.0901839621,309637.9952635174,119773.79881145453,49505828.14143778
pool of 40 (unregistered PoWit; decisions),0.55,0.55,false,22 of 40,≥ 19,≥ 22,≥ 4,0.3,100000,1.47753e-2,-1.830462298234579,8.53797e-4,-3.0686452494550807,9.99402e-1,-0.00025970521820184445,1.47753e3,8.53797e1,9.99402e4,49506400.0,1.47770e-2,8.53995e-4,9.99402e-1,210191.4638391799,15223.237687925166,1159790.437261168,731558.4318236574,42278.20842285742,49476798.71514715
pool of 40 (unregistered PoWit; decisions),0.60,0.6,false,24 of 40,≥ 17,≥ 24,≥ 8,0.3,100000,6.33091e-2,-1.1985341721074114,8.02507e-5,-4.095550931457538,9.44721e-1,-0.02469661226591313,6.33091e3,8.02507e0,9.44721e4,49506400.0,6.33129e-2,8.02774e-5,9.44717e-1,736763.8221003548,1611.8837772503327,1662182.9011345955,3134392.5385841373,3974.245358718608,46769543.27541194
pool of 40 (unregistered PoWit; decisions),2/3,0.6666666666666666,true,27 of 40,≥ 14,≥ 27,≥ 14,0.3,100000,2.96748e-1,-0.5276125321915472,1.10247e-6,-5.957634692050352,2.96748e-1,-0.5276125321915472,2.96748e4,1.10247e-1,2.96748e4,49506400.0,2.96751e-1,1.10304e-6,2.96751e-1,2250512.710780563,25.729376695256487,2250512.710780563,14691070.409458732,54.60745284174485,14691070.409458732
pool of 40 (unregistered PoWit; decisions),0.75,0.75,false,30 of 40,≥ 11,≥ 30,≥ 20,0.3,100000,6.91261e-1,-0.16035770317054343,5.69871e-9,-8.244223182219926,6.25357e-3,-2.2038719022536988,6.91261e4,5.69871e-4,6.25357e2,49506400.0,6.91257e-1,5.70298e-9,6.25450e-3,2721613.266655615,0.15107047318868122,96696.7751847429,34221659.13965403,0.28233383216371905,309637.9952635174
registered PoWit (leader 10 + subordinates 30),0.51,0.51,false,6 of 10 and 16 of 30,leader ≥ 5 or subordinates ≥ 15,leader ≥ 6 and subordinates ≥ 16,leader ≥ 2 and subordinates ≥ 2,0.3,100000,1.64658e-1,-0.7834160904079681,3.01555e-4,-3.5206329746751805,8.50427e-1,-0.07036279916724553,1.64658e4,3.01555e1,8.50427e4,49506400.0,1.64661e-1,3.01629e-4,8.50426e-1,738822.3031578666,5458.140022453816,1326386.790146319,8151748.7027401775,14932.588220955286,42101527.58997678
registered PoWit (leader 10 + subordinates 30),0.55,0.55,false,6 of 10 and 17 of 30,leader ≥ 5 or subordinates ≥ 14,leader ≥ 6 and subordinates ≥ 17,leader ≥ 2 and subordinates ≥ 4,0.3,100000,1.84300e-1,-0.734475611507257,1.00572e-4,-3.9975212784568086,8.42768e-1,-0.07429195185835269,1.84300e4,1.00572e1,8.42768e4,49506400.0,1.84302e-1,1.00602e-4,8.42766e-1,950635.8470694721,1937.6668629343458,1407756.31324118,9124140.94531964,4980.440653806288,41722317.04137375
registered PoWit (leader 10 + subordinates 30),0.60,0.6,false,6 of 10 and 18 of 30,leader ≥ 5 or subordinates ≥ 13,leader ≥ 6 and subordinates ≥ 18,leader ≥ 2 and subordinates ≥ 6,0.3,100000,2.22042e-1,-0.653564494529558,2.96408e-5,-4.528110334876892,7.85536e-1,-0.10483367064639637,2.22042e4,2.96408e0,7.85536e4,49506400.0,2.22045e-1,2.96511e-5,7.85533e-1,1295795.1314467276,604.4707848178083,1843837.3461293818,10992659.372237036,1467.9179830478176,38888917.73413825
registered PoWit (leader 10 + subordinates 30),2/3 rounded up per group (comparison),0.6666666666666666,false,7 of 10 and 20 of 30,leader ≥ 4 or subordinates ≥ 11,leader ≥ 7 and subordinates ≥ 20,leader ≥ 4 and subordinates ≥ 10,0.3,100000,5.25544e-1,-0.27939105425288346,3.90323e-7,-6.408575389222992,1.44074e-1,-0.8414144685554241,5.25544e4,3.90323e-2,1.44074e4,49506400.0,5.25544e-1,3.90531e-7,1.44077e-1,2217584.632287301,9.180433769965443,1165800.2785053398,26017770.127301622,19.333773309837554,7132735.047231835
registered PoWit (leader 10 + subordinates 30),SPEC default 7 + 21,0.7,true,7 of 10 and 21 of 30,leader ≥ 4 or subordinates ≥ 10,leader ≥ 7 and subordinates ≥ 21,leader ≥ 4 and subordinates ≥ 12,0.3,100000,6.17506e-1,-0.20935915888164303,7.70409e-8,-7.113278390715767,5.58217e-2,-1.25319693190675,6.17506e4,7.70409e-3,5.58217e3,49506400.0,6.17504e-1,7.70874e-8,5.58246e-2,2462512.9109444236,1.893888270953514,617722.5125886829,30570378.58836912,3.8163198017828353,2763677.412359059
registered PoWit (leader 10 + subordinates 30),0.75,0.75,false,8 of 10 and 23 of 30,leader ≥ 3 or subordinates ≥ 8,leader ≥ 8 and subordinates ≥ 23,leader ≥ 6 and subordinates ≥ 16,0.3,100000,8.92298e-1,-0.04949025148000885,2.85671e-10,-9.54413421353772,3.01555e-4,-3.5206329746751805,8.92298e4,2.85671e-5,3.01555e1,49506400.0,8.92294e-1,2.85912e-10,3.01629e-4,1897514.0057198305,0.007902310360000908,5458.140022453816,44174255.74137573,0.01415445377543624,14932.588220955286
pool of 40 (unregistered PoWit; decisions),0.51,0.51,false,21 of 40,≥ 20,≥ 21,≥ 2,0.3,1000000,6.25441e-3,-2.2038135795585667,2.41931e-3,-2.6163076853709057,9.99988e-1,-5.01651216211485e-6,6.25441e3,2.41931e3,9.99988e5,50406400.0,6.25450e-3,2.41936e-3,9.99988e-1,102325.82911993442,42482.99830641286,2051381.6940996984,315267.04919870896,121951.22271887476,50405817.74535351
pool of 40 (unregistered PoWit; decisions),0.55,0.55,false,22 of 40,≥ 19,≥ 22,≥ 4,0.3,1000000,1.47769e-2,-1.8304173232398036,8.53975e-4,-3.0685548185380824,9.99402e-1,-0.0002597497426037876,1.47769e4,8.53975e2,9.99402e5,50406400.0,1.47770e-2,8.53995e-4,9.99402e-1,223490.80672497427,15991.833012581608,2059252.3016591538,744857.7747094517,43046.803747513855,50376260.57954514
pool of 40 (unregistered PoWit; decisions),0.60,0.6,false,24 of 40,≥ 17,≥ 24,≥ 8,0.3,1000000,6.33125e-2,-1.1985105826434683,8.02747e-5,-4.095421096259614,9.44717e-1,-0.024698057113226923,6.33125e4,8.02747e1,9.44717e5,50406400.0,6.33129e-2,8.02774e-5,9.44717e-1,793745.4100309198,1684.1334424016416,2512428.302696227,3191374.1265147026,4046.495023869916,47619788.676973574
pool of 40 (unregistered PoWit; decisions),2/3,0.6666666666666666,true,27 of 40,≥ 14,≥ 27,≥ 14,0.3,1000000,2.96751e-1,-0.5276083689072273,1.10298e-6,-5.957431952632696,2.96751e-1,-0.5276083689072273,2.96751e5,1.10298e0,2.96751e5,50406400.0,2.96751e-1,1.10304e-6,2.96751e-1,2517588.5508439257,26.722111120655434,2517588.5508439257,14958146.249522094,55.600187267143795,14958146.249522094
pool of 40 (unregistered PoWit; decisions),0.75,0.75,false,30 of 40,≥ 11,≥ 30,≥ 20,0.3,1000000,6.91258e-1,-0.16036002705913432,5.70255e-9,-8.243930897974035,6.25441e-3,-2.2038135795585667,6.91258e5,5.70255e-3,6.25441e3,50406400.0,6.91257e-1,5.70298e-9,6.25450e-3,3343744.813802825,0.15620315197258283,102325.82911993442,34843790.68680124,0.28746651094762066,315267.04919870896
registered PoWit (leader 10 + subordinates 30),0.51,0.51,false,6 of 10 and 16 of 30,leader ≥ 5 or subordinates ≥ 15,leader ≥ 6 and subordinates ≥ 16,leader ≥ 2 and subordinates ≥ 2,0.3,1000000,1.64660e-1,-0.7834111161643236,3.01622e-4,-3.520536928619901,8.50426e-1,-0.07036342332207823,1.64660e5,3.01622e2,8.50426e5,50406400.0,1.64661e-1,3.01629e-4,8.50426e-1,887016.7554401201,5729.606527771507,2091770.151307282,8299943.155022431,15204.054726272978,42866910.951137744
registered PoWit (leader 10 + subordinates 30),0.55,0.55,false,6 of 10 and 17 of 30,leader ≥ 5 or subordinates ≥ 14,leader ≥ 6 and subordinates ≥ 17,leader ≥ 2 and subordinates ≥ 4,0.3,1000000,1.84302e-1,-0.7344699861140462,1.00599e-4,-3.9974063466710845,8.42766e-1,-0.0742928300432979,1.84302e5,1.00599e2,8.42766e5,50406400.0,1.84302e-1,1.00602e-4,8.42766e-1,1116507.872722472,2028.2086229578106,2166245.8284803485,9290012.97097264,5070.982413829753,42480806.556612924
registered PoWit (leader 10 + subordinates 30),0.60,0.6,false,6 of 10 and 18 of 30,leader ≥ 5 or subordinates ≥ 13,leader ≥ 6 and subordinates ≥ 18,leader ≥ 2 and subordinates ≥ 6,0.3,1000000,2.22045e-1,-0.6535591676098775,2.96500e-5,-4.527974632900769,7.85533e-1,-0.10483530758680004,2.22045e5,2.96500e1,7.85533e5,50406400.0,2.22045e-1,2.96511e-5,7.85533e-1,1495635.8274984164,631.1567523844873,2550817.170166767,11192500.068288725,1494.6039506144966,39595897.55817564
registered PoWit (leader 10 + subordinates 30),2/3 rounded up per group (comparison),0.6666666666666666,false,7 of 10 and 20 of 30,leader ≥ 4 or subordinates ≥ 11,leader ≥ 7 and subordinates ≥ 20,leader ≥ 4 and subordinates ≥ 10,0.3,1000000,5.25544e-1,-0.2793912522284643,3.90510e-7,-6.4083677898641405,1.44077e-1,-0.841406175884476,5.25544e5,3.90510e-1,1.44077e5,50406400.0,5.25544e-1,3.90531e-7,1.44077e-1,2690573.8440775233,9.531911477471015,1295469.6049461362,26490759.339091845,19.685251017343123,7262404.3736726325
registered PoWit (leader 10 + subordinates 30),SPEC default 7 + 21,0.7,true,7 of 10 and 21 of 30,leader ≥ 4 or subordinates ≥ 10,leader ≥ 7 and subordinates ≥ 21,leader ≥ 4 and subordinates ≥ 12,0.3,1000000,6.17504e-1,-0.2093603923313907,7.70828e-8,-7.113042765098498,5.58244e-2,-1.2531762908354231,6.17504e5,7.70828e-2,5.58244e4,50406400.0,6.17504e-1,7.70874e-8,5.58246e-2,3018266.121226977,1.9632669335426856,667964.6968542153,31126131.798651673,3.8856984643720067,2813919.5966245914
registered PoWit (leader 10 + subordinates 30),0.75,0.75,false,8 of 10 and 23 of 30,leader ≥ 3 or subordinates ≥ 8,leader ≥ 8 and subordinates ≥ 23,leader ≥ 6 and subordinates ≥ 16,0.3,1000000,8.92294e-1,-0.04949191998130331,2.85888e-10,-9.543804828520653,3.01622e-4,-3.520536928619901,8.92294e5,2.85888e-4,3.01622e2,50406400.0,8.92294e-1,2.85912e-10,3.01629e-4,2700578.46137078,0.008159630795295993,5729.606527771507,44977320.19702668,0.014411774210731325,15204.054726272978
pool of 40 (unregistered PoWit; decisions),0.51,0.51,false,21 of 40,≥ 20,≥ 21,≥ 2,0.33,100000,1.91657e-2,-1.7174755322935091,8.42243e-3,-2.0745627507513085,9.99998e-1,-9.9228352468117e-7,1.91657e3,8.42243e2,9.99998e4,49506400.0,1.91677e-2,8.42357e-3,9.99998e-1,267677.2953585755,128117.08691616527,1151240.9859844078,948923.1376301184,417020.63649433065,49506286.8498555
pool of 40 (unregistered PoWit; decisions),0.55,0.55,false,22 of 40,≥ 19,≥ 22,≥ 4,0.33,100000,3.99397e-2,-1.3985954595259997,3.38311e-3,-2.470684464636662,9.99847e-1,-0.00006665974149200338,3.99397e3,3.38311e2,9.99847e4,49506400.0,3.99427e-2,3.38369e-3,9.99846e-1,506608.54246504174,55549.897627868486,1153615.862343332,1977421.480374643,167514.13276325745,49498800.100954965
pool of 40 (unregistered PoWit; decisions),0.60,0.6,false,24 of 40,≥ 17,≥ 24,≥ 8,0.33,100000,1.34247e-1,-0.8720939845836853,4.13379e-4,-3.3836512342484326,9.76624e-1,-0.010272395371458742,1.34247e4,4.13379e1,9.76624e4,49506400.0,1.34252e-1,4.13486e-4,9.76622e-1,1346185.9872439883,7746.928680757905,1404981.8691795918,6646338.528989751,20470.180050089308,48349058.40964836
pool of 40 (unregistered PoWit; decisions),2/3,0.6666666666666666,true,27 of 40,≥ 14,≥ 27,≥ 14,0.33,100000,4.52350e-1,-0.3445249669394954,8.47299e-6,-5.071963559153513,4.52350e-1,-0.3445249669394954,4.52350e4,8.47299e-1,4.52350e4,49506400.0,4.52351e-1,8.47653e-6,4.52351e-1,2742888.273642173,186.82165461078483,2742888.273642173,22394259.943176027,419.6423377794834,22394259.943176027
pool of 40 (unregistered PoWit; decisions),0.75,0.75,false,30 of 40,≥ 11,≥ 30,≥ 20,0.33,100000,8.17087e-1,-0.08773162110610144,6.56752e-8,-7.182598411780841,1.91657e-2,-1.7174755322935091,8.17087e4,6.56752e-3,1.91657e3,49506400.0,8.17082e-1,6.57159e-8,1.91677e-2,2388977.624618458,1.6578647470828378,267677.2953585755,40450792.99138438,3.2533585080306526,948923.1376301184
registered PoWit (leader 10 + subordinates 30),0.51,0.51,false,6 of 10 and 16 of 30,leader ≥ 5 or subordinates ≥ 15,leader ≥ 6 and subordinates ≥ 16,leader ≥ 2 and subordinates ≥ 2,0.33,100000,2.38014e-1,-0.6233974159979034,1.24536e-3,-2.9047063743195842,8.91906e-1,-0.049680900994211186,2.38014e4,1.24536e2,8.91906e4,49506400.0,2.38016e-1,1.24559e-3,8.91905e-1,1076961.7149036485,20830.542073638542,1308368.4900582219,11783335.421469573,61664.56876064265,44154997.08445383
registered PoWit (leader 10 + subordinates 30),0.55,0.55,false,6 of 10 and 17 of 30,leader ≥ 5 or subordinates ≥ 14,leader ≥ 6 and subordinates ≥ 17,leader ≥ 2 and subordinates ≥ 4,0.33,100000,2.72580e-1,-0.564505976730338,4.72059e-4,-3.3260033152788644,8.88715e-1,-0.05123733538023245,2.72580e4,4.72059e1,8.88715e4,49506400.0,2.72583e-1,4.72166e-4,8.88714e-1,1392180.1569643999,8469.300192792423,1346108.456754145,13494586.482940977,23375.258569105765,43997021.69383315
registered PoWit (leader 10 + subordinates 30),0.60,0.6,false,6 of 10 and 18 of 30,leader ≥ 5 or subordinates ≥ 13,leader ≥ 6 and subordinates ≥ 18,leader ≥ 2 and subordinates ≥ 6,0.33,100000,3.30376e-1,-0.48099206019411156,1.58409e-4,-3.800220308129969,8.57686e-1,-0.06667152454987857,3.30376e4,1.58409e1,8.57686e4,49506400.0,3.30378e-1,1.58452e-4,8.57684e-1,1814832.8165433852,3026.3679126768307,1627746.8036369155,16355822.660588358,7844.3882368054665,42460822.8521246
registered PoWit (leader 10 + subordinates 30),2/3 rounded up per group (comparison),0.6666666666666666,false,7 of 10 and 20 of 30,leader ≥ 4 or subordinates ≥ 11,leader ≥ 7 and subordinates ≥ 20,leader ≥ 4 and subordinates ≥ 10,0.33,100000,6.58970e-1,-0.18113402762435626,3.07559e-6,-5.512071287765153,2.38639e-1,-0.6222587831398201,6.58970e4,3.07559e-1,2.38639e4,49506400.0,6.58968e-1,3.07692e-6,2.38641e-1,2374673.607084152,68.4616518034054,1584671.234288611,32623149.515059307,152.32705072732935,11814263.645316806
registered PoWit (leader 10 + subordinates 30),SPEC default 7 + 21,0.7,true,7 of 10 and 21 of 30,leader ≥ 4 or subordinates ≥ 10,leader ≥ 7 and subordinates ≥ 21,leader ≥ 4 and subordinates ≥ 12,0.33,100000,7.45875e-1,-0.12733371933549265,6.93604e-7,-6.158888315259031,1.13540e-1,-0.9448528155683782,7.45875e4,6.93604e-2,1.13540e4,49506400.0,7.45872e-1,6.93946e-7,1.13543e-1,2405288.816450549,16.185116886303046,1082105.6558165012,36925430.89824322,34.354787183078834,5621110.50513166
registered PoWit (leader 10 + subordinates 30),0.75,0.75,false,8 of 10 and 23 of 30,leader ≥ 3 or subordinates ≥ 8,leader ≥ 8 and subordinates ≥ 23,leader ≥ 6 and subordinates ≥ 16,0.33,100000,9.45813e-1,-0.024194761961616962,3.82653e-9,-8.417194554336962,1.24536e-3,-2.9047063743195842,9.45813e4,3.82653e-4,1.24536e2,49506400.0,9.45810e-1,3.82923e-9,1.24559e-3,1616316.402745237,0.10107577959116429,20830.542073638542,46823646.67130069,0.1895714270406803,61664.56876064265
pool of 40 (unregistered PoWit; decisions),0.51,0.51,false,21 of 40,≥ 20,≥ 21,≥ 2,0.33,1000000,1.91675e-2,-1.7174348323574655,8.42346e-3,-2.0745096945889188,9.99998e-1,-9.92577199099287e-7,1.91675e4,8.42346e3,9.99998e5,50406400.0,1.91677e-2,8.42357e-3,9.99998e-1,284928.2128938256,135698.3001097099,2051238.9289750098,966174.0551653685,424601.84968787525,50406284.7928461
pool of 40 (unregistered PoWit; decisions),0.55,0.55,false,22 of 40,≥ 19,≥ 22,≥ 4,0.33,1000000,3.99424e-2,-1.398565434934575,3.38363e-3,-2.4706173500720254,9.99846e-1,-0.00006667362614365402,3.99424e4,3.38363e3,9.99846e5,50406400.0,3.99427e-2,3.38369e-3,9.99846e-1,542557.0124070529,58595.2153946003,2053477.7002240801,2013369.9503166543,170559.4505299893,50398661.93883572
pool of 40 (unregistered PoWit; decisions),0.60,0.6,false,24 of 40,≥ 17,≥ 24,≥ 8,0.33,1000000,1.34252e-1,-0.8720803979335905,4.13475e-4,-3.3835508384913346,9.76623e-1,-0.010273232779045571,1.34252e5,4.13475e2,9.76623e5,50406400.0,1.34252e-1,4.13486e-4,9.76622e-1,1467012.8838894882,8119.065657897838,2283942.0151139256,6767165.42563525,20842.31702722924,49228018.55558269
pool of 40 (unregistered PoWit; decisions),2/3,0.6666666666666666,true,27 of 40,≥ 14,≥ 27,≥ 14,0.33,1000000,4.52351e-1,-0.3445246650422291,8.47617e-6,-5.071800199035501,4.52351e-1,-0.3445246650422291,4.52351e5,8.47617e0,4.52351e5,50406400.0,4.52351e-1,8.47653e-6,4.52351e-1,3150003.9990606727,194.45052893817552,3150003.9990606727,22801375.668594524,427.2712121068741,22801375.668594524
pool of 40 (unregistered PoWit; decisions),0.75,0.75,false,30 of 40,≥ 11,≥ 30,≥ 20,0.33,1000000,8.17083e-1,-0.08773403808414315,6.57118e-8,-7.18235632068339,1.91675e-2,-1.7174348323574655,8.17083e5,6.57118e-2,1.91675e4,50406400.0,8.17082e-1,6.57159e-8,1.91677e-2,3124351.509454478,1.717009073012972,284928.2128938256,41186166.876220405,3.3125028339607865,966174.0551653685
registered PoWit (leader 10 + subordinates 30),0.51,0.51,false,6 of 10 and 16 of 30,leader ≥ 5 or subordinates ≥ 15,leader ≥ 6 and subordinates ≥ 16,leader ≥ 2 and subordinates ≥ 2,0.33,1000000,2.38016e-1,-0.6233935371140689,1.24556e-3,-2.904633720173564,8.91905e-1,-0.04968142757530103,2.38016e5,1.24556e3,8.91905e5,50406400.0,2.38016e-1,1.24559e-3,8.91905e-1,1291176.480657624,21951.57110997684,2111082.8335776143,11997550.187223548,62785.59779698095,44957711.427973226
registered PoWit (leader 10 + subordinates 30),0.55,0.55,false,6 of 10 and 17 of 30,leader ≥ 5 or subordinates ≥ 14,leader ≥ 6 and subordinates ≥ 17,leader ≥ 2 and subordinates ≥ 4,0.33,1000000,2.72582e-1,-0.5645021866837467,4.72156e-4,-3.3259147617894236,8.88714e-1,-0.05123799463034118,2.72582e5,4.72156e2,8.88714e5,50406400.0,2.72583e-1,4.72166e-4,8.88714e-1,1637504.5561258593,8894.249951049844,2145950.8917615344,13739910.882102437,23800.208327363187,44796864.128840536
registered PoWit (leader 10 + subordinates 30),0.60,0.6,false,6 of 10 and 18 of 30,leader ≥ 5 or subordinates ≥ 13,leader ≥ 6 and subordinates ≥ 18,leader ≥ 2 and subordinates ≥ 6,0.33,1000000,3.30378e-1,-0.4809892641405433,1.58448e-4,-3.8001140704372816,8.57684e-1,-0.06667279878489296,3.30378e5,1.58448e2,8.57684e5,50406400.0,3.30378e-1,1.58452e-4,8.57684e-1,2112172.966393294,3168.9747152947734,2399661.961412721,16653162.810438266,7986.995039423409,43232738.009900406
registered PoWit (leader 10 + subordinates 30),2/3 rounded up per group (comparison),0.6666666666666666,false,7 of 10 and 20 of 30,leader ≥ 4 or subordinates ≥ 11,leader ≥ 7 and subordinates ≥ 20,leader ≥ 4 and subordinates ≥ 10,0.33,1000000,6.58969e-1,-0.18113531674429595,3.07678e-6,-5.511903009645049,2.38641e-1,-0.6222550977118075,6.58969e5,3.07678e0,2.38641e5,50406400.0,6.58968e-1,3.07692e-6,2.38641e-1,2967745.100134614,71.23087650272905,1799448.2586891958,33216221.00810977,155.09627542665302,12029040.66971739
registered PoWit (leader 10 + subordinates 30),SPEC default 7 + 21,0.7,true,7 of 10 and 21 of 30,leader ≥ 4 or subordinates ≥ 10,leader ≥ 7 and subordinates ≥ 21,leader ≥ 4 and subordinates ≥ 12,0.33,1000000,7.45872e-1,-0.12733556901622123,6.93912e-7,-6.158695506193798,1.13543e-1,-0.9448405825406709,7.45872e5,6.93912e-1,1.13543e5,50406400.0,7.45872e-1,6.93946e-7,1.13543e-1,3076573.4949652236,16.80966863041635,1184294.4527118218,37596715.57675789,34.97933892719214,5723299.302026981
registered PoWit (leader 10 + subordinates 30),0.75,0.75,false,8 of 10 and 23 of 30,leader ≥ 3 or subordinates ≥ 8,leader ≥ 8 and subordinates ≥ 23,leader ≥ 6 and subordinates ≥ 16,0.33,1000000,9.45810e-1,-0.02419597749490876,3.82896e-9,-8.416919074571243,1.24556e-3,-2.904633720173564,9.45810e5,3.82896e-3,1.24556e3,50406400.0,9.45810e-1,3.82923e-9,1.24559e-3,2467545.375245169,0.10452208722687628,21951.57110997684,47674875.643800616,0.1930177346763923,62785.59779698095
pool of 40 (unregistered PoWit; decisions),0.51,0.51,false,21 of 40,≥ 20,≥ 21,≥ 2,0.4,100000,1.29761e-1,-0.8868558311913866,7.43475e-2,-1.1287336712547393,1.00000e0,-1.605434363227687e-8,1.29761e4,7.43475e3,1.00000e5,49506400.0,1.29766e-1,7.43516e-2,1.00000e0,1335987.4574201962,864193.0327684481,1151200.773873331,6424232.938701443,3680877.9094304736,49506398.16908493
pool of 40 (unregistered PoWit; decisions),0.55,0.55,false,22 of 40,≥ 19,≥ 22,≥ 4,0.4,100000,2.08924e-1,-0.6800111201141412,3.91650e-2,-1.4071022921357574,9.99996e-1,-1.916146249669737e-6,2.08924e4,3.91650e3,9.99996e4,49506400.0,2.08929e-1,3.91680e-2,9.99996e-1,1872337.8505564427,506387.47798996285,1151283.0428144692,10343311.551945686,1939065.1924330324,49506181.49854642
pool of 40 (unregistered PoWit; decisions),0.60,0.6,false,24 of 40,≥ 17,≥ 24,≥ 8,0.4,100000,4.31867e-1,-0.3646497502484536,8.34066e-3,-2.0787994290641088,9.97947e-1,-0.0008925657129132958,4.31867e4,8.34066e2,9.97947e4,49506400.0,4.31868e-1,8.34177e-3,9.97947e-1,2753713.070680301,128806.01746290989,1180634.62441593,21380242.429165144,412971.0464471324,49404741.43166599
pool of 40 (unregistered PoWit; decisions),2/3,0.6666666666666666,true,27 of 40,≥ 14,≥ 27,≥ 14,0.4,100000,7.88845e-1,-0.10300852454195564,4.02288e-4,-3.395462973032245,7.88845e-1,-0.10300852454195564,7.88845e4,4.02288e1,7.88845e4,49506400.0,7.88840e-1,4.02387e-4,7.88840e-1,2538073.0615628,7627.136408326709,2538073.0615628,39052618.59950308,19920.74757328402,39052618.59950308
pool of 40 (unregistered PoWit; decisions),0.75,0.75,false,30 of 40,≥ 11,≥ 30,≥ 20,0.4,100000,9.64780e-1,-0.01557158615949561,7.45985e-6,-5.127269645421261,1.29761e-1,-0.8868558311913866,9.64780e4,7.45985e-1,1.29761e4,49506400.0,9.64778e-1,7.46282e-6,1.29766e-1,1524147.8832406877,166.02636265203154,1335987.4574201962,47762661.81047591,369.45752071226093,6424232.938701443
registered PoWit (leader 10 + subordinates 30),0.51,0.51,false,6 of 10 and 16 of 30,leader ≥ 5 or subordinates ≥ 15,leader ≥ 6 and subordinates ≥ 16,leader ≥ 2 and subordinates ≥ 2,0.4,100000,4.77923e-1,-0.32064244617730964,1.61331e-2,-1.7922810175918578,9.53639e-1,-0.02061601539259783,4.77923e4,1.61331e3,9.53639e4,49506400.0,4.77923e-1,1.61346e-2,9.53638e-1,1984832.986995292,215007.18047477675,1250455.601856029,23660270.05229474,798765.7409078209,47211192.75198003
registered PoWit (leader 10 + subordinates 30),0.55,0.55,false,6 of 10 and 17 of 30,leader ≥ 5 or subordinates ≥ 14,leader ≥ 6 and subordinates ≥ 17,leader ≥ 2 and subordinates ≥ 4,0.4,100000,5.47645e-1,-0.26150072287283876,7.99709e-3,-2.097067890174422,9.53345e-1,-0.02075007568452847,5.47645e4,7.99709e2,9.53345e4,49506400.0,5.47645e-1,7.99802e-3,9.53344e-1,2306186.2857350083,117410.71502549434,1254695.6896742606,27111929.247881975,395953.4060844925,47196619.31167203
registered PoWit (leader 10 + subordinates 30),0.60,0.6,false,6 of 10 and 18 of 30,leader ≥ 5 or subordinates ≥ 13,leader ≥ 6 and subordinates ≥ 18,leader ≥ 2 and subordinates ≥ 6,0.4,100000,6.33773e-1,-0.19806607856320824,3.53037e-3,-2.4521800446540425,9.48247e-1,-0.023078325837932567,6.33773e4,3.53037e2,9.48247e4,49506400.0,6.33771e-1,3.53089e-3,9.48246e-1,2517314.133370886,56374.89330926106,1316001.3916435433,31375743.548313264,174801.53598541033,46944252.16689221
registered PoWit (leader 10 + subordinates 30),2/3 rounded up per group (comparison),0.6666666666666666,false,7 of 10 and 20 of 30,leader ≥ 4 or subordinates ≥ 11,leader ≥ 7 and subordinates ≥ 20,leader ≥ 4 and subordinates ≥ 10,0.4,100000,8.88580e-1,-0.05130362904481345,1.56243e-4,-3.8061983478740906,5.08825e-1,-0.2934315451299483,8.88580e4,1.56243e1,5.08825e4,49506400.0,8.88576e-1,1.56284e-4,5.08824e-1,1950111.6882847834,3007.6570081858176,1992619.8528694252,43990196.98248336,7737.05730020829,25190035.418774378
registered PoWit (leader 10 + subordinates 30),SPEC default 7 + 21,0.7,true,7 of 10 and 21 of 30,leader ≥ 4 or subordinates ≥ 10,leader ≥ 7 and subordinates ≥ 21,leader ≥ 4 and subordinates ≥ 12,0.4,100000,9.32612e-1,-0.030298817368933584,4.68833e-5,-4.328982033182182,3.51425e-1,-0.45416732132145654,9.32612e4,4.68833e0,3.51425e4,49506400.0,9.32609e-1,4.68976e-5,3.51426e-1,1733245.7303539156,955.4137046554835,2156116.666212422,46170118.9778444,2321.7330715530147,17397857.635284934
registered PoWit (leader 10 + subordinates 30),0.75,0.75,false,8 of 10 and 23 of 30,leader ≥ 3 or subordinates ≥ 8,leader ≥ 8 and subordinates ≥ 23,leader ≥ 6 and subordinates ≥ 16,0.4,100000,9.92720e-1,-0.00317336133004531,6.06146e-7,-6.2174224062999315,1.61331e-2,-1.7922810175918578,9.92720e4,6.06146e-2,1.61331e3,49506400.0,9.92719e-1,6.06429e-7,1.61346e-2,1240222.286455681,14.235750227107976,215007.18047477675,49145937.01315124,30.022125107973274,798765.7409078209
pool of 40 (unregistered PoWit; decisions),0.51,0.51,false,21 of 40,≥ 20,≥ 21,≥ 2,0.4,1000000,1.29765e-1,-0.886841643101846,7.43512e-2,-1.128712307539363,1.00000e0,-1.6060951679719437e-8,1.29765e5,7.43512e4,1.00000e6,50406400.0,1.29766e-1,7.43516e-2,1.00000e0,1452776.5926599086,931109.4338496705,2051200.7405882694,6541022.073941156,3747794.310511696,50406398.13579987
pool of 40 (unregistered PoWit; decisions),0.55,0.55,false,22 of 40,≥ 19,≥ 22,≥ 4,0.4,1000000,2.08928e-1,-0.680002678161685,3.91677e-2,-1.4070722714688166,9.99996e-1,-1.916740387741811e-6,2.08928e5,3.91677e4,9.99996e5,50406400.0,2.08929e-1,3.91680e-2,9.99996e-1,2060373.7488797123,541638.6510340486,2051279.0705743502,10531347.450268956,1974316.3654771184,50406177.5263063
pool of 40 (unregistered PoWit; decisions),0.60,0.6,false,24 of 40,≥ 17,≥ 24,≥ 8,0.4,1000000,4.31868e-1,-0.36464882407680577,8.34166e-3,-2.0787475107990403,9.97947e-1,-0.0008927008167560757,4.31868e5,8.34166e3,9.97947e5,50406400.0,4.31868e-1,8.34177e-3,9.97947e-1,3142394.497450348,136313.61126497225,2078786.525755946,21768923.85593519,420478.64024919475,50302893.333006
pool of 40 (unregistered PoWit; decisions),2/3,0.6666666666666666,true,27 of 40,≥ 14,≥ 27,≥ 14,0.4,1000000,7.88840e-1,-0.10301092033088821,4.02377e-4,-3.3953664396706102,7.88840e-1,-0.10301092033088821,7.88840e5,4.02377e2,7.88840e5,50406400.0,7.88840e-1,4.02387e-4,7.88840e-1,3248028.880195396,7989.28499549838,3248028.880195396,39762574.41813567,20282.89616045569,39762574.41813567
pool of 40 (unregistered PoWit; decisions),0.75,0.75,false,30 of 40,≥ 11,≥ 30,≥ 20,0.4,1000000,9.64778e-1,-0.015572700671391715,7.46253e-6,-5.127114115364616,1.29765e-1,-0.886841643101846,9.64778e5,7.46253e0,1.29765e5,50406400.0,9.64778e-1,7.46282e-6,1.29766e-1,2392447.651137936,172.74290371825802,1452776.5926599086,48630961.57837316,376.17406177848744,6541022.073941156
registered PoWit (leader 10 + subordinates 30),0.51,0.51,false,6 of 10 and 16 of 30,leader ≥ 5 or subordinates ≥ 15,leader ≥ 6 and subordinates ≥ 16,leader ≥ 2 and subordinates ≥ 2,0.4,1000000,4.77923e-1,-0.3206417289514114,1.61345e-2,-1.7922458267686352,9.53638e-1,-0.020616338001239853,4.77923e5,1.61345e4,9.53638e5,50406400.0,4.77923e-1,1.61346e-2,9.53638e-1,2414964.102306954,229528.3164656191,2108729.9558139415,24090401.1676064,813286.8768986632,48069467.10593794
registered PoWit (leader 10 + subordinates 30),0.55,0.55,false,6 of 10 and 17 of 30,leader ≥ 5 or subordinates ≥ 14,leader ≥ 6 and subordinates ≥ 17,leader ≥ 2 and subordinates ≥ 4,0.4,1000000,5.47645e-1,-0.2615009039109637,7.99793e-3,-2.097022325807899,9.53344e-1,-0.02075041727036364,5.47645e5,7.99793e3,9.53344e5,50406400.0,5.47645e-1,7.99802e-3,9.53344e-1,2799066.7279221546,124608.93718416561,2112705.106244741,27604809.69006912,403151.6282431638,48054628.72824251
registered PoWit (leader 10 + subordinates 30),0.60,0.6,false,6 of 10 and 18 of 30,leader ≥ 5 or subordinates ≥ 13,leader ≥ 6 and subordinates ≥ 18,leader ≥ 2 and subordinates ≥ 6,0.4,1000000,6.33772e-1,-0.19806719577334775,3.53084e-3,-2.4521224960808183,9.48246e-1,-0.023078861909368698,6.33772e5,3.53084e3,9.48246e5,50406400.0,6.33771e-1,3.53089e-3,9.48246e-1,3087708.449933632,59552.69218752466,2169422.9078556485,31946137.86487601,177979.33486367395,47797673.683104314
registered PoWit (leader 10 + subordinates 30),2/3 rounded up per group (comparison),0.6666666666666666,false,7 of 10 and 20 of 30,leader ≥ 4 or subordinates ≥ 11,leader ≥ 7 and subordinates ≥ 20,leader ≥ 4 and subordinates ≥ 10,0.4,1000000,8.88576e-1,-0.051305258738270965,1.56280e-4,-3.8060968143303384,5.08824e-1,-0.2934324660447487,8.88576e5,1.56280e2,5.08824e5,50406400.0,8.88576e-1,1.56284e-4,5.08824e-1,2749830.053672592,3148.312591508125,2450561.288257515,44789915.34787117,7877.712883530597,25647976.85416247
registered PoWit (leader 10 + subordinates 30),SPEC default 7 + 21,0.7,true,7 of 10 and 21 of 30,leader ≥ 4 or subordinates ≥ 10,leader ≥ 7 and subordinates ≥ 21,leader ≥ 4 and subordinates ≥ 12,0.4,1000000,9.32609e-1,-0.030300199261453997,4.68962e-5,-4.328862355793117,3.51426e-1,-0.45416574852219327,9.32609e5,4.68962e1,3.51426e5,50406400.0,9.32609e-1,4.68976e-5,3.51426e-1,2572593.9172562137,997.6215760498428,2472400.457232501,47009467.164746694,2363.940942947374,17714141.426305015
registered PoWit (leader 10 + subordinates 30),0.75,0.75,false,8 of 10 and 23 of 30,leader ≥ 3 or subordinates ≥ 8,leader ≥ 8 and subordinates ≥ 23,leader ≥ 6 and subordinates ≥ 16,0.4,1000000,9.92719e-1,-0.003173690249838046,6.06401e-7,-6.2172401643437105,1.61345e-2,-1.7922458267686352,9.92719e5,6.06401e-1,1.61345e4,50406400.0,9.92719e-1,6.06429e-7,1.61346e-2,2133669.261227349,14.781536480949416,229528.3164656191,50039383.987922914,30.567911361814716,813286.8768986632
pool of 40 (unregistered PoWit; decisions),0.51,0.51,false,21 of 40,≥ 20,≥ 21,≥ 2,0.45,100000,3.15583e-1,-0.5008870799764651,2.13040e-1,-0.6715394850464946,1.00000e0,-6.025970833434258e-10,3.15583e4,2.13040e4,1.00000e5,49506400.0,3.15586e-1,2.13044e-1,1.00000e0,2413792.1835000236,1908296.1455153888,1151200.0319870997,15623517.336519755,10547054.08938487,49506399.93126939
pool of 40 (unregistered PoWit; decisions),0.55,0.55,false,22 of 40,≥ 19,≥ 22,≥ 4,0.45,100000,4.34945e-1,-0.3615654413364666,1.33137e-1,-0.8757012900871928,1.00000e0,-1.0662827776286576e-7,4.34945e4,1.33137e4,1.00000e5,49506400.0,4.34946e-1,1.33142e-1,1.00000e0,2779587.319948354,1369564.335616385,1151205.1476961838,21532627.99456036,6591368.442266778,49506387.83976034
pool of 40 (unregistered PoWit; decisions),0.60,0.6,false,24 of 40,≥ 17,≥ 24,≥ 8,0.45,100000,6.81455e-1,-0.1665625992324422,4.05264e-2,-1.3922621540899591,9.99752e-1,-0.00010752663759561187,6.81455e4,4.05264e3,9.99752e4,49506400.0,6.81452e-1,4.05294e-2,9.99752e-1,2838981.589171261,523574.8640080827,1155319.5367100365,33736226.0926877,2006466.081378669,49494141.3145587
pool of 40 (unregistered PoWit; decisions),2/3,0.6666666666666666,true,27 of 40,≥ 14,≥ 27,≥ 14,0.45,100000,9.24949e-1,-0.03388234134598633,3.42711e-3,-2.4650715507112544,9.24949e-1,-0.03388234134598633,9.24949e4,3.42711e2,9.24949e4,49506400.0,9.24945e-1,3.42767e-3,9.24945e-1,1847716.9492508322,57030.221500868116,1847716.9492508322,45790679.97691824,169691.60796673494,45790679.97691824
pool of 40 (unregistered PoWit; decisions),0.75,0.75,false,30 of 40,≥ 11,≥ 30,≥ 20,0.45,100000,9.92578e-1,-0.0032354833743930556,1.13475e-4,-3.945099805270285,3.15583e-1,-0.5008870799764651,9.92578e4,1.13475e1,3.15583e4,49506400.0,9.92577e-1,1.13507e-4,3.15586e-1,1248625.9677812967,2277.4832032610443,2413792.1835000236,49138901.155182555,5619.340277370794,15623517.336519755
registered PoWit (leader 10 + subordinates 30),0.51,0.51,false,6 of 10 and 16 of 30,leader ≥ 5 or subordinates ≥ 15,leader ≥ 6 and subordinates ≥ 16,leader ≥ 2 and subordinates ≥ 2,0.45,100000,6.74740e-1,-0.17086377006390663,6.03942e-2,-1.2190048873132646,9.76743e-1,-0.010219687849399861,6.74740e4,6.03942e3,9.76743e4,49506400.0,6.74738e-1,6.03971e-2,9.76742e-1,2295238.301567487,649524.0731079663,1212663.980900783,33403845.975768086,2990041.267343169,48355004.56862766
registered PoWit (leader 10 + subordinates 30),0.55,0.55,false,6 of 10 and 17 of 30,leader ≥ 5 or subordinates ≥ 14,leader ≥ 6 and subordinates ≥ 17,leader ≥ 2 and subordinates ≥ 4,0.45,100000,7.46552e-1,-0.12694016433029987,3.54668e-2,-1.4501778985921696,9.76703e-1,-0.010237433915378347,7.46552e4,3.54668e3,9.76703e4,49506400.0,7.46549e-1,3.54692e-2,9.76703e-1,2364109.444045958,432334.16219735815,1213307.398346094,36958937.056134775,1755950.3332076177,48353028.31755154
registered PoWit (leader 10 + subordinates 30),0.60,0.6,false,6 of 10 and 18 of 30,leader ≥ 5 or subordinates ≥ 13,leader ≥ 6 and subordinates ≥ 18,leader ≥ 2 and subordinates ≥ 6,0.45,100000,8.18833e-1,-0.08680490597668822,1.86712e-2,-1.7288287227755461,9.75679e-1,-0.01069306740910747,8.18833e4,1.86712e3,9.75679e4,49506400.0,8.18829e-1,1.86728e-2,9.75678e-1,2270634.8884560466,253503.9312586233,1227525.4939720428,40537264.02591563,924423.8214371395,48302319.141896345
registered PoWit (leader 10 + subordinates 30),2/3 rounded up per group (comparison),0.6666666666666666,false,7 of 10 and 20 of 30,leader ≥ 4 or subordinates ≥ 11,leader ≥ 7 and subordinates ≥ 20,leader ≥ 4 and subordinates ≥ 10,0.45,100000,9.64075e-1,-0.015889019025795648,1.41094e-3,-2.850492351251507,6.83022e-1,-0.16556520286965792,9.64075e4,1.41094e2,6.83022e4,49506400.0,9.64073e-1,1.41118e-3,6.83020e-1,1503382.956633743,23987.549877984267,1822970.3543365316,47727782.81255884,69862.65750840887,33813847.78531016
registered PoWit (leader 10 + subordinates 30),SPEC default 7 + 21,0.7,true,7 of 10 and 21 of 30,leader ≥ 4 or subordinates ≥ 10,leader ≥ 7 and subordinates ≥ 21,leader ≥ 4 and subordinates ≥ 12,0.45,100000,9.81537e-1,-0.008093479027568407,5.11105e-4,-3.2914896026738205,5.63180e-1,-0.24935264838604,9.81537e4,5.11105e1,5.63180e4,49506400.0,9.81535e-1,5.11214e-4,5.63179e-1,1358022.7969631841,9301.086067612945,2341542.888916375,48592265.46726139,25308.360800495513,27880942.26282614
registered PoWit (leader 10 + subordinates 30),0.75,0.75,false,8 of 10 and 23 of 30,leader ≥ 3 or subordinates ≥ 8,leader ≥ 8 and subordinates ≥ 23,leader ≥ 6 and subordinates ≥ 16,0.45,100000,9.98795e-1,-0.0005236151555578772,1.16015e-5,-4.935484024737619,6.03942e-2,-1.2190048873132646,9.98795e4,1.16015e0,6.03942e3,49506400.0,9.98795e-1,1.16055e-5,6.03971e-2,1168819.1919330417,247.8349844004453,649524.0731079663,49446737.3011852,574.5485019930196,2990041.267343169
pool of 40 (unregistered PoWit; decisions),0.51,0.51,false,21 of 40,≥ 20,≥ 21,≥ 2,0.45,1000000,3.15585e-1,-0.5008829875519112,2.13044e-1,-0.6715311044120931,1.00000e0,-6.029026167198026e-10,3.15585e5,2.13044e5,1.00000e6,50406400.0,3.15586e-1,2.13044e-1,1.00000e0,2697819.4123606915,2100035.9747182066,2051200.0307376145,15907544.565380424,10738793.918587688,50406399.93001991
pool of 40 (unregistered PoWit; decisions),0.55,0.55,false,22 of 40,≥ 19,≥ 22,≥ 4,0.45,1000000,4.34946e-1,-0.3615644222971284,1.33141e-1,-0.8756873112780674,1.00000e0,-1.0667087835258826e-7,4.34946e5,1.33141e5,1.00000e6,50406400.0,4.34946e-1,1.33142e-1,1.00000e0,3171039.0351832393,1489391.9053455535,2051204.9266295,21924079.709795248,6711196.011995946,50406387.61869366
pool of 40 (unregistered PoWit; decisions),0.60,0.6,false,24 of 40,≥ 17,≥ 24,≥ 8,0.45,1000000,6.81452e-1,-0.1665646230813671,4.05291e-2,-1.3922327868778837,9.99752e-1,-0.00010754994283601604,6.81452e5,4.05291e4,9.99752e5,50406400.0,6.81452e-1,4.05294e-2,9.99752e-1,3452288.221918117,560051.3493360565,2055096.680333949,34349532.72543456,2042942.5667066427,50393918.45818261
pool of 40 (unregistered PoWit; decisions),2/3,0.6666666666666666,true,27 of 40,≥ 14,≥ 27,≥ 14,0.45,1000000,9.24945e-1,-0.03388406255589871,3.42761e-3,-2.4650080381967747,9.24945e-1,-0.03388406255589871,9.24945e5,3.42761e3,9.24945e5,50406400.0,9.24945e-1,3.42767e-3,9.24945e-1,2680167.1370897065,60115.12460774039,2680167.1370897065,46623130.16475712,172776.5110736072,46623130.16475712
pool of 40 (unregistered PoWit; decisions),0.75,0.75,false,30 of 40,≥ 11,≥ 30,≥ 20,0.45,1000000,9.92577e-1,-0.0032358636971778765,1.13504e-4,-3.944988393626492,3.15585e-1,-0.5008829875519112,9.92577e5,1.13504e2,3.15585e5,50406400.0,9.92577e-1,1.13507e-4,3.15586e-1,2141945.034400245,2379.6398183579554,2697819.4123606915,50032220.221801504,5721.496892467705,15907544.565380424
registered PoWit (leader 10 + subordinates 30),0.51,0.51,false,6 of 10 and 16 of 30,leader ≥ 5 or subordinates ≥ 15,leader ≥ 6 and subordinates ≥ 16,leader ≥ 2 and subordinates ≥ 2,0.45,1000000,6.74738e-1,-0.1708647636191536,6.03968e-2,-1.2189862364383828,9.76743e-1,-0.010219894851214661,6.74738e5,6.03968e4,9.76743e5,50406400.0,6.74738e-1,6.03971e-2,9.76742e-1,2902502.4407129567,703881.4317648037,2091732.2248402517,34011110.11491355,3044398.6260000067,49234072.81256713
registered PoWit (leader 10 + subordinates 30),0.55,0.55,false,6 of 10 and 17 of 30,leader ≥ 5 or subordinates ≥ 14,leader ≥ 6 and subordinates ≥ 17,leader ≥ 2 and subordinates ≥ 4,0.45,1000000,7.46549e-1,-0.12694170316903453,3.54689e-2,-1.450151996618711,9.76703e-1,-0.010237644292978132,7.46549e5,3.54689e4,9.76703e5,50406400.0,7.46549e-1,3.54692e-2,9.76703e-1,3036003.246675947,464256.4045718159,2092339.7150929472,37630830.85876477,1787872.5755820756,49232060.63429839
registered PoWit (leader 10 + subordinates 30),0.60,0.6,false,6 of 10 and 18 of 30,leader ≥ 5 or subordinates ≥ 13,leader ≥ 6 and subordinates ≥ 18,leader ≥ 2 and subordinates ≥ 6,0.45,1000000,8.18829e-1,-0.08680671222941427,1.86726e-2,-1.7287940685734071,9.75678e-1,-0.01069333384811344,8.18829e5,1.86726e4,9.75678e5,50406400.0,8.18829e-1,1.86728e-2,9.75678e-1,3007580.7706717616,270309.46426634403,2105635.944897716,41274209.90813134,941229.3544448604,49180429.592822015
registered PoWit (leader 10 + subordinates 30),2/3 rounded up per group (comparison),0.6666666666666666,false,7 of 10 and 20 of 30,leader ≥ 4 or subordinates ≥ 11,leader ≥ 7 and subordinates ≥ 20,leader ≥ 4 and subordinates ≥ 10,0.45,1000000,9.64073e-1,-0.015889979990006964,1.41116e-3,-2.8504238551402743,6.83020e-1,-0.16556659815196895,9.64073e5,1.41116e3,6.83020e5,50406400.0,9.64073e-1,1.41118e-3,6.83020e-1,2371048.6429147683,25257.615803956825,2437688.1081376392,48595448.49883986,71132.72343438143,34428565.539111264
registered PoWit (leader 10 + subordinates 30),SPEC default 7 + 21,0.7,true,7 of 10 and 21 of 30,leader ≥ 4 or subordinates ≥ 10,leader ≥ 7 and subordinates ≥ 21,leader ≥ 4 and subordinates ≥ 12,0.45,1000000,9.81535e-1,-0.008094127280401153,5.11203e-4,-3.291406556318197,5.63179e-1,-0.24935377433991235,9.81535e5,5.11203e2,5.63179e5,50406400.0,9.81535e-1,5.11214e-4,5.63179e-1,2241404.3177470677,9761.178595456739,2848403.578373567,49475646.98804527,25768.453328339307,28387802.952283334
registered PoWit (leader 10 + subordinates 30),0.75,0.75,false,8 of 10 and 23 of 30,leader ≥ 3 or subordinates ≥ 8,leader ≥ 8 and subordinates ≥ 23,leader ≥ 6 and subordinates ≥ 16,0.45,1000000,9.98795e-1,-0.0005236970633681892,1.16051e-5,-4.935349586803291,6.03968e-2,-1.2189862364383828,9.98795e5,1.16051e1,6.03968e4,50406400.0,9.98795e-1,1.16055e-5,6.03971e-2,2067734.5558267343,258.27997033749017,703881.4317648037,50345652.665078886,584.9934879300645,3044398.6260000067
pool of 40 (unregistered PoWit; decisions),0.51,0.51,false,21 of 40,≥ 20,≥ 21,≥ 2,0.49,100000,5.12165e-1,-0.2905904980125875,3.87791e-1,-0.4114027664080666,1.00000e0,-3.4365399415037245e-11,5.12165e4,3.87791e4,1.00000e5,49506400.0,5.12164e-1,3.87793e-1,1.00000e0,2905098.348953101,2667097.616024907,1151200.0019579516,25355408.493996616,19198222.065568835,49506399.99607978
pool of 40 (unregistered PoWit; decisions),0.55,0.55,false,22 of 40,≥ 19,≥ 22,≥ 4,0.49,100000,6.35451e-1,-0.19691818179475717,2.73985e-1,-0.562273664268627,1.00000e0,-8.300226284063683e-9,6.35451e4,2.73985e4,1.00000e5,49506400.0,6.35448e-1,2.73989e-1,1.00000e0,2907189.830000409,2234755.4156230576,1151200.4331789569,31458741.97990171,13564195.268314656,49506399.053325705
pool of 40 (unregistered PoWit; decisions),0.60,0.6,false,24 of 40,≥ 17,≥ 24,≥ 8,0.49,100000,8.36538e-1,-0.07751428511464198,1.08549e-1,-0.9643749245389515,9.99964e-1,-0.000015463368729484728,8.36538e4,1.08549e4,9.99964e4,49506400.0,8.36533e-1,1.08553e-1,9.99964e-1,2365850.691811999,1173089.1506035856,1151855.6785621457,41413747.677739196,5374088.818955194,49504636.77148524
pool of 40 (unregistered PoWit; decisions),2/3,0.6666666666666666,true,27 of 40,≥ 14,≥ 27,≥ 14,0.49,100000,9.74033e-1,-0.0114263325304087,1.40457e-2,-1.852455514755448,9.74033e-1,-0.0114263325304087,9.74033e4,1.40457e3,9.74033e4,49506400.0,9.74031e-1,1.40473e-2,9.74031e-1,1446603.5856432968,206339.05760212106,1446603.5856432968,48220751.904197335,695430.906970944,48220751.904197335
pool of 40 (unregistered PoWit; decisions),0.75,0.75,false,30 of 40,≥ 11,≥ 30,≥ 20,0.49,100000,9.98328e-1,-0.0007265515304020198,7.26642e-4,-3.1386792490635536,5.12165e-1,-0.2905904980125875,9.98328e4,7.26642e1,5.12165e4,49506400.0,9.98328e-1,7.26798e-4,5.12164e-1,1176340.5019388467,13274.70783858176,2905098.348953101,49423632.535346374,35981.13355649482,25355408.493996616
registered PoWit (leader 10 + subordinates 30),0.51,0.51,false,6 of 10 and 16 of 30,leader ≥ 5 or subordinates ≥ 15,leader ≥ 6 and subordinates ≥ 16,leader ≥ 2 and subordinates ≥ 2,0.49,100000,8.10573e-1,-0.0912076656655394,1.35728e-1,-0.8673305540479639,9.87372e-1,-0.005518989990932255,8.10573e4,1.35728e4,9.87372e4,49506400.0,8.10570e-1,1.35731e-1,9.87372e-1,2170971.3239493333,1179248.5824812555,1189685.2587954383,40128412.26213943,6719573.078956071,48881238.96006539
registered PoWit (leader 10 + subordinates 30),0.55,0.55,false,6 of 10 and 17 of 30,leader ≥ 5 or subordinates ≥ 14,leader ≥ 6 and subordinates ≥ 17,leader ≥ 2 and subordinates ≥ 4,0.49,100000,8.66873e-1,-0.062044327606336935,9.01203e-2,-1.0451772543378013,9.87366e-1,-0.0055219215377704245,8.66873e4,9.01203e3,9.87366e4,49506400.0,8.66870e-1,9.01238e-2,9.87365e-1,2055359.381057938,912670.8714451046,1189801.54764525,42915600.11526916,4461703.055362029,48880908.91975444
registered PoWit (leader 10 + subordinates 30),0.60,0.6,false,6 of 10 and 18 of 30,leader ≥ 5 or subordinates ≥ 13,leader ≥ 6 and subordinates ≥ 18,leader ≥ 2 and subordinates ≥ 6,0.49,100000,9.15130e-1,-0.0385172010471706,5.40345e-2,-1.2673290238496726,9.87133e-1,-0.005624502570324097,9.15130e4,5.40345e3,9.87133e4,49506400.0,9.15126e-1,5.40374e-2,9.87132e-1,1850436.174919269,625106.7751281187,1193363.8580446828,45304618.27509464,2675199.2073971927,48869362.47619417
registered PoWit (leader 10 + subordinates 30),2/3 rounded up per group (comparison),0.6666666666666666,false,7 of 10 and 20 of 30,leader ≥ 4 or subordinates ≥ 11,leader ≥ 7 and subordinates ≥ 20,leader ≥ 4 and subordinates ≥ 10,0.49,100000,9.88371e-1,-0.005079826959775602,6.10423e-3,-2.214368829941293,7.88812e-1,-0.1030266001558573,9.88371e4,6.10423e2,7.88812e4,49506400.0,9.88370e-1,6.10499e-3,7.88809e-1,1288790.894541238,92256.79668409415,1618479.3332545843,48930651.61512234,302235.94496970734,39051115.963591434
registered PoWit (leader 10 + subordinates 30),SPEC default 7 + 21,0.7,true,7 of 10 and 21 of 30,leader ≥ 4 or subordinates ≥ 10,leader ≥ 7 and subordinates ≥ 21,leader ≥ 4 and subordinates ≥ 12,0.49,100000,9.94784e-1,-0.0022711507426507183,2.55310e-3,-2.5929319897097827,7.13108e-1,-0.1468444226184218,9.94784e4,2.55310e2,7.13108e4,49506400.0,9.94783e-1,2.55349e-3,7.13105e-1,1219765.74830375,41832.260871185776,2123468.78853644,49248147.694787234,126414.33670134954,35303283.43571595
registered PoWit (leader 10 + subordinates 30),0.75,0.75,false,8 of 10 and 23 of 30,leader ≥ 3 or subordinates ≥ 8,leader ≥ 8 and subordinates ≥ 23,leader ≥ 6 and subordinates ≥ 16,0.49,100000,9.99775e-1,-0.00009775734208616882,8.92235e-5,-4.049520707768426,1.35728e-1,-0.8673305540479639,9.99775e4,8.92235e0,1.35728e4,49506400.0,9.99775e-1,8.92472e-5,1.35731e-1,1154900.1830886242,1751.2661817238047,1179248.5824812555,49495255.043128006,4418.309456886452,6719573.078956071
pool of 40 (unregistered PoWit; decisions),0.51,0.51,false,21 of 40,≥ 20,≥ 21,≥ 2,0.49,1000000,5.12164e-1,-0.29059071109550416,3.87793e-1,-0.41140057873113633,1.00000e0,-3.438671569711005e-11,5.12164e5,3.87793e5,1.00000e6,50406400.0,5.12164e-1,3.87793e-1,1.00000e0,3366046.1788215004,3016111.074062898,2051200.0018866833,25816356.32386502,19547235.523606826,50406399.996008515
pool of 40 (unregistered PoWit; decisions),0.55,0.55,false,22 of 40,≥ 19,≥ 22,≥ 4,0.49,1000000,6.35448e-1,-0.19691981377779655,2.73988e-1,-0.5622679483904172,1.00000e0,-8.304244403234406e-9,6.35448e5,2.73988e5,1.00000e6,50406400.0,6.35448e-1,2.73989e-1,1.00000e0,3479093.013869798,2481345.265450215,2051200.4159689215,32030645.163771097,13810785.118141813,50406399.03611567
pool of 40 (unregistered PoWit; decisions),0.60,0.6,false,24 of 40,≥ 17,≥ 24,≥ 8,0.49,1000000,8.36534e-1,-0.07751656055037515,1.08553e-1,-0.9643583483848346,9.99964e-1,-0.000015467701459215277,8.36534e5,1.08553e5,9.99964e5,50406400.0,8.36533e-1,1.08553e-1,9.99964e-1,3118730.580270163,1270787.2247325804,2051823.6240063042,42166627.56619736,5471786.893084189,50404604.7169294
pool of 40 (unregistered PoWit; decisions),2/3,0.6666666666666666,true,27 of 40,≥ 14,≥ 27,≥ 14,0.49,1000000,9.74031e-1,-0.01142726488372503,1.40471e-2,-1.8524121738937716,9.74031e-1,-0.01142726488372503,9.74031e5,1.40471e4,9.74031e5,50406400.0,9.74031e-1,1.40473e-2,9.74031e-1,2323231.1876054183,218981.62131658726,2323231.1876054183,49097379.506159455,708073.4706854103,49097379.506159455
pool of 40 (unregistered PoWit; decisions),0.75,0.75,false,30 of 40,≥ 11,≥ 30,≥ 20,0.49,1000000,9.98328e-1,-0.0007266712197377956,7.26782e-4,-3.1385957792524657,5.12164e-1,-0.29059071109550416,9.98328e5,7.26782e2,5.12164e5,50406400.0,9.98328e-1,7.26798e-4,5.12164e-1,2074835.8334881354,13928.825694068028,3366046.1788215004,50322127.86689567,36635.25141198109,25816356.32386502
registered PoWit (leader 10 + subordinates 30),0.51,0.51,false,6 of 10 and 16 of 30,leader ≥ 5 or subordinates ≥ 15,leader ≥ 6 and subordinates ≥ 16,leader ≥ 2 and subordinates ≥ 2,0.49,1000000,8.10571e-1,-0.09120919949387485,1.35731e-1,-0.8673207538984222,9.87372e-1,-0.005519126226563031,8.10571e5,1.35731e5,9.87372e5,50406400.0,8.10570e-1,1.35731e-1,9.87372e-1,2900484.49872927,1301406.844262772,2078320.1638594063,40857925.43691937,6841731.340737588,49769873.86512935
registered PoWit (leader 10 + subordinates 30),0.55,0.55,false,6 of 10 and 17 of 30,leader ≥ 5 or subordinates ≥ 14,leader ≥ 6 and subordinates ≥ 17,leader ≥ 2 and subordinates ≥ 4,0.49,1000000,8.66870e-1,-0.06204597370208731,9.01234e-2,-1.0451623406977184,9.87365e-1,-0.005522058464364932,8.66870e5,9.01234e4,9.87365e5,50406400.0,8.66870e-1,9.01238e-2,9.87365e-1,2835542.1474021324,993782.2580501864,2078430.4527520437,43695782.88161336,4542814.441967111,49769537.82486123
registered PoWit (leader 10 + subordinates 30),0.60,0.6,false,6 of 10 and 18 of 30,leader ≥ 5 or subordinates ≥ 13,leader ≥ 6 and subordinates ≥ 18,leader ≥ 2 and subordinates ≥ 6,0.49,1000000,9.15127e-1,-0.03851870401105373,5.40371e-2,-1.267307599794126,9.87132e-1,-0.005624655975033477,9.15127e5,5.40371e4,9.87132e5,50406400.0,9.15126e-1,5.40374e-2,9.87132e-1,2674050.019747113,673740.4727239341,2081782.8549536625,46128232.11992249,2723832.9049930084,49757781.47310315
registered PoWit (leader 10 + subordinates 30),2/3 rounded up per group (comparison),0.6666666666666666,false,7 of 10 and 20 of 30,leader ≥ 4 or subordinates ≥ 11,leader ≥ 7 and subordinates ≥ 20,leader ≥ 4 and subordinates ≥ 10,0.49,1000000,9.88370e-1,-0.005080295140622582,6.10491e-3,-2.214320592270454,7.88810e-1,-0.10302776757477616,9.88370e5,6.10491e3,7.88810e5,50406400.0,9.88370e-1,6.10499e-3,7.88809e-1,2178324.095372041,97751.2852850172,2328407.834766152,49820184.81595314,307730.4335706304,39761044.46510301
registered PoWit (leader 10 + subordinates 30),SPEC default 7 + 21,0.7,true,7 of 10 and 21 of 30,leader ≥ 4 or subordinates ≥ 10,leader ≥ 7 and subordinates ≥ 21,leader ≥ 4 and subordinates ≥ 12,0.49,1000000,9.94784e-1,-0.002271416393163861,2.55346e-3,-2.592871713380976,7.13106e-1,-0.14684606458507687,9.94784e5,2.55346e3,7.13106e5,50406400.0,9.94783e-1,2.55349e-3,7.13105e-1,2115070.8588613444,44130.40622272042,2765263.6896430515,50143452.80534483,128712.4820528842,35945078.33682256
registered PoWit (leader 10 + subordinates 30),0.75,0.75,false,8 of 10 and 23 of 30,leader ≥ 3 or subordinates ≥ 8,leader ≥ 8 and subordinates ≥ 23,leader ≥ 6 and subordinates ≥ 16,0.49,1000000,9.99775e-1,-0.00009777777724551129,8.92449e-5,-4.049416764845812,1.35731e-1,-0.8673207538984222,9.99775e5,8.92449e1,1.35731e5,50406400.0,9.99775e-1,8.92472e-5,1.35731e-1,2054697.5737050935,1831.588695806788,1301406.844262772,50395052.433744475,4498.631970969435,6841731.340737588
