powit_quorum,powit_quorum_fraction,attacker_fraction,kwcs,powit_pool_approvals,powit_pool_p_stall,powit_pool_p_sign,powit_registered_approvals,powit_registered_p_stall,powit_registered_p_sign,decision_approvals,decision_p_stall,decision_p_sign,decision_p_conflict
0.51,0.51,0.05,100000,21 of 40,4.94406e-16,2.46527e-17,6 of 10 and 16 of 30,6.36790e-5,3.10258e-19,27 of 40,4.09758e-9,4.68751e-26,4.09758e-9
0.55,0.55,0.05,100000,22 of 40,8.99775e-15,1.11519e-18,6 of 10 and 17 of 30,6.36791e-5,1.33683e-20,27 of 40,4.09758e-9,4.68751e-26,4.09758e-9
0.60,0.6,0.05,100000,24 of 40,2.22472e-12,1.69780e-21,6 of 10 and 18 of 30,6.36797e-5,5.05441e-22,27 of 40,4.09758e-9,4.68751e-26,4.09758e-9
0.51,0.51,0.05,1000000,21 of 40,4.95850e-16,2.47332e-17,6 of 10 and 16 of 30,6.36888e-5,3.11386e-19,27 of 40,4.10277e-9,4.71432e-26,4.10277e-9
0.55,0.55,0.05,1000000,22 of 40,9.02112e-15,1.11923e-18,6 of 10 and 17 of 30,6.36888e-5,1.34220e-20,27 of 40,4.10277e-9,4.71432e-26,4.10277e-9
0.60,0.6,0.05,1000000,24 of 40,2.22919e-12,1.70528e-21,6 of 10 and 18 of 30,6.36894e-5,5.07674e-22,27 of 40,4.10277e-9,4.71432e-26,4.10277e-9
0.51,0.51,0.1,100000,21 of 40,1.86933e-10,1.95666e-11,6 of 10 and 16 of 30,1.63486e-3,5.36362e-13,27 of 40,1.84652e-5,3.21492e-18,1.84652e-5
0.55,0.55,0.1,100000,22 of 40,1.62174e-9,1.85909e-12,6 of 10 and 17 of 30,1.63513e-3,4.84820e-14,27 of 40,1.84652e-5,3.21492e-18,1.84652e-5
0.60,0.6,0.1,100000,24 of 40,9.13511e-8,1.25045e-14,6 of 10 and 18 of 30,1.63712e-3,3.84838e-15,27 of 40,1.84652e-5,3.21492e-18,1.84652e-5
0.51,0.51,0.1,1000000,21 of 40,1.87160e-10,1.95936e-11,6 of 10 and 16 of 30,1.63496e-3,5.37199e-13,27 of 40,1.84738e-5,3.22312e-18,1.84738e-5
0.55,0.55,0.1,1000000,22 of 40,1.62347e-9,1.86197e-12,6 of 10 and 17 of 30,1.63523e-3,4.85664e-14,27 of 40,1.84738e-5,3.22312e-18,1.84738e-5
0.60,0.6,0.1,1000000,24 of 40,9.14239e-8,1.25285e-14,6 of 10 and 18 of 30,1.63722e-3,3.85582e-15,27 of 40,1.84738e-5,3.22312e-18,1.84738e-5
0.51,0.51,0.2,100000,21 of 40,2.16826e-5,5.02473e-6,6 of 10 and 16 of 30,3.30164e-2,3.33474e-7,27 of 40,1.94053e-2,1.00159e-10,1.94053e-2
0.55,0.55,0.2,100000,22 of 40,8.51454e-5,1.05888e-6,6 of 10 and 17 of 30,3.36649e-2,6.66546e-8,27 of 40,1.94053e-2,1.00159e-10,1.94053e-2
0.60,0.6,0.2,100000,24 of 40,9.90780e-4,3.51882e-8,6 of 10 and 18 of 30,3.58014e-2,1.17261e-8,27 of 40,1.94053e-2,1.00159e-10,1.94053e-2
0.51,0.51,0.2,1000000,21 of 40,2.16910e-5,5.02702e-6,6 of 10 and 16 of 30,3.30171e-2,3.33655e-7,27 of 40,1.94072e-2,1.00257e-10,1.94072e-2
0.55,0.55,0.2,1000000,22 of 40,8.51731e-5,1.05944e-6,6 of 10 and 17 of 30,3.36657e-2,6.66959e-8,27 of 40,1.94072e-2,1.00257e-10,1.94072e-2
0.60,0.6,0.2,1000000,24 of 40,9.90995e-4,3.52125e-8,6 of 10 and 18 of 30,3.58024e-2,1.17343e-8,27 of 40,1.94072e-2,1.00257e-10,1.94072e-2
0.51,0.51,0.25,100000,21 of 40,5.72284e-4,1.74800e-4,6 of 10 and 16 of 30,8.06603e-2,1.61506e-5,27 of 40,1.03227e-1,1.86964e-8,1.03227e-1
0.55,0.55,0.25,100000,22 of 40,1.70801e-3,4.86212e-5,6 of 10 and 17 of 30,8.56653e-2,4.25324e-6,27 of 40,1.03227e-1,1.86964e-8,1.03227e-1
0.60,0.6,0.25,100000,24 of 40,1.15599e-2,2.82454e-6,6 of 10 and 18 of 30,9.80311e-2,9.87517e-7,27 of 40,1.03227e-1,1.86964e-8,1.03227e-1
0.51,0.51,0.25,1000000,21 of 40,5.72416e-4,1.74849e-4,6 of 10 and 16 of 30,8.06615e-2,1.61562e-5,27 of 40,1.03231e-1,1.87090e-8,1.03231e-1
0.55,0.55,0.25,1000000,22 of 40,1.70833e-3,4.86374e-5,6 of 10 and 17 of 30,8.56669e-2,4.25495e-6,27 of 40,1.03231e-1,1.87090e-8,1.03231e-1
0.60,0.6,0.25,1000000,24 of 40,1.15612e-2,2.82582e-6,6 of 10 and 18 of 30,9.80333e-2,9.87978e-7,27 of 40,1.03231e-1,1.87090e-8,1.03231e-1
0.51,0.51,0.3,100000,21 of 40,6.25357e-3,2.41891e-3,6 of 10 and 16 of 30,1.64658e-1,3.01555e-4,27 of 40,2.96748e-1,1.10247e-6,2.96748e-1
0.55,0.55,0.3,100000,22 of 40,1.47753e-2,8.53797e-4,6 of 10 and 17 of 30,1.84300e-1,1.00572e-4,27 of 40,2.96748e-1,1.10247e-6,2.96748e-1
0.60,0.6,0.3,100000,24 of 40,6.33091e-2,8.02507e-5,6 of 10 and 18 of 30,2.22042e-1,2.96408e-5,27 of 40,2.96748e-1,1.10247e-6,2.96748e-1
0.51,0.51,0.3,1000000,21 of 40,6.25441e-3,2.41931e-3,6 of 10 and 16 of 30,1.64660e-1,3.01622e-4,27 of 40,2.96751e-1,1.10298e-6,2.96751e-1
0.55,0.55,0.3,1000000,22 of 40,1.47769e-2,8.53975e-4,6 of 10 and 17 of 30,1.84302e-1,1.00599e-4,27 of 40,2.96751e-1,1.10298e-6,2.96751e-1
0.60,0.6,0.3,1000000,24 of 40,6.33125e-2,8.02747e-5,6 of 10 and 18 of 30,2.22045e-1,2.96500e-5,27 of 40,2.96751e-1,1.10298e-6,2.96751e-1
0.51,0.51,0.33,100000,21 of 40,1.91657e-2,8.42243e-3,6 of 10 and 16 of 30,2.38014e-1,1.24536e-3,27 of 40,4.52350e-1,8.47299e-6,4.52350e-1
0.55,0.55,0.33,100000,22 of 40,3.99397e-2,3.38311e-3,6 of 10 and 17 of 30,2.72580e-1,4.72059e-4,27 of 40,4.52350e-1,8.47299e-6,4.52350e-1
0.60,0.6,0.33,100000,24 of 40,1.34247e-1,4.13379e-4,6 of 10 and 18 of 30,3.30376e-1,1.58409e-4,27 of 40,4.52350e-1,8.47299e-6,4.52350e-1
0.51,0.51,0.33,1000000,21 of 40,1.91675e-2,8.42346e-3,6 of 10 and 16 of 30,2.38016e-1,1.24556e-3,27 of 40,4.52351e-1,8.47617e-6,4.52351e-1
0.55,0.55,0.33,1000000,22 of 40,3.99424e-2,3.38363e-3,6 of 10 and 17 of 30,2.72582e-1,4.72156e-4,27 of 40,4.52351e-1,8.47617e-6,4.52351e-1
0.60,0.6,0.33,1000000,24 of 40,1.34252e-1,4.13475e-4,6 of 10 and 18 of 30,3.30378e-1,1.58448e-4,27 of 40,4.52351e-1,8.47617e-6,4.52351e-1
0.51,0.51,0.4,100000,21 of 40,1.29761e-1,7.43475e-2,6 of 10 and 16 of 30,4.77923e-1,1.61331e-2,27 of 40,7.88845e-1,4.02288e-4,7.88845e-1
0.55,0.55,0.4,100000,22 of 40,2.08924e-1,3.91650e-2,6 of 10 and 17 of 30,5.47645e-1,7.99709e-3,27 of 40,7.88845e-1,4.02288e-4,7.88845e-1
0.60,0.6,0.4,100000,24 of 40,4.31867e-1,8.34066e-3,6 of 10 and 18 of 30,6.33773e-1,3.53037e-3,27 of 40,7.88845e-1,4.02288e-4,7.88845e-1
0.51,0.51,0.4,1000000,21 of 40,1.29765e-1,7.43512e-2,6 of 10 and 16 of 30,4.77923e-1,1.61345e-2,27 of 40,7.88840e-1,4.02377e-4,7.88840e-1
0.55,0.55,0.4,1000000,22 of 40,2.08928e-1,3.91677e-2,6 of 10 and 17 of 30,5.47645e-1,7.99793e-3,27 of 40,7.88840e-1,4.02377e-4,7.88840e-1
0.60,0.6,0.4,1000000,24 of 40,4.31868e-1,8.34166e-3,6 of 10 and 18 of 30,6.33772e-1,3.53084e-3,27 of 40,7.88840e-1,4.02377e-4,7.88840e-1
0.51,0.51,0.45,100000,21 of 40,3.15583e-1,2.13040e-1,6 of 10 and 16 of 30,6.74740e-1,6.03942e-2,27 of 40,9.24949e-1,3.42711e-3,9.24949e-1
0.55,0.55,0.45,100000,22 of 40,4.34945e-1,1.33137e-1,6 of 10 and 17 of 30,7.46552e-1,3.54668e-2,27 of 40,9.24949e-1,3.42711e-3,9.24949e-1
0.60,0.6,0.45,100000,24 of 40,6.81455e-1,4.05264e-2,6 of 10 and 18 of 30,8.18833e-1,1.86712e-2,27 of 40,9.24949e-1,3.42711e-3,9.24949e-1
0.51,0.51,0.45,1000000,21 of 40,3.15585e-1,2.13044e-1,6 of 10 and 16 of 30,6.74738e-1,6.03968e-2,27 of 40,9.24945e-1,3.42761e-3,9.24945e-1
0.55,0.55,0.45,1000000,22 of 40,4.34946e-1,1.33141e-1,6 of 10 and 17 of 30,7.46549e-1,3.54689e-2,27 of 40,9.24945e-1,3.42761e-3,9.24945e-1
0.60,0.6,0.45,1000000,24 of 40,6.81452e-1,4.05291e-2,6 of 10 and 18 of 30,8.18829e-1,1.86726e-2,27 of 40,9.24945e-1,3.42761e-3,9.24945e-1
0.51,0.51,0.49,100000,21 of 40,5.12165e-1,3.87791e-1,6 of 10 and 16 of 30,8.10573e-1,1.35728e-1,27 of 40,9.74033e-1,1.40457e-2,9.74033e-1
0.55,0.55,0.49,100000,22 of 40,6.35451e-1,2.73985e-1,6 of 10 and 17 of 30,8.66873e-1,9.01203e-2,27 of 40,9.74033e-1,1.40457e-2,9.74033e-1
0.60,0.6,0.49,100000,24 of 40,8.36538e-1,1.08549e-1,6 of 10 and 18 of 30,9.15130e-1,5.40345e-2,27 of 40,9.74033e-1,1.40457e-2,9.74033e-1
0.51,0.51,0.49,1000000,21 of 40,5.12164e-1,3.87793e-1,6 of 10 and 16 of 30,8.10571e-1,1.35731e-1,27 of 40,9.74031e-1,1.40471e-2,9.74031e-1
0.55,0.55,0.49,1000000,22 of 40,6.35448e-1,2.73988e-1,6 of 10 and 17 of 30,8.66870e-1,9.01234e-2,27 of 40,9.74031e-1,1.40471e-2,9.74031e-1
0.60,0.6,0.49,1000000,24 of 40,8.36534e-1,1.08553e-1,6 of 10 and 18 of 30,9.15127e-1,5.40371e-2,27 of 40,9.74031e-1,1.40471e-2,9.74031e-1
