quorum,quorum_fraction,spec_default,committee_size,approvals,seats_to_stall,seats_to_sign,seats_to_conflict,attacker_fraction,active_ids,p_stall,log10_p_stall,p_sign,log10_p_sign,p_conflict,log10_p_conflict
0.51,0.51,false,600,306,295,306,12,0.05,2900000,2.57152e-212,-211.58981016836586,2.07431e-226,-225.68312651114957,9.99954e-1,-0.00002009246086132066
2/3,0.6666666666666666,true,600,400,201,400,200,0.05,2900000,2.01498e-106,-105.69572958243737,2.12701e-361,-360.6722297352954,1.92785e-105,-104.71492660082623
0.51,0.51,false,600,306,295,306,12,0.1,2900000,1.39784e-130,-129.85454391993622,4.21264e-141,-140.3754455663501,1.00000e0,0.0
2/3,0.6666666666666666,true,600,400,201,400,200,0.1,2900000,3.40012e-55,-54.46850526478077,1.50052e-245,-244.82375743067266,1.54176e-54,-53.81198302163145
0.51,0.51,false,600,306,295,306,12,0.2,2900000,2.85472e-57,-56.54443684370376,6.37821e-64,-63.19530090348451,1.00000e0,0.0
2/3,0.6666666666666666,true,600,400,201,400,200,0.2,2900000,6.72118e-15,-14.172554488953878,2.81926e-135,-134.5498647089609,1.36085e-14,-13.866190073426282
0.51,0.51,false,600,306,295,306,12,0.25,2900000,3.58194e-37,-36.44588141761267,1.87485e-42,-41.72703390862455,1.00000e0,0.0
2/3,0.6666666666666666,true,600,400,201,400,200,0.25,2900000,1.94027e-6,-5.712137962240064,4.37688e-102,-101.35883489182747,2.96485e-6,-5.5279967778577195
0.51,0.51,false,600,306,295,306,12,0.3,2900000,7.02749e-23,-22.153199703418576,5.74126e-27,-26.24099254231583,1.00000e0,0.0
2/3,0.6666666666666666,true,600,400,201,400,200,0.3,2900000,3.48687e-2,-1.4575646990568387,2.25979e-76,-75.6459325149799,4.21524e-2,-1.3751773477945761
0.51,0.51,false,600,306,295,306,12,0.33,2900000,2.04377e-16,-15.689567875276204,7.60013e-20,-19.119178811742625,1.00000e0,0.0
2/3,0.6666666666666666,true,600,400,201,400,200,0.33,2900000,4.12260e-1,-0.38482871210291947,1.34218e-63,-62.87218943235678,4.46280e-1,-0.35039228741313266
0.51,0.51,false,600,306,295,306,12,0.4,2900000,3.38311e-6,-5.47068414975676,3.29303e-8,-7.482404223797424,1.00000e0,0.0
2/3,0.6666666666666666,true,600,400,201,400,200,0.4,2900000,9.99558e-1,-0.00019216731604032589,1.04714e-39,-38.97999664049696,9.99675e-1,-0.00014100188841936756
0.51,0.51,false,600,306,295,306,12,0.45,2900000,2.23529e-2,-1.650665292458772,1.82863e-3,-2.737873434629865,1.00000e0,0.0
2/3,0.6666666666666666,true,600,400,201,400,200,0.45,2900000,1.00000e0,-1.6747030429087317e-9,9.49794e-27,-26.022370556661034,1.00000e0,-1.0095746461047383e-9
0.51,0.51,false,600,306,295,306,12,0.49,2900000,4.83607e-1,-0.3155076731077813,1.73795e-1,-0.7599617852423961,1.00000e0,0.0
2/3,0.6666666666666666,true,600,400,201,400,200,0.49,2900000,1.00000e0,-3.552713678800501e-15,1.85668e-18,-17.731263993177617,1.00000e0,0.0
