layout,approvals,attacker_fraction,online_fraction,signing_probability,p_fail,log10_p_fail,p_leader_below_quorum,p_subordinates_below_quorum,kwcs,p_fail_hypergeometric,share_of_miners_affected,expected_failing_kwcs
unregistered PoWit,27 of 40,0.0,0.5,0.5,9.80761e-1,-0.008436659068959074,,,100000,9.80761e-1,0.9807613458578999,98076.13458578999
unregistered PoWit,27 of 40,0.0,0.6,0.6,7.88840e-1,-0.10301118652460417,,,100000,7.88840e-1,0.7888397984806627,78883.97984806627
unregistered PoWit,27 of 40,0.0,0.7,0.7,2.96751e-1,-0.5276079063364563,,,100000,2.96751e-1,0.2967509334037363,29675.09334037363
unregistered PoWit,27 of 40,0.0,0.8,0.8,1.94074e-2,-1.712033338244897,,,100000,1.94074e-2,0.019407368928648513,1940.7368928648514
unregistered PoWit,27 of 40,0.0,0.9,0.9,1.84747e-5,-4.733421719456004,,,100000,1.84747e-5,0.000018474737676378725,1.8474737676378725
unregistered PoWit,27 of 40,0.0,0.95,0.95,4.10335e-9,-8.386861328617389,,,100000,4.10335e-9,4.103351031604265e-9,0.00041033510316042644
unregistered PoWit,27 of 40,0.0,0.99,0.99,1.81882e-18,-17.740209608499708,,,100000,1.81882e-18,1.8188228075365966e-18,1.8188228075365966e-13
unregistered PoWit,27 of 40,0.1,0.5,0.45,9.96572e-1,-0.0014911753093649338,,,100000,9.96572e-1,0.996572329881253,99657.2380512924
unregistered PoWit,27 of 40,0.1,0.6,0.54,9.41260e-1,-0.02629045397463159,,,100000,9.41260e-1,0.9412598760779056,94126.03524299098
unregistered PoWit,27 of 40,0.1,0.7,0.63,6.60241e-1,-0.18029783814075984,,,100000,6.60241e-1,0.6602405013176107,66024.11505861096
unregistered PoWit,27 of 40,0.1,0.8,0.72,2.06456e-1,-0.6851725281970644,,,100000,2.06455e-1,0.20645598240782226,20645.47566194748
unregistered PoWit,27 of 40,0.1,0.9,0.81,1.25788e-2,-1.9003616641152696,,,100000,1.25780e-2,0.012578774624531703,1257.8019502485063
unregistered PoWit,27 of 40,0.1,0.95,0.855,1.00143e-3,-2.9993802059442203,,,100000,1.00126e-3,0.0010014281473861295,100.12614452911698
unregistered PoWit,27 of 40,0.1,0.99,0.891,4.86488e-5,-4.312927440186549,,,100000,4.86292e-5,0.00004864884790349748,4.862916075601133
unregistered PoWit,27 of 40,0.2,0.5,0.4,9.99598e-1,-0.00017478976121410028,,,100000,9.99598e-1,0.9995976126809204,99959.76292432724
unregistered PoWit,27 of 40,0.2,0.6,0.48,9.89894e-1,-0.004411101702761044,,,100000,9.89895e-1,0.9898944704656409,98989.47564492794
unregistered PoWit,27 of 40,0.2,0.7,0.56,9.05341e-1,-0.043187750151204796,,,100000,9.05343e-1,0.9053411276291989,90534.2541015027
unregistered PoWit,27 of 40,0.2,0.8,0.64,6.10874e-1,-0.21404800452292605,,,100000,6.10876e-1,0.610874498467069,61087.56684526872
unregistered PoWit,27 of 40,0.2,0.9,0.72,2.06456e-1,-0.6851725281970644,,,100000,2.06453e-1,0.20645598240782226,20645.322436413975
unregistered PoWit,27 of 40,0.2,0.95,0.76,7.82468e-2,-1.10653355844482,,,100000,7.82435e-2,0.07824677405290129,7824.350619248677
unregistered PoWit,27 of 40,0.2,0.99,0.792,2.67268e-2,-1.573053724599962,,,100000,2.67244e-2,0.026726757636196467,2672.4358112472946
unregistered PoWit,27 of 40,0.25,0.5,0.375,9.99885e-1,-0.000050012329086968066,,,100000,9.99885e-1,0.9998848489869658,99988.48558884927
unregistered PoWit,27 of 40,0.25,0.6,0.45,9.96572e-1,-0.0014911753093649338,,,100000,9.96572e-1,0.996572329881253,99657.24817748369
unregistered PoWit,27 of 40,0.25,0.7,0.525,9.60336e-1,-0.017576832563626965,,,100000,9.60337e-1,0.9603359069558417,96033.70048307184
unregistered PoWit,27 of 40,0.25,0.8,0.6,7.88840e-1,-0.10301118652460417,,,100000,7.88842e-1,0.7888397984806627,78884.2216034731
unregistered PoWit,27 of 40,0.25,0.9,0.675,4.25536e-1,-0.3710641454936052,,,100000,4.25535e-1,0.42553555669554766,42553.49551085452
unregistered PoWit,27 of 40,0.25,0.95,0.7125,2.38558e-1,-0.6224063221683878,,,100000,2.38555e-1,0.23855783120257804,23855.456008029236
unregistered PoWit,27 of 40,0.25,0.99,0.7425,1.25064e-1,-0.9028676912347073,,,100000,1.25060e-1,0.12506399823961514,12505.96062748326
unregistered PoWit,27 of 40,0.33,0.5,0.335,9.99988e-1,-5.04400067669053e-6,,,100000,9.99988e-1,0.9999883858266806,99998.8386988071
unregistered PoWit,27 of 40,0.33,0.6,0.402,9.99558e-1,-0.0001921344380662049,,,100000,9.99558e-1,0.9995576919541115,99955.77275523171
unregistered PoWit,27 of 40,0.33,0.7,0.469,9.93089e-1,-0.003012028921613563,,,100000,9.93089e-1,0.9930885418553179,99308.89520126894
unregistered PoWit,27 of 40,0.33,0.8,0.536,9.46943e-1,-0.02367629528849946,,,100000,9.46945e-1,0.9469427093764666,94694.46865795906
unregistered PoWit,27 of 40,0.33,0.9,0.603,7.77501e-1,-0.10929886687971546,,,100000,7.77505e-1,0.7775013165965801,77750.4882687061
unregistered PoWit,27 of 40,0.33,0.95,0.6365,6.28448e-1,-0.2017307401350905,,,100000,6.28450e-1,0.6284478718064297,62845.03974157359
unregistered PoWit,27 of 40,0.33,0.99,0.6633,4.88386e-1,-0.3112366413864329,,,100000,4.88387e-1,0.4883861715872069,48838.65139692574
"registered PoWit, SPEC (leader WC and subordinates)",7 of 10 and 21 of 30,0.0,0.5,0.5,9.96324e-1,-0.001599358304943621,8.28125e-1,9.78613e-1,100000,9.96324e-1,0.9963241140794707,99632.41140794707
"registered PoWit, SPEC (leader WC and subordinates)",7 of 10 and 21 of 30,0.0,0.6,0.6,9.32609e-1,-0.030300352804189856,6.17719e-1,8.23714e-1,100000,9.32609e-1,0.9326090965581096,93260.90965581097
"registered PoWit, SPEC (leader WC and subordinates)",7 of 10 and 21 of 30,0.0,0.7,0.7,6.17504e-1,-0.20936052937918959,3.50389e-1,4.11191e-1,100000,6.17504e-1,0.617503566980615,61750.35669806151
"registered PoWit, SPEC (leader WC and subordinates)",7 of 10 and 21 of 30,0.0,0.8,0.8,1.74577e-1,-0.7580125032965732,1.20874e-1,6.10871e-2,100000,1.74577e-1,0.1745771891591309,17457.71891591309
"registered PoWit, SPEC (leader WC and subordinates)",7 of 10 and 21 of 30,0.0,0.9,0.9,1.32437e-2,-1.8779893554740177,1.27952e-2,4.54355e-4,100000,1.32437e-2,0.013243739951066114,1324.3739951066113
"registered PoWit, SPEC (leader WC and subordinates)",7 of 10 and 21 of 30,0.0,0.95,0.95,1.02966e-3,-2.9873068902425466,1.02850e-3,1.16152e-6,100000,1.02966e-3,0.001029658264665135,102.9658264665135
"registered PoWit, SPEC (leader WC and subordinates)",7 of 10 and 21 of 30,0.0,0.99,0.99,2.00128e-6,-5.698692924426972,2.00128e-6,2.50327e-13,100000,2.00128e-6,2.001276407266939e-6,0.2001276407266939
"registered PoWit, SPEC (leader WC and subordinates)",7 of 10 and 21 of 30,0.1,0.5,0.45,9.99489e-1,-0.00022207415299035915,8.98005e-1,9.94988e-1,100000,9.99489e-1,0.9994887860801736,99948.8795954042
"registered PoWit, SPEC (leader WC and subordinates)",7 of 10 and 21 of 30,0.1,0.6,0.54,9.86269e-1,-0.00600468434209489,7.54695e-1,9.44024e-1,100000,9.86269e-1,0.9862688475830932,98626.90224292938
"registered PoWit, SPEC (leader WC and subordinates)",7 of 10 and 21 of 30,0.1,0.7,0.63,8.72798e-1,-0.0590863127340171,5.40004e-1,7.23471e-1,100000,8.72799e-1,0.8727978891898162,87279.86416934598
"registered PoWit, SPEC (leader WC and subordinates)",7 of 10 and 21 of 30,0.1,0.8,0.72,5.21918e-1,-0.2823974041023938,2.97941e-1,3.19030e-1,100000,5.21919e-1,0.5219183854759123,52191.853151993084
"registered PoWit, SPEC (leader WC and subordinates)",7 of 10 and 21 of 30,0.1,0.9,0.81,1.44320e-1,-0.8406725693145596,1.03926e-1,4.50791e-2,100000,1.44319e-1,0.14432030256360584,14431.893638688489
"registered PoWit, SPEC (leader WC and subordinates)",7 of 10 and 21 of 30,0.1,0.95,0.855,5.20699e-2,-1.2834132631234567,4.47960e-2,7.61497e-3,100000,5.20688e-2,0.05206989919197439,5206.882139334441
"registered PoWit, SPEC (leader WC and subordinates)",7 of 10 and 21 of 30,0.1,0.99,0.891,1.81328e-2,-1.7415346315860063,1.72473e-2,9.01111e-4,100000,1.81322e-2,0.01813282075051326,1813.2156185902697
"registered PoWit, SPEC (leader WC and subordinates)",7 of 10 and 21 of 30,0.2,0.5,0.4,9.99953e-1,-0.000020367861651493513,9.45238e-1,9.99144e-1,100000,9.99953e-1,0.9999531023651174,99995.31047582238
"registered PoWit, SPEC (leader WC and subordinates)",7 of 10 and 21 of 30,0.2,0.6,0.48,9.98252e-1,-0.0007597979834912394,8.58973e-1,9.87605e-1,100000,9.98252e-1,0.9982520299717229,99825.20975690881
"registered PoWit, SPEC (leader WC and subordinates)",7 of 10 and 21 of 30,0.2,0.7,0.56,9.75484e-1,-0.010780038703529726,7.12331e-1,9.14776e-1,100000,9.75484e-1,0.9754835751553933,97548.41934615264
"registered PoWit, SPEC (leader WC and subordinates)",7 of 10 and 21 of 30,0.2,0.8,0.64,8.46292e-1,-0.07247993760289262,5.13228e-1,6.84229e-1,100000,8.46293e-1,0.8462916626662809,84629.34583870551
"registered PoWit, SPEC (leader WC and subordinates)",7 of 10 and 21 of 30,0.2,0.9,0.72,5.21918e-1,-0.2823974041023938,2.97941e-1,3.19030e-1,100000,5.21919e-1,0.5219183854759123,52191.87140821713
"registered PoWit, SPEC (leader WC and subordinates)",7 of 10 and 21 of 30,0.2,0.95,0.76,3.30642e-1,-0.48064186959583566,2.01249e-1,1.61995e-1,100000,3.30640e-1,0.33064208461853484,33064.04051618146
"registered PoWit, SPEC (leader WC and subordinates)",7 of 10 and 21 of 30,0.2,0.99,0.792,2.01468e-1,-0.6957934900988363,1.35385e-1,7.64307e-2,100000,2.01465e-1,0.20146820167682025,20146.53588257923
"registered PoWit, SPEC (leader WC and subordinates)",7 of 10 and 21 of 30,0.25,0.5,0.375,9.99988e-1,-5.146729709082365e-6,9.61602e-1,9.99691e-1,100000,9.99988e-1,0.9999881492871123,99998.81501500765
"registered PoWit, SPEC (leader WC and subordinates)",7 of 10 and 21 of 30,0.25,0.6,0.45,9.99489e-1,-0.00022207415299035915,8.98005e-1,9.94988e-1,100000,9.99489e-1,0.9994887860801736,99948.88157013505
"registered PoWit, SPEC (leader WC and subordinates)",7 of 10 and 21 of 30,0.25,0.7,0.525,9.91408e-1,-0.0037477556312595084,7.84044e-1,9.60212e-1,100000,9.91408e-1,0.991407601238619,99140.79586958767
"registered PoWit, SPEC (leader WC and subordinates)",7 of 10 and 21 of 30,0.25,0.8,0.6,9.32609e-1,-0.030300352804189856,6.17719e-1,8.23714e-1,100000,9.32611e-1,0.9326090965581096,93261.07451649605
"registered PoWit, SPEC (leader WC and subordinates)",7 of 10 and 21 of 30,0.25,0.9,0.675,7.26207e-1,-0.13893962003502836,4.17986e-1,5.29577e-1,100000,7.26209e-1,0.7262069149695883,72620.92239640496
"registered PoWit, SPEC (leader WC and subordinates)",7 of 10 and 21 of 30,0.25,0.95,0.7125,5.58303e-1,-0.2531303992716154,3.17371e-1,3.52946e-1,100000,5.58303e-1,0.5583025362059855,55830.34177265482
"registered PoWit, SPEC (leader WC and subordinates)",7 of 10 and 21 of 30,0.25,0.99,0.7425,4.12307e-1,-0.3847788134942469,2.41900e-1,2.24782e-1,100000,4.12306e-1,0.41230745412875464,41230.63903644469
"registered PoWit, SPEC (leader WC and subordinates)",7 of 10 and 21 of 30,0.33,0.5,0.335,9.99999e-1,-4.237486095348686e-7,9.79763e-1,9.99952e-1,100000,9.99999e-1,0.9999990242832474,99999.90243987323
"registered PoWit, SPEC (leader WC and subordinates)",7 of 10 and 21 of 30,0.33,0.6,0.402,9.99948e-1,-0.0000226114011887546,9.43737e-1,9.99075e-1,100000,9.99948e-1,0.9999479366800338,99994.79418840053
"registered PoWit, SPEC (leader WC and subordinates)",7 of 10 and 21 of 30,0.33,0.7,0.469,9.98868e-1,-0.0004919541846746256,8.74278e-1,9.90995e-1,100000,9.98868e-1,0.9988678749655775,99886.79651784907
"registered PoWit, SPEC (leader WC and subordinates)",7 of 10 and 21 of 30,0.33,0.8,0.536,9.87847e-1,-0.00531021464622583,7.62730e-1,9.48781e-1,100000,9.87848e-1,0.987847227640135,98784.79299449635
"registered PoWit, SPEC (leader WC and subordinates)",7 of 10 and 21 of 30,0.33,0.9,0.603,9.27855e-1,-0.03251979117098713,6.10167e-1,8.14934e-1,100000,9.27858e-1,0.9278552060085573,92785.77412162692
"registered PoWit, SPEC (leader WC and subordinates)",7 of 10 and 21 of 30,0.33,0.95,0.6365,8.55964e-1,-0.06754453711804587,5.22637e-1,6.98267e-1,100000,8.55967e-1,0.8559639276867491,85596.74035347432
"registered PoWit, SPEC (leader WC and subordinates)",7 of 10 and 21 of 30,0.33,0.99,0.6633,7.70967e-1,-0.11296432438259174,4.49930e-1,5.83629e-1,100000,7.70970e-1,0.7709667984135414,77097.04285494347
"registered PoWit, single quorum ([P] validity rule, comparison)",27 of 40,0.0,0.5,0.5,9.80761e-1,-0.008436659068959074,,,100000,9.80761e-1,0.9807613458578999,98076.13458578999
"registered PoWit, single quorum ([P] validity rule, comparison)",27 of 40,0.0,0.6,0.6,7.88840e-1,-0.10301118652460417,,,100000,7.88840e-1,0.7888397984806627,78883.97984806627
"registered PoWit, single quorum ([P] validity rule, comparison)",27 of 40,0.0,0.7,0.7,2.96751e-1,-0.5276079063364563,,,100000,2.96751e-1,0.2967509334037363,29675.09334037363
"registered PoWit, single quorum ([P] validity rule, comparison)",27 of 40,0.0,0.8,0.8,1.94074e-2,-1.712033338244897,,,100000,1.94074e-2,0.019407368928648513,1940.7368928648514
"registered PoWit, single quorum ([P] validity rule, comparison)",27 of 40,0.0,0.9,0.9,1.84747e-5,-4.733421719456004,,,100000,1.84747e-5,0.000018474737676378725,1.8474737676378725
"registered PoWit, single quorum ([P] validity rule, comparison)",27 of 40,0.0,0.95,0.95,4.10335e-9,-8.386861328617389,,,100000,4.10335e-9,4.103351031604265e-9,0.00041033510316042644
"registered PoWit, single quorum ([P] validity rule, comparison)",27 of 40,0.0,0.99,0.99,1.81882e-18,-17.740209608499708,,,100000,1.81882e-18,1.8188228075365966e-18,1.8188228075365966e-13
"registered PoWit, single quorum ([P] validity rule, comparison)",27 of 40,0.1,0.5,0.45,9.96572e-1,-0.0014911753093649338,,,100000,9.96572e-1,0.996572329881253,99657.2380512924
"registered PoWit, single quorum ([P] validity rule, comparison)",27 of 40,0.1,0.6,0.54,9.41260e-1,-0.02629045397463159,,,100000,9.41260e-1,0.9412598760779056,94126.03524299098
"registered PoWit, single quorum ([P] validity rule, comparison)",27 of 40,0.1,0.7,0.63,6.60241e-1,-0.18029783814075984,,,100000,6.60241e-1,0.6602405013176107,66024.11505861096
"registered PoWit, single quorum ([P] validity rule, comparison)",27 of 40,0.1,0.8,0.72,2.06456e-1,-0.6851725281970644,,,100000,2.06455e-1,0.20645598240782226,20645.47566194748
"registered PoWit, single quorum ([P] validity rule, comparison)",27 of 40,0.1,0.9,0.81,1.25788e-2,-1.9003616641152696,,,100000,1.25780e-2,0.012578774624531703,1257.8019502485063
"registered PoWit, single quorum ([P] validity rule, comparison)",27 of 40,0.1,0.95,0.855,1.00143e-3,-2.9993802059442203,,,100000,1.00126e-3,0.0010014281473861295,100.12614452911698
"registered PoWit, single quorum ([P] validity rule, comparison)",27 of 40,0.1,0.99,0.891,4.86488e-5,-4.312927440186549,,,100000,4.86292e-5,0.00004864884790349748,4.862916075601133
"registered PoWit, single quorum ([P] validity rule, comparison)",27 of 40,0.2,0.5,0.4,9.99598e-1,-0.00017478976121410028,,,100000,9.99598e-1,0.9995976126809204,99959.76292432724
"registered PoWit, single quorum ([P] validity rule, comparison)",27 of 40,0.2,0.6,0.48,9.89894e-1,-0.004411101702761044,,,100000,9.89895e-1,0.9898944704656409,98989.47564492794
"registered PoWit, single quorum ([P] validity rule, comparison)",27 of 40,0.2,0.7,0.56,9.05341e-1,-0.043187750151204796,,,100000,9.05343e-1,0.9053411276291989,90534.2541015027
"registered PoWit, single quorum ([P] validity rule, comparison)",27 of 40,0.2,0.8,0.64,6.10874e-1,-0.21404800452292605,,,100000,6.10876e-1,0.610874498467069,61087.56684526872
"registered PoWit, single quorum ([P] validity rule, comparison)",27 of 40,0.2,0.9,0.72,2.06456e-1,-0.6851725281970644,,,100000,2.06453e-1,0.20645598240782226,20645.322436413975
"registered PoWit, single quorum ([P] validity rule, comparison)",27 of 40,0.2,0.95,0.76,7.82468e-2,-1.10653355844482,,,100000,7.82435e-2,0.07824677405290129,7824.350619248677
"registered PoWit, single quorum ([P] validity rule, comparison)",27 of 40,0.2,0.99,0.792,2.67268e-2,-1.573053724599962,,,100000,2.67244e-2,0.026726757636196467,2672.4358112472946
"registered PoWit, single quorum ([P] validity rule, comparison)",27 of 40,0.25,0.5,0.375,9.99885e-1,-0.000050012329086968066,,,100000,9.99885e-1,0.9998848489869658,99988.48558884927
"registered PoWit, single quorum ([P] validity rule, comparison)",27 of 40,0.25,0.6,0.45,9.96572e-1,-0.0014911753093649338,,,100000,9.96572e-1,0.996572329881253,99657.24817748369
"registered PoWit, single quorum ([P] validity rule, comparison)",27 of 40,0.25,0.7,0.525,9.60336e-1,-0.017576832563626965,,,100000,9.60337e-1,0.9603359069558417,96033.70048307184
"registered PoWit, single quorum ([P] validity rule, comparison)",27 of 40,0.25,0.8,0.6,7.88840e-1,-0.10301118652460417,,,100000,7.88842e-1,0.7888397984806627,78884.2216034731
"registered PoWit, single quorum ([P] validity rule, comparison)",27 of 40,0.25,0.9,0.675,4.25536e-1,-0.3710641454936052,,,100000,4.25535e-1,0.42553555669554766,42553.49551085452
"registered PoWit, single quorum ([P] validity rule, comparison)",27 of 40,0.25,0.95,0.7125,2.38558e-1,-0.6224063221683878,,,100000,2.38555e-1,0.23855783120257804,23855.456008029236
"registered PoWit, single quorum ([P] validity rule, comparison)",27 of 40,0.25,0.99,0.7425,1.25064e-1,-0.9028676912347073,,,100000,1.25060e-1,0.12506399823961514,12505.96062748326
"registered PoWit, single quorum ([P] validity rule, comparison)",27 of 40,0.33,0.5,0.335,9.99988e-1,-5.04400067669053e-6,,,100000,9.99988e-1,0.9999883858266806,99998.8386988071
"registered PoWit, single quorum ([P] validity rule, comparison)",27 of 40,0.33,0.6,0.402,9.99558e-1,-0.0001921344380662049,,,100000,9.99558e-1,0.9995576919541115,99955.77275523171
"registered PoWit, single quorum ([P] validity rule, comparison)",27 of 40,0.33,0.7,0.469,9.93089e-1,-0.003012028921613563,,,100000,9.93089e-1,0.9930885418553179,99308.89520126894
"registered PoWit, single quorum ([P] validity rule, comparison)",27 of 40,0.33,0.8,0.536,9.46943e-1,-0.02367629528849946,,,100000,9.46945e-1,0.9469427093764666,94694.46865795906
"registered PoWit, single quorum ([P] validity rule, comparison)",27 of 40,0.33,0.9,0.603,7.77501e-1,-0.10929886687971546,,,100000,7.77505e-1,0.7775013165965801,77750.4882687061
"registered PoWit, single quorum ([P] validity rule, comparison)",27 of 40,0.33,0.95,0.6365,6.28448e-1,-0.2017307401350905,,,100000,6.28450e-1,0.6284478718064297,62845.03974157359
"registered PoWit, single quorum ([P] validity rule, comparison)",27 of 40,0.33,0.99,0.6633,4.88386e-1,-0.3112366413864329,,,100000,4.88387e-1,0.4883861715872069,48838.65139692574
