wcs_per_kwc,members,quorum,approvals,seats_to_stall,seats_to_sign,seats_to_conflict,attacker_fraction,kwcs,p_stall,log10_p_stall,p_sign,log10_p_sign,p_conflict,log10_p_conflict,compositions_per_insertion,compositions,expected_episodes_stall,expected_episodes_sign,expected_episodes_conflict,expected_compositions_stall,expected_compositions_sign,expected_compositions_conflict
3,30,2/3,20 of 30,≥ 11,≥ 20,≥ 10,0.1,100000,8.90491e-5,-4.050370657167193,1.10397e-13,-12.957043380359355,4.54244e-4,-3.3427110742217465,3.4,35840800.0,1131.3012538649139,2.45791681614665e-6,5265.491197252435,3192.622260116641,3.962751787299264e-6,16284.450802300835
3,30,2/3,20 of 30,≥ 11,≥ 20,≥ 10,0.2,100000,2.56144e-2,-1.5915159293925605,3.82829e-8,-7.416994982493936,6.10843e-2,-1.2140703232740542,3.4,35840800.0,238862.62374169257,0.7327133626346614,497707.340742415,918107.0842223717,1.3728903530969685,2189412.264384043
3,30,2/3,20 of 30,≥ 11,≥ 20,≥ 10,0.25,100000,1.05725e-1,-0.9758231650315885,1.81992e-6,-5.739947646084296,1.96590e-1,-0.7064381737082854,3.4,35840800.0,802876.4187332336,31.978159879175767,1263623.6102771994,3789380.4998030923,65.25331460269184,7046063.40641997
3,30,2/3,20 of 30,≥ 11,≥ 20,≥ 10,0.3,100000,2.69627e-1,-0.5692366451776465,3.68599e-5,-4.433445590470175,4.11191e-1,-0.3859568147444996,3.4,35840800.0,1594133.8505051844,589.2868325217403,1983607.1442107467,9663741.05860136,1321.453190817863,14737425.674024329
3,30,2/3,20 of 30,≥ 11,≥ 20,≥ 10,0.33,100000,3.99980e-1,-0.3979618952746371,1.65844e-4,-3.780299745884289,5.52882e-1,-0.2573673272992387,3.4,35840800.0,1986705.7921081437,2491.9335414336683,2192127.5271230433,14335632.699862888,5945.3039963252795,19815695.973233216
3,30,2/3,20 of 30,≥ 11,≥ 20,≥ 10,0.4,100000,7.08531e-1,-0.149641014540979,2.85351e-3,-2.544620131673774,8.23717e-1,-0.08422183441867048,3.4,35840800.0,2195347.059086834,36348.54691259601,1977702.7297488018,25394215.316260897,102285.43577002255,29522551.3575868
3,30,2/3,20 of 30,≥ 11,≥ 20,≥ 10,0.45,100000,8.64959e-1,-0.06300450968595683,1.38347e-2,-1.859031517631152,9.30596e-1,-0.031238982683174044,3.4,35840800.0,1866567.4287326836,152984.9834959251,1598136.6243996876,31000689.812775053,495887.08736448153,33353186.647535067
3,30,0.51,16 of 30,≥ 15,≥ 16,≥ 2,0.1,100000,3.55682e-8,-7.448937952385258,3.65425e-9,-8.43720153621766,8.16309e-1,-0.08814525230639347,3.4,35840800.0,0.6048807767809422,0.06600323565902132,1679970.88357364,1.2757458460029467,0.1310866828150717,29257023.556121733
3,30,0.51,16 of 30,≥ 15,≥ 16,≥ 2,0.2,100000,2.31171e-4,-3.6360673561012256,5.23719e-5,-4.280901968951312,9.89478e-1,-0.004593718115092571,3.4,35840800.0,3196.4961578998227,780.7873500737219,1223479.5107222204,8287.310902660498,1877.602280154567,35463665.528439835
3,30,0.51,16 of 30,≥ 15,≥ 16,≥ 2,0.25,100000,2.74914e-3,-2.5608026308262772,8.18840e-4,-3.086801196609102,9.98036e-1,-0.0008538745270811887,3.4,35840800.0,33501.087997166294,10882.368361515055,1168168.6719971532,98545.50407012277,29353.226136550067,35770394.22524898
3,30,0.51,16 of 30,≥ 15,≥ 16,≥ 2,0.3,100000,1.69359e-2,-1.7711914274124112,6.36963e-3,-2.1958855812943447,9.99688e-1,-0.00013564467641913325,3.4,35840800.0,177892.55994372687,74097.17277830344,1154424.9982576882,607046.7937421706,228318.31043997066,35829605.812173344
3,30,0.51,16 of 30,≥ 15,≥ 16,≥ 2,0.33,100000,3.98957e-2,-1.39907377754189,1.70147e-2,-1.769174937618459,9.99904e-1,-0.00004149290850818943,3.4,35840800.0,378161.6887344609,180692.97125243058,1152280.9697061158,1429976.8121181184,609871.3841918004,35837375.30451993
3,30,0.51,16 of 30,≥ 15,≥ 16,≥ 2,0.4,100000,1.75366e-1,-0.7560557693705086,9.70535e-2,-1.0129887287808863,9.99995e-1,-2.0157476789961493e-6,3.4,35840800.0,1242456.6898459564,797918.2027792664,1151263.0069385704,6285367.17292756,3478594.9280107,35840633.607211016
3,30,0.51,16 of 30,≥ 15,≥ 16,≥ 2,0.45,100000,3.55154e-1,-0.44958274809120624,2.30905e-1,-0.6365661912807496,1.00000e0,-1.8023791170662662e-7,3.4,35840800.0,1934574.3724826477,1506848.9210903817,1151206.2945492326,12729089.865057152,8275947.324498536,35840785.12105925
4,40,2/3,27 of 40,≥ 14,≥ 27,≥ 14,0.1,100000,1.84652e-5,-4.733646261345726,3.21492e-18,-17.49282975192045,1.84652e-5,-4.733646261345726,4.7,49506400.0,330.00376250362234,1.0216793544855382e-10,330.00376250362234,914.6177533018757,1.5961032774837325e-10,914.6177533018757
4,40,2/3,27 of 40,≥ 14,≥ 27,≥ 14,0.2,100000,1.94053e-2,-1.7120801425169567,1.00159e-10,-9.999311134117928,1.94053e-2,-1.7120801425169567,4.7,49506400.0,251982.32330241313,0.0027606929613181704,251982.32330241313,960788.9691292448,0.0049638962545359416,960788.9691292448
4,40,2/3,27 of 40,≥ 14,≥ 27,≥ 14,0.25,100000,1.03227e-1,-0.9862055005045249,1.86964e-8,-7.728241056557216,1.03227e-1,-0.9862055005045249,4.7,49506400.0,1062094.2052037658,0.476003674443127,1062094.2052037658,5110631.023993779,0.9262826608277215,5110631.023993779
4,40,2/3,27 of 40,≥ 14,≥ 27,≥ 14,0.3,100000,2.96748e-1,-0.5276125321915472,1.10247e-6,-5.957634692050352,2.96748e-1,-0.5276125321915472,4.7,49506400.0,2250512.710780563,25.729376695256487,2250512.710780563,14691070.409458732,54.60745284174485,14691070.409458732
4,40,2/3,27 of 40,≥ 14,≥ 27,≥ 14,0.33,100000,4.52350e-1,-0.3445249669394954,8.47299e-6,-5.071963559153513,4.52350e-1,-0.3445249669394954,4.7,49506400.0,2742888.273642173,186.82165461078483,2742888.273642173,22394259.943176027,419.6423377794834,22394259.943176027
4,40,2/3,27 of 40,≥ 14,≥ 27,≥ 14,0.4,100000,7.88845e-1,-0.10300852454195564,4.02288e-4,-3.395462973032245,7.88845e-1,-0.10300852454195564,4.7,49506400.0,2538073.0615628,7627.136408326709,2538073.0615628,39052618.59950308,19920.74757328402,39052618.59950308
4,40,2/3,27 of 40,≥ 14,≥ 27,≥ 14,0.45,100000,9.24949e-1,-0.03388234134598633,3.42711e-3,-2.4650715507112544,9.24949e-1,-0.03388234134598633,4.7,49506400.0,1847716.9492508322,57030.221500868116,1847716.9492508322,45790679.97691824,169691.60796673494,45790679.97691824
4,40,0.51,21 of 40,≥ 20,≥ 21,≥ 2,0.1,100000,1.86933e-10,-9.72831429522645,1.95666e-11,-10.70848383921173,9.19530e-1,-0.03643389328808411,4.7,49506400.0,0.00455707234843732,0.0004977516453944278,1666500.7434251716,0.00926689476939479,0.0009701568872014984,45522437.01562889
4,40,0.51,21 of 40,≥ 20,≥ 21,≥ 2,0.2,100000,2.16826e-5,-4.663889394092518,5.02473e-6,-5.298887313684659,9.98538e-1,-0.0006353728916081991,4.7,49506400.0,435.5595950556152,106.43187534764779,1168833.962954942,1073.887537869488,248.88205650166057,49434014.177864425
4,40,0.51,21 of 40,≥ 20,≥ 21,≥ 2,0.25,100000,5.72284e-4,-3.2423883840785592,1.74800e-4,-3.757459177627158,9.99856e-1,-0.00006259237517625138,4.7,49506400.0,10208.047585946108,3316.5971973202177,1153276.4206580261,28339.003364304783,8656.396313475096,49499263.93030374
4,40,0.51,21 of 40,≥ 20,≥ 21,≥ 2,0.3,100000,6.25357e-3,-2.2038719022536988,2.41891e-3,-2.6163811551770735,9.99988e-1,-5.015240695627199e-6,4.7,49506400.0,96696.7751847429,40305.57439899263,1151392.0901839621,309637.9952635174,119773.79881145453,49505828.14143778
4,40,0.51,21 of 40,≥ 20,≥ 21,≥ 2,0.33,100000,1.91657e-2,-1.7174755322935091,8.42243e-3,-2.0745627507513085,9.99998e-1,-9.9228352468117e-7,4.7,49506400.0,267677.2953585755,128117.08691616527,1151240.9859844078,948923.1376301184,417020.63649433065,49506286.8498555
4,40,0.51,21 of 40,≥ 20,≥ 21,≥ 2,0.4,100000,1.29761e-1,-0.8868558311913866,7.43475e-2,-1.1287336712547393,1.00000e0,-1.605434363227687e-8,4.7,49506400.0,1335987.4574201962,864193.0327684481,1151200.773873331,6424232.938701443,3680877.9094304736,49506398.16908493
4,40,0.51,21 of 40,≥ 20,≥ 21,≥ 2,0.45,100000,3.15583e-1,-0.5008870799764651,2.13040e-1,-0.6715394850464946,1.00000e0,-6.025970833434258e-10,4.7,49506400.0,2413792.1835000236,1908296.1455153888,1151200.0319870997,15623517.336519755,10547054.08938487,49506399.93126939
5,50,2/3,34 of 50,≥ 17,≥ 34,≥ 18,0.1,100000,3.79987e-6,-5.42023097899871,9.56602e-23,-22.019268550024247,7.58917e-7,-6.119805634047356,6.2,65274400.0,95.40221495987491,4.156268656494967e-15,19.922229047854827,248.22175684419108,6.27255303920773e-15,49.58191061644364
5,50,2/3,34 of 50,≥ 17,≥ 34,≥ 18,0.2,100000,1.44395e-2,-1.8404477938794734,2.67964e-13,-12.571923307338466,6.25956e-3,-2.2034562091086762,6.2,65274400.0,265014.671340705,0.000010211743121796118,123993.11803136884,942670.5163895997,0.00001752182248837705,408668.3045621555
5,50,2/3,34 of 50,≥ 17,≥ 34,≥ 18,0.25,100000,9.83018e-2,-1.0074384470603164,1.96482e-10,-9.706678175771597,5.51188e-2,-1.2586998712951996,6.2,65274400.0,1403416.3543058815,0.006967830139310821,877422.8485160596,6416951.640963307,0.012840607842363705,3598144.271766453
5,50,2/3,34 of 50,≥ 17,≥ 34,≥ 18,0.3,100000,3.16118e-1,-0.500151104737423,3.37423e-8,-7.471825176673427,2.17802e-1,-0.6619389178974053,6.2,65274400.0,3168206.8396314527,1.1066693875906148,2550578.0393781476,20634633.467760157,2.204355596559169,14217217.219215645
5,50,2/3,34 of 50,≥ 17,≥ 34,≥ 18,0.33,100000,4.93133e-1,-0.30703588163811446,4.43046e-7,-6.353551205591675,3.76038e-1,-0.4247677505900178,6.2,65274400.0,3761339.1183426306,13.812649736665698,3466738.155372582,32188931.10168146,28.93913060852071,24545840.18090082
5,50,2/3,34 of 50,≥ 17,≥ 34,≥ 18,0.4,100000,8.43916e-1,-0.07370099760625592,5.80634e-5,-4.236097283004394,7.63130e-1,-0.11740148738450884,6.2,65274400.0,2864910.6583607825,1583.0068737933607,3355318.2777828956,55085679.4314074,3791.579593349646,49812474.20209333
5,50,2/3,34 of 50,≥ 17,≥ 34,≥ 18,0.45,100000,9.57351e-1,-0.018928934774670836,8.69173e-4,-3.0608937917140686,9.23475e-1,-0.034574766976742666,6.2,65274400.0,1792132.5210027127,21092.513711569864,2180124.8130381745,62490240.70226893,56749.833188292876,60278954.0403519
5,50,0.51,26 of 50,≥ 25,≥ 26,≥ 2,0.1,100000,1.01282e-12,-11.994468033418698,1.07232e-13,-12.969677225267151,9.66217e-1,-0.014925244704208751,6.2,65274400.0,0.000034306486484996086,3.746488157174215e-6,1554727.355823184,0.00006625246312436931,7.015997353961872e-6,63069048.28009233
5,50,0.51,26 of 50,≥ 25,≥ 26,≥ 2,0.2,100000,2.09343e-6,-5.679140918836662,4.92030e-7,-6.308008783196801,9.99807e-1,-0.00008366636198431365,6.2,65274400.0,59.53838900752998,14.538952882486932,1154930.2028457166,136.7403937817366,32.14177019360675,65261823.03053297
5,50,0.51,26 of 50,≥ 25,≥ 26,≥ 2,0.25,100000,1.22464e-4,-3.9119921986367707,3.80036e-5,-4.420175792188193,9.99990e-1,-4.343638686066242e-6,6.2,65274400.0,3128.0106444410762,1015.3255331093668,1151422.8719797258,7996.992048362063,2481.830922750266,65273746.92858817
5,50,0.51,26 of 50,≥ 25,≥ 26,≥ 2,0.3,100000,2.36899e-3,-2.62543653572704,9.32915e-4,-3.030157855564596,1.00000e0,-1.7510116734342773e-7,6.2,65274400.0,53037.023300240835,22085.643016703172,1151210.0988197234,154670.81411360786,60912.71976519536,65274373.67026418
5,50,0.51,26 of 50,≥ 25,≥ 26,≥ 2,0.33,100000,9.43049e-3,-2.0254656352693168,4.22520e-3,-2.374152348609517,1.00000e0,-2.238661522824259e-8,6.2,65274400.0,191697.05773951826,91693.44439915124,1151201.374742212,615670.5099975572,275853.6146364784,65274396.6335008
5,50,0.51,26 of 50,≥ 25,≥ 26,≥ 2,0.4,100000,9.78018e-2,-1.0096531507648052,5.73392e-2,-1.2415483073889355,1.00000e0,-1.2043344099765818e-10,6.2,65274400.0,1464809.1677940728,949853.0563214708,1151200.008431446,6384317.010684858,3743079.563135803,65274399.98188571
5,50,0.51,26 of 50,≥ 25,≥ 26,≥ 2,0.45,100000,2.83956e-1,-0.5467490431958169,1.96625e-1,-0.7063617346648208,1.00000e0,-1.8971491044794675e-12,6.2,65274400.0,3087153.7773993886,2459810.5455514453,1151200.0001442963,18535362.341551304,12834947.199429207,65274399.99971478
6,60,2/3,40 of 60,≥ 21,≥ 40,≥ 20,0.1,100000,1.62471e-7,-6.789223021207047,5.35345e-26,-25.271366397377594,7.81446e-7,-6.107101155787166,7.8,82093600.0,5.559729906035959,2.9526661237389526e-18,25.801820251560738,13.353793497557982,4.422452508297636e-18,64.2183008922638
6,60,2/3,40 of 60,≥ 21,≥ 40,≥ 20,0.2,100000,4.82452e-3,-2.3165457632679214,6.02915e-15,-14.219743848647518,1.06662e-2,-1.971990508805515,7.8,82093600.0,124434.25256374951,2.930686455599599e-7,257948.5220832141,396160.64992067165,4.961399342813325e-7,875798.9534782742
6,60,2/3,40 of 60,≥ 21,≥ 40,≥ 20,0.25,100000,5.41386e-2,-1.2664932158378157,1.30753e-11,-10.883549827753587,9.24778e-2,-1.03396273325804,7.8,82093600.0,1108059.2541522118,0.0005929443261277708,1716935.5863165807,4444870.80404839,0.0010751447061762896,7592366.713749365
6,60,2/3,40 of 60,≥ 21,≥ 40,≥ 20,0.3,100000,2.37777e-1,-0.6238298678666254,5.11097e-9,-8.291496877699807,3.30837e-1,-0.48038613154069054,7.8,82093600.0,3449836.139745306,0.2148437656163509,4137882.0958051695,19520484.948740494,0.42005153011470264,27159918.544867232
6,60,2/3,40 of 60,≥ 21,≥ 40,≥ 20,0.33,100000,4.18004e-1,-0.3788190892075285,1.00107e-7,-6.999535612701639,5.26569e-1,-0.27854448294602463,7.8,82093600.0,4583815.994421067,4.004898691407742,4790874.233050541,34315631.563101195,8.22558712129972,43227840.733434446
6,60,2/3,40 of 60,≥ 21,≥ 40,≥ 20,0.4,100000,8.21437e-1,-0.08542565690888182,2.70334e-5,-4.56809912856124,8.83047e-1,-0.05401599069480767,7.8,82093600.0,3657483.138395318,947.8640653475784,3021933.8480095775,67434126.3084614,2220.4411143105917,72491957.22990945
6,60,2/3,40 of 60,≥ 21,≥ 40,≥ 20,0.45,100000,9.55393e-1,-0.01981804278307564,5.85392e-4,-3.232552945024846,9.75398e-1,-0.010818360378241465,7.8,82093600.0,2029403.7872753923,18278.94119536469,1678614.496395222,78431241.94891033,48073.38807256159,80073616.92970352
6,60,0.51,31 of 60,≥ 30,≥ 31,≥ 2,0.1,100000,5.59499e-15,-14.252200750546603,5.96953e-16,-15.224060089019979,9.86225e-1,-0.0060240608589126055,7.8,82093600.0,2.481732529506006e-7,2.7128199823419396e-8,1402337.1108777693,4.6073685596016966e-7,4.9171051456836775e-8,80962589.9901959
6,60,0.51,31 of 60,≥ 30,≥ 31,≥ 2,0.2,100000,2.05919e-7,-6.686303614569191,4.88675e-8,-7.3109800889199335,9.99975e-1,-0.000010645024875799436,7.8,82093600.0,7.732061878473123,1.8911411080562954,1151870.9395051342,16.921271465194117,4.016108886199181,82091587.07078506
6,60,0.51,31 of 60,≥ 30,≥ 31,≥ 2,0.25,100000,2.66786e-5,-4.573836749035049,8.37006e-6,-5.077271329577197,9.99999e-1,-2.9070724139046433e-7,7.8,82093600.0,904.5753080566958,294.04948386237413,1151220.732098305,2191.4289021503646,687.58706647454,82093545.02004258
6,60,0.51,31 of 60,≥ 30,≥ 31,≥ 2,0.3,100000,9.12540e-4,-3.0397480213173864,3.63881e-4,-3.4390406238163003,1.00000e0,-5.890012033660241e-9,7.8,82093600.0,27307.827882988444,11382.44535699314,1151200.4661333652,74939.15893698117,29884.17465796553,82093598.88587154
6,60,0.51,31 of 60,≥ 30,≥ 31,≥ 2,0.33,100000,4.71380e-3,-2.326628570613689,2.14085e-3,-2.669413004850462,1.00000e0,-4.86377160768825e-10,7.8,82093600.0,128635.59961206646,61568.646883554764,1151200.0407137522,387064.5695196748,175800.1903204336,82093599.90798883
6,60,0.51,31 of 60,≥ 30,≥ 31,≥ 2,0.4,100000,7.46176e-2,-1.1271587806113743,4.44755e-2,-1.3518792464566083,1.00000e0,-8.704148513061227e-13,7.8,82093600.0,1506264.2969039327,977807.4832656216,1151200.0000818581,6126127.714608339,3651549.1205134806,82093599.99983549
6,60,0.51,31 of 60,≥ 30,≥ 31,≥ 2,0.45,100000,2.57600e-1,-0.5890549100665297,1.81721e-1,-0.7405937146542065,1.00000e0,-7.105427357601002e-15,7.8,82093600.0,3720701.8378824093,2975912.9881583336,1151200.0000005837,21147782.650375646,14918757.296784487,82093599.99999891
8,80,2/3,54 of 80,≥ 27,≥ 54,≥ 28,0.1,100000,7.27507e-9,-8.138162988768173,5.18134e-35,-34.28555791204661,1.50931e-9,-8.821222506033674,11.5,120988000.0,0.41009200221882347,4.471006098443406e-27,0.08688516361134871,0.8819021746724082,6.341572155269088e-27,0.1830006825607137
8,80,2/3,54 of 80,≥ 27,≥ 54,≥ 28,0.2,100000,2.76373e-3,-2.5585043126508893,4.72086e-20,-19.32597916713442,1.25621e-3,-2.9009362438492445,11.5,120988000.0,120431.88826479048,3.647909780091547e-12,57078.90047671368,334503.8266111825,5.7370485454171375e-12,152054.54365518305
8,80,2/3,54 of 80,≥ 27,≥ 54,≥ 28,0.25,100000,4.98803e-2,-1.3020709763084852,1.57934e-15,-14.801523083714951,2.94905e-2,-1.5303176237732856,11.5,120988000.0,1700806.063293469,1.1518981692604129e-7,1078766.3548754563,6035749.937234267,1.916618357824839e-7,3568630.577302803
8,80,2/3,54 of 80,≥ 27,≥ 54,≥ 28,0.3,100000,2.67676e-1,-0.5723908667386972,5.23359e-12,-11.281200212817097,1.95349e-1,-0.7091890426734189,11.5,120988000.0,6065077.547028345,0.00035893061629325035,4991169.232526257,32386467.203532435,0.0006345393120673257,23635965.26062105
8,80,2/3,54 of 80,≥ 27,≥ 54,≥ 28,0.33,100000,4.85124e-1,-0.31414763050423034,2.99055e-10,-9.52424837987624,3.92082e-1,-0.40662352477410124,11.5,120988000.0,7676411.199114684,0.019715783696418392,7292947.475352998,58694097.43059563,0.03624362836401157,47437584.17187803
8,80,2/3,54 of 80,≥ 27,≥ 54,≥ 28,0.4,100000,8.96277e-1,-0.047557595783654705,6.14101e-7,-6.2117601237633195,8.47921e-1,-0.0716444580430462,11.5,120988000.0,4107132.229885216,36.48722472242725,5064574.05209315,108437693.93711719,74.37320738176606,102587112.84099083
8,80,2/3,54 of 80,≥ 27,≥ 54,≥ 28,0.45,100000,9.84505e-1,-0.006781899997577057,4.09557e-5,-4.38768592089734,9.72952e-1,-0.011908786799555315,11.5,120988000.0,1742852.7241667563,2220.401243768523,2122825.3917711647,119112938.0992976,4958.390577839533,117714885.91455954
8,80,0.51,41 of 80,≥ 40,≥ 41,≥ 2,0.1,100000,1.77114e-19,-18.75174601900965,1.90821e-20,-19.719374253395948,9.97840e-1,-0.0009390393091166516,11.5,120988000.0,1.2569553816476694e-11,1.3750188671817753e-12,1232623.8337867686,2.1547995025600024e-11,2.32237912882262e-12,120726609.04828626
8,80,0.51,41 of 80,≥ 40,≥ 41,≥ 2,0.2,100000,2.06457e-9,-8.685170679277984,4.96042e-10,-9.304481877111154,1.00000e0,-1.610276214591977e-7,11.5,120988000.0,0.12789035715302777,0.031294281652801764,1151218.4594278194,0.25022871555116627,0.06012999666429532,120987955.10886854
8,80,0.51,41 of 80,≥ 40,≥ 41,≥ 2,0.25,100000,1.31038e-6,-5.8826032954758425,4.16962e-7,-6.3799040413237655,1.00000e0,-1.2140297656060284e-9,11.5,120988000.0,74.74345569672167,24.305468269713703,1151200.151985872,158.70661193927097,50.50573854654217,120987999.66146763
8,80,0.51,41 of 80,≥ 40,≥ 41,≥ 2,0.3,100000,1.39858e-4,-3.85431149262541,5.66880e-5,-4.246508748863082,1.00000e0,-6.203038083185675e-12,11.5,120988000.0,7190.5747363250675,2997.7535903968405,1151200.0008391945,16931.45356432485,6863.257292528307,120987999.99826945
8,80,0.51,41 of 80,≥ 40,≥ 41,≥ 2,0.33,100000,1.21437e-3,-2.9156478565233748,5.61502e-4,-3.2506487863141373,1.00000e0,-2.1316282072803006e-13,11.5,120988000.0,57649.176808328804,27593.926446145135,1151200.000030159,146986.48833197253,67967.8417312168,120987999.99994041
8,80,0.51,41 of 80,≥ 40,≥ 41,≥ 2,0.4,100000,4.44906e-2,-1.35173146727184,2.71187e-2,-1.566731230577048,1.00000e0,0.0,11.5,120988000.0,1592232.474581957,1034205.5514214026,1151200.0000000051,5383609.797028892,3281625.088511803,120987999.99999999
8,80,0.51,41 of 80,≥ 40,≥ 41,≥ 2,0.45,100000,2.15429e-1,-0.6666958162056993,1.55938e-1,-0.8070473023771818,1.00000e0,0.0,11.5,120988000.0,5431436.589291326,4360189.4964980325,1151200.0000000007,26065428.635969605,18867823.545483492,120988000.0
10,100,2/3,67 of 100,≥ 34,≥ 67,≥ 34,0.1,100000,6.97405e-11,-10.156514915904392,9.45491e-43,-42.02434247677479,6.97405e-11,-10.156514915904392,15.6,164087200.0,0.005838928374288651,1.144744135029764e-34,0.005838928374288651,0.011479210521874911,1.5792729760064234e-34,0.011479210521874911
10,100,2/3,67 of 100,≥ 34,≥ 67,≥ 34,0.2,100000,7.36434e-4,-3.132866172319652,3.11317e-24,-23.50679751144029,7.36434e-4,-3.132866172319652,15.6,164087200.0,49768.49685938924,3.399670821102198e-16,49768.49685938924,120913.16690353339,5.143196977397586e-16,120913.16690353339
10,100,2/3,67 of 100,≥ 34,≥ 67,≥ 34,0.25,100000,2.75883e-2,-1.5592750748251767,1.20862e-18,-17.91770968876309,2.75883e-2,-1.5592750748251767,15.6,164087200.0,1504414.7186986518,1.2528834080437797e-10,1504414.7186986518,4527914.76332766,1.99241943073115e-10,4527914.76332766
10,100,2/3,67 of 100,≥ 34,≥ 67,≥ 34,0.3,100000,2.20731e-1,-0.6561358550919714,2.65042e-14,-13.576685510667911,2.20731e-1,-0.6561358550919714,15.6,164087200.0,8073013.087760995,2.6010009351110463e-6,8073013.087760995,36220975.87948914,4.363025579013141e-6,36220975.87948914
10,100,2/3,67 of 100,≥ 34,≥ 67,≥ 34,0.33,100000,4.52950e-1,-0.3439492845695078,3.85444e-12,-11.414039064500873,4.52950e-1,-0.3439492845695078,15.6,164087200.0,11290182.59863284,0.0003652917550720432,11290182.59863284,74323603.55169562,0.0006341013268086559,74323603.55169562
10,100,2/3,67 of 100,≥ 34,≥ 67,≥ 34,0.4,100000,9.08757e-1,-0.041552057785857244,4.48107e-8,-7.348618231378513,9.08757e-1,-0.041552057785857244,15.6,164087200.0,5226399.126911313,3.87712475573297,5226399.126911313,149113652.12316516,7.363974181970739,149113652.12316516
10,100,2/3,67 of 100,≥ 34,≥ 67,≥ 34,0.45,100000,9.90243e-1,-0.004258212458204014,7.55756e-6,-5.121618209026597,9.90243e-1,-0.004258212458204014,15.6,164087200.0,1729288.6460369076,603.858689091055,1729288.6460369076,162485711.5768555,1241.314855907419,162485711.5768555
10,100,0.51,51 of 100,≥ 50,≥ 51,≥ 2,0.1,100000,5.78142e-24,-23.23796536386449,6.26559e-25,-24.203038048911637,9.99678e-1,-0.00013966707154011715,15.6,164087200.0,5.893397751901861e-16,6.456707073401343e-17,1171022.1948151803,9.569629146425487e-16,1.0375655101061912e-16,164034415.10807794
10,100,0.51,51 of 100,≥ 50,≥ 51,≥ 2,0.2,100000,2.13334e-11,-10.670939834761832,5.16461e-12,-11.286962260300193,1.00000e0,-2.2975790159307508e-9,15.6,164087200.0,0.0019277134895513755,0.00047263695501860534,1151200.4026518774,0.003510236513273912,0.0008499540791920744,164087199.13094604
10,100,0.51,51 of 100,≥ 50,≥ 51,≥ 2,0.25,100000,6.62758e-8,-7.178645025239916,2.12740e-8,-7.672150667122462,1.00000e0,-4.774847184307873e-12,15.6,164087200.0,5.5786972291501025,1.817561191724638,1151200.0008990832,10.8929328470673,3.4970126368425567,164087199.99819317
10,100,0.51,51 of 100,≥ 50,≥ 51,≥ 2,0.3,100000,2.20400e-5,-4.656788991883989,9.02525e-6,-5.044540948250599,1.00000e0,-7.105427357601002e-15,15.6,164087200.0,1698.9022182746282,709.1384391318314,1151200.000001235,3619.9134972973516,1482.476360734451,164087199.99999768
10,100,0.51,51 of 100,≥ 50,≥ 51,≥ 2,0.33,100000,3.21247e-4,-3.4931609077114096,1.50232e-4,-3.8232379395813716,1.00000e0,0.0,15.6,164087200.0,23145.044544815915,11083.193110915758,1151200.000000018,52747.250216965775,24669.27780785495,164087199.99999997
10,100,0.51,51 of 100,≥ 50,≥ 51,≥ 2,0.4,100000,2.70931e-2,-1.5671409062124972,1.67572e-2,-1.7757983634385788,1.00000e0,0.0,15.6,164087200.0,1518517.9633816779,984930.8004254763,1151199.9999999998,4446631.482193888,2750378.2055815435,164087200.0
10,100,0.51,51 of 100,≥ 50,≥ 51,≥ 2,0.45,100000,1.82716e-1,-0.7382227558314476,1.34564e-1,-0.871070194793699,1.00000e0,0.0,15.6,164087200.0,7242071.27891343,5812835.707014065,1151200.0000000005,29983356.186232448,22082234.00863059,164087200.0
