wcs_per_kwc,members,quorum,approvals,attacker_fraction,failure_target,minimum_online_fraction,status,p_fail_at_full_uptime
3,30,2/3,20 of 30,0.0,0.01,0.8245,reachable,0
3,30,2/3,20 of 30,0.0,0.001,0.8684,reachable,0
3,30,2/3,20 of 30,0.1,0.01,0.9161,reachable,8.90779e-5
3,30,2/3,20 of 30,0.1,0.001,0.9649,reachable,8.90779e-5
3,30,2/3,20 of 30,0.2,0.01,,not reachable,2.56163e-2
3,30,2/3,20 of 30,0.2,0.001,,not reachable,2.56163e-2
3,30,2/3,20 of 30,0.25,0.01,,not reachable,1.05728e-1
3,30,2/3,20 of 30,0.25,0.001,,not reachable,1.05728e-1
3,30,2/3,20 of 30,0.33,0.01,,not reachable,3.99981e-1
3,30,2/3,20 of 30,0.33,0.001,,not reachable,3.99981e-1
3,30,0.51,16 of 30,0.0,0.01,0.7161,reachable,0
3,30,0.51,16 of 30,0.0,0.001,0.7724,reachable,0
3,30,0.51,16 of 30,0.1,0.01,0.7957,reachable,3.55948e-8
3,30,0.51,16 of 30,0.1,0.001,0.8583,reachable,3.55948e-8
3,30,0.51,16 of 30,0.2,0.01,0.8952,reachable,2.31226e-4
3,30,0.51,16 of 30,0.2,0.001,0.9655,reachable,2.31226e-4
3,30,0.51,16 of 30,0.25,0.01,0.9548,reachable,2.74953e-3
3,30,0.51,16 of 30,0.25,0.001,,not reachable,2.74953e-3
3,30,0.51,16 of 30,0.33,0.01,,not reachable,3.98980e-2
3,30,0.51,16 of 30,0.33,0.001,,not reachable,3.98980e-2
4,40,2/3,27 of 40,0.0,0.01,0.815,reachable,0
4,40,2/3,27 of 40,0.0,0.001,0.8551,reachable,0
4,40,2/3,27 of 40,0.1,0.01,0.9055,reachable,1.84747e-5
4,40,2/3,27 of 40,0.1,0.001,0.9501,reachable,1.84747e-5
4,40,2/3,27 of 40,0.2,0.01,,not reachable,1.94074e-2
4,40,2/3,27 of 40,0.2,0.001,,not reachable,1.94074e-2
4,40,2/3,27 of 40,0.25,0.01,,not reachable,1.03232e-1
4,40,2/3,27 of 40,0.25,0.001,,not reachable,1.03232e-1
4,40,2/3,27 of 40,0.33,0.01,,not reachable,4.52351e-1
4,40,2/3,27 of 40,0.33,0.001,,not reachable,4.52351e-1
4,40,0.51,21 of 40,0.0,0.01,0.6881,reachable,0
4,40,0.51,21 of 40,0.0,0.001,0.7397,reachable,0
4,40,0.51,21 of 40,0.1,0.01,0.7646,reachable,1.87186e-10
4,40,0.51,21 of 40,0.1,0.001,0.8219,reachable,1.87186e-10
4,40,0.51,21 of 40,0.2,0.01,0.8602,reachable,2.16919e-5
4,40,0.51,21 of 40,0.2,0.001,0.9246,reachable,2.16919e-5
4,40,0.51,21 of 40,0.25,0.01,0.9175,reachable,5.72431e-4
4,40,0.51,21 of 40,0.25,0.001,0.9862,reachable,5.72431e-4
4,40,0.51,21 of 40,0.33,0.01,,not reachable,1.91677e-2
4,40,0.51,21 of 40,0.33,0.001,,not reachable,1.91677e-2
5,50,2/3,34 of 50,0.0,0.01,0.8074,reachable,0
5,50,2/3,34 of 50,0.0,0.001,0.8446,reachable,0
5,50,2/3,34 of 50,0.1,0.01,0.8971,reachable,3.80274e-6
5,50,2/3,34 of 50,0.1,0.001,0.9384,reachable,3.80274e-6
5,50,2/3,34 of 50,0.2,0.01,,not reachable,1.44417e-2
5,50,2/3,34 of 50,0.2,0.001,,not reachable,1.44417e-2
5,50,2/3,34 of 50,0.25,0.01,,not reachable,9.83073e-2
5,50,2/3,34 of 50,0.25,0.001,,not reachable,9.83073e-2
5,50,2/3,34 of 50,0.33,0.01,,not reachable,4.93133e-1
5,50,2/3,34 of 50,0.33,0.001,,not reachable,4.93133e-1
5,50,0.51,26 of 50,0.0,0.01,0.6686,reachable,0
5,50,0.51,26 of 50,0.0,0.001,0.7163,reachable,0
5,50,0.51,26 of 50,0.1,0.01,0.7429,reachable,1.01498e-12
5,50,0.51,26 of 50,0.1,0.001,0.7959,reachable,1.01498e-12
5,50,0.51,26 of 50,0.2,0.01,0.8358,reachable,2.09485e-6
5,50,0.51,26 of 50,0.2,0.001,0.8953,reachable,2.09485e-6
5,50,0.51,26 of 50,0.25,0.01,0.8915,reachable,1.22513e-4
5,50,0.51,26 of 50,0.25,0.001,0.955,reachable,1.22513e-4
5,50,0.51,26 of 50,0.33,0.01,0.998,reachable,9.43204e-3
5,50,0.51,26 of 50,0.33,0.001,,not reachable,9.43204e-3
6,60,2/3,40 of 60,0.0,0.01,0.7873,reachable,0
6,60,2/3,40 of 60,0.0,0.001,0.8233,reachable,0
6,60,2/3,40 of 60,0.1,0.01,0.8748,reachable,1.62665e-7
6,60,2/3,40 of 60,0.1,0.001,0.9148,reachable,1.62665e-7
6,60,2/3,40 of 60,0.2,0.01,0.9841,reachable,4.82572e-3
6,60,2/3,40 of 60,0.2,0.001,,not reachable,4.82572e-3
6,60,2/3,40 of 60,0.25,0.01,,not reachable,5.41439e-2
6,60,2/3,40 of 60,0.25,0.001,,not reachable,5.41439e-2
6,60,2/3,40 of 60,0.33,0.01,,not reachable,4.18006e-1
6,60,2/3,40 of 60,0.33,0.001,,not reachable,4.18006e-1
6,60,0.51,31 of 60,0.0,0.01,0.6541,reachable,0
6,60,0.51,31 of 60,0.0,0.001,0.6985,reachable,0
6,60,0.51,31 of 60,0.1,0.01,0.7268,reachable,5.61234e-15
6,60,0.51,31 of 60,0.1,0.001,0.7761,reachable,5.61234e-15
6,60,0.51,31 of 60,0.2,0.01,0.8176,reachable,2.06122e-7
6,60,0.51,31 of 60,0.2,0.001,0.8731,reachable,2.06122e-7
6,60,0.51,31 of 60,0.25,0.01,0.8721,reachable,2.66943e-5
6,60,0.51,31 of 60,0.25,0.001,0.9314,reachable,2.66943e-5
6,60,0.51,31 of 60,0.33,0.01,0.9762,reachable,4.71492e-3
6,60,0.51,31 of 60,0.33,0.001,,not reachable,4.71492e-3
8,80,2/3,54 of 80,0.0,0.01,0.7809,reachable,0
8,80,2/3,54 of 80,0.0,0.001,0.813,reachable,0
8,80,2/3,54 of 80,0.1,0.01,0.8676,reachable,7.28917e-9
8,80,2/3,54 of 80,0.1,0.001,0.9033,reachable,7.28917e-9
8,80,2/3,54 of 80,0.2,0.01,0.9761,reachable,2.76477e-3
8,80,2/3,54 of 80,0.2,0.001,,not reachable,2.76477e-3
8,80,2/3,54 of 80,0.25,0.01,,not reachable,4.98872e-2
8,80,2/3,54 of 80,0.25,0.001,,not reachable,4.98872e-2
8,80,2/3,54 of 80,0.33,0.01,,not reachable,4.85123e-1
8,80,2/3,54 of 80,0.33,0.001,,not reachable,4.85123e-1
8,80,0.51,41 of 80,0.0,0.01,0.6335,reachable,0
8,80,0.51,41 of 80,0.0,0.001,0.673,reachable,0
8,80,0.51,41 of 80,0.1,0.01,0.7039,reachable,1.78100e-19
8,80,0.51,41 of 80,0.1,0.001,0.7478,reachable,1.78100e-19
8,80,0.51,41 of 80,0.2,0.01,0.7918,reachable,2.06821e-9
8,80,0.51,41 of 80,0.2,0.001,0.8412,reachable,2.06821e-9
8,80,0.51,41 of 80,0.25,0.01,0.8446,reachable,1.31175e-6
8,80,0.51,41 of 80,0.25,0.001,0.8973,reachable,1.31175e-6
8,80,0.51,41 of 80,0.33,0.01,0.9455,reachable,1.21488e-3
8,80,0.51,41 of 80,0.33,0.001,,not reachable,1.21488e-3
10,100,2/3,67 of 100,0.0,0.01,0.7669,reachable,0
10,100,2/3,67 of 100,0.0,0.001,0.7967,reachable,0
10,100,2/3,67 of 100,0.1,0.01,0.8521,reachable,6.99580e-11
10,100,2/3,67 of 100,0.1,0.001,0.8852,reachable,6.99580e-11
10,100,2/3,67 of 100,0.2,0.01,0.9586,reachable,7.36884e-4
10,100,2/3,67 of 100,0.2,0.001,0.9959,reachable,7.36884e-4
10,100,2/3,67 of 100,0.25,0.01,,not reachable,2.75946e-2
10,100,2/3,67 of 100,0.25,0.001,,not reachable,2.75946e-2
10,100,2/3,67 of 100,0.33,0.01,,not reachable,4.52952e-1
10,100,2/3,67 of 100,0.33,0.001,,not reachable,4.52952e-1
10,100,0.51,51 of 100,0.0,0.01,0.6193,reachable,0
10,100,0.51,51 of 100,0.0,0.001,0.6553,reachable,0
10,100,0.51,51 of 100,0.1,0.01,0.6881,reachable,5.83204e-24
10,100,0.51,51 of 100,0.1,0.001,0.7281,reachable,5.83204e-24
10,100,0.51,51 of 100,0.2,0.01,0.7742,reachable,2.13925e-11
10,100,0.51,51 of 100,0.2,0.001,0.8191,reachable,2.13925e-11
10,100,0.51,51 of 100,0.25,0.01,0.8258,reachable,6.63850e-8
10,100,0.51,51 of 100,0.25,0.001,0.8737,reachable,6.63850e-8
10,100,0.51,51 of 100,0.33,0.01,0.9244,reachable,3.21459e-4
10,100,0.51,51 of 100,0.33,0.001,0.978,reachable,3.21459e-4
