wcs_per_kwc,members,policy,unregistered_per_wc,miners_per_wc,registered_share,miners_watched_per_node,connections_per_miner,hashes_per_second_per_node,peer_connections_option_1,peer_connections_option_2,registered_cadence_s,bandwidth_bytes_per_s,network_miner_capacity,wcs,registered_capacity_per_registered_id
3,30,A: 250 miners per WC,,250.0,0.8,750.0,30,750.0,69,0,1.0,178475.0,25000000.0,100000,20.0
3,30,A: 250 miners per WC,,250.0,0.8,750.0,30,750.0,69,0,5.0,36875.0,25000000.0,100000,20.0
3,30,"B: each node watches 1,000 miners",,333.3333333333333,0.7999999999999999,1000.0,30,1000.0,69,0,1.0,237966.66666666663,33333333.333333332,100000,26.666666666666664
3,30,"B: each node watches 1,000 miners",,333.3333333333333,0.7999999999999999,1000.0,30,1000.0,69,0,5.0,49166.666666666664,33333333.333333332,100000,26.666666666666664
3,30,C: 14 registered + 50 unregistered per WC,50,64.0,0.21875,192.0,30,192.0,69,0,1.0,13865.0,6400000.0,100000,1.4
3,30,C: 14 registered + 50 unregistered per WC,50,64.0,0.21875,192.0,30,192.0,69,0,5.0,3953.0,6400000.0,100000,1.4
3,30,C: 14 registered + 100 unregistered per WC,100,114.0,0.12280701754385964,342.0,30,342.0,69,0,1.0,15339.999999999998,11400000.0,100000,1.4
3,30,C: 14 registered + 100 unregistered per WC,100,114.0,0.12280701754385964,342.0,30,342.0,69,0,5.0,5428.0,11400000.0,100000,1.4
3,30,C: 14 registered + 235 unregistered per WC,235,249.0,0.05622489959839357,747.0,30,747.0,69,0,1.0,19322.5,24900000.0,100000,1.4
3,30,C: 14 registered + 235 unregistered per WC,235,249.0,0.05622489959839357,747.0,30,747.0,69,0,5.0,9410.5,24900000.0,100000,1.4
4,40,A: 250 miners per WC,,250.0,0.8,1000.0,40,1000.0,129,0,1.0,237966.66666666666,25000000.0,100000,20.0
4,40,A: 250 miners per WC,,250.0,0.8,1000.0,40,1000.0,129,0,5.0,49166.66666666667,25000000.0,100000,20.0
4,40,"B: each node watches 1,000 miners",,250.0,0.8,1000.0,40,1000.0,129,0,1.0,237966.66666666666,25000000.0,100000,20.0
4,40,"B: each node watches 1,000 miners",,250.0,0.8,1000.0,40,1000.0,129,0,5.0,49166.66666666667,25000000.0,100000,20.0
4,40,C: 14 registered + 50 unregistered per WC,50,64.0,0.21875,256.0,40,256.0,129,0,1.0,18486.666666666668,6400000.0,100000,1.4
4,40,C: 14 registered + 50 unregistered per WC,50,64.0,0.21875,256.0,40,256.0,129,0,5.0,5270.666666666667,6400000.0,100000,1.4
4,40,C: 14 registered + 100 unregistered per WC,100,114.0,0.12280701754385964,456.0,40,456.0,129,0,1.0,20453.333333333332,11400000.0,100000,1.4
4,40,C: 14 registered + 100 unregistered per WC,100,114.0,0.12280701754385964,456.0,40,456.0,129,0,5.0,7237.333333333333,11400000.0,100000,1.4
4,40,C: 14 registered + 235 unregistered per WC,235,249.0,0.05622489959839357,996.0,40,996.0,129,0,1.0,25763.333333333336,24900000.0,100000,1.4
4,40,C: 14 registered + 235 unregistered per WC,235,249.0,0.05622489959839357,996.0,40,996.0,129,0,5.0,12547.333333333334,24900000.0,100000,1.4
5,50,A: 250 miners per WC,,250.0,0.8,1250.0,50,1250.0,209,0,1.0,297458.3333333333,25000000.0,100000,20.0
5,50,A: 250 miners per WC,,250.0,0.8,1250.0,50,1250.0,209,0,5.0,61458.333333333336,25000000.0,100000,20.0
5,50,"B: each node watches 1,000 miners",,200.0,0.8,1000.0,50,1000.0,209,0,1.0,237966.66666666666,20000000.0,100000,16.0
5,50,"B: each node watches 1,000 miners",,200.0,0.8,1000.0,50,1000.0,209,0,5.0,49166.66666666667,20000000.0,100000,16.0
5,50,C: 14 registered + 50 unregistered per WC,50,64.0,0.21875,320.0,50,320.0,209,0,1.0,23108.333333333336,6400000.0,100000,1.4
5,50,C: 14 registered + 50 unregistered per WC,50,64.0,0.21875,320.0,50,320.0,209,0,5.0,6588.333333333334,6400000.0,100000,1.4
5,50,C: 14 registered + 100 unregistered per WC,100,114.0,0.12280701754385964,570.0,50,570.0,209,0,1.0,25566.666666666664,11400000.0,100000,1.4
5,50,C: 14 registered + 100 unregistered per WC,100,114.0,0.12280701754385964,570.0,50,570.0,209,0,5.0,9046.666666666666,11400000.0,100000,1.4
5,50,C: 14 registered + 235 unregistered per WC,235,249.0,0.05622489959839357,1245.0,50,1245.0,209,0,1.0,32204.166666666668,24900000.0,100000,1.4
5,50,C: 14 registered + 235 unregistered per WC,235,249.0,0.05622489959839357,1245.0,50,1245.0,209,0,5.0,15684.166666666668,24900000.0,100000,1.4
6,60,A: 250 miners per WC,,250.0,0.8,1500.0,60,1500.0,309,0,1.0,356950.0,25000000.0,100000,20.0
6,60,A: 250 miners per WC,,250.0,0.8,1500.0,60,1500.0,309,0,5.0,73750.0,25000000.0,100000,20.0
6,60,"B: each node watches 1,000 miners",,166.66666666666666,0.7999999999999999,1000.0,60,1000.0,309,0,1.0,237966.66666666663,16666666.666666666,100000,13.333333333333332
6,60,"B: each node watches 1,000 miners",,166.66666666666666,0.7999999999999999,1000.0,60,1000.0,309,0,5.0,49166.666666666664,16666666.666666666,100000,13.333333333333332
6,60,C: 14 registered + 50 unregistered per WC,50,64.0,0.21875,384.0,60,384.0,309,0,1.0,27730.0,6400000.0,100000,1.4
6,60,C: 14 registered + 50 unregistered per WC,50,64.0,0.21875,384.0,60,384.0,309,0,5.0,7906.0,6400000.0,100000,1.4
6,60,C: 14 registered + 100 unregistered per WC,100,114.0,0.12280701754385964,684.0,60,684.0,309,0,1.0,30679.999999999996,11400000.0,100000,1.4
6,60,C: 14 registered + 100 unregistered per WC,100,114.0,0.12280701754385964,684.0,60,684.0,309,0,5.0,10856.0,11400000.0,100000,1.4
6,60,C: 14 registered + 235 unregistered per WC,235,249.0,0.05622489959839357,1494.0,60,1494.0,309,0,1.0,38645.0,24900000.0,100000,1.4
6,60,C: 14 registered + 235 unregistered per WC,235,249.0,0.05622489959839357,1494.0,60,1494.0,309,0,5.0,18821.0,24900000.0,100000,1.4
8,80,A: 250 miners per WC,,250.0,0.8,2000.0,80,2000.0,569,0,1.0,475933.3333333333,25000000.0,100000,20.0
8,80,A: 250 miners per WC,,250.0,0.8,2000.0,80,2000.0,569,0,5.0,98333.33333333334,25000000.0,100000,20.0
8,80,"B: each node watches 1,000 miners",,125.0,0.8,1000.0,80,1000.0,569,0,1.0,237966.66666666666,12500000.0,100000,10.0
8,80,"B: each node watches 1,000 miners",,125.0,0.8,1000.0,80,1000.0,569,0,5.0,49166.66666666667,12500000.0,100000,10.0
8,80,C: 14 registered + 50 unregistered per WC,50,64.0,0.21875,512.0,80,512.0,569,0,1.0,36973.333333333336,6400000.0,100000,1.4
8,80,C: 14 registered + 50 unregistered per WC,50,64.0,0.21875,512.0,80,512.0,569,0,5.0,10541.333333333334,6400000.0,100000,1.4
8,80,C: 14 registered + 100 unregistered per WC,100,114.0,0.12280701754385964,912.0,80,912.0,569,0,1.0,40906.666666666664,11400000.0,100000,1.4
8,80,C: 14 registered + 100 unregistered per WC,100,114.0,0.12280701754385964,912.0,80,912.0,569,0,5.0,14474.666666666666,11400000.0,100000,1.4
8,80,C: 14 registered + 235 unregistered per WC,235,249.0,0.05622489959839357,1992.0,80,1992.0,569,0,1.0,51526.66666666667,24900000.0,100000,1.4
8,80,C: 14 registered + 235 unregistered per WC,235,249.0,0.05622489959839357,1992.0,80,1992.0,569,0,5.0,25094.666666666668,24900000.0,100000,1.4
10,100,A: 250 miners per WC,,250.0,0.8,2500.0,100,2500.0,909,0,1.0,594916.6666666666,25000000.0,100000,20.0
10,100,A: 250 miners per WC,,250.0,0.8,2500.0,100,2500.0,909,0,5.0,122916.66666666667,25000000.0,100000,20.0
10,100,"B: each node watches 1,000 miners",,100.0,0.8,1000.0,100,1000.0,909,0,1.0,237966.66666666666,10000000.0,100000,8.0
10,100,"B: each node watches 1,000 miners",,100.0,0.8,1000.0,100,1000.0,909,0,5.0,49166.66666666667,10000000.0,100000,8.0
10,100,C: 14 registered + 50 unregistered per WC,50,64.0,0.21875,640.0,100,640.0,909,0,1.0,46216.66666666667,6400000.0,100000,1.4
10,100,C: 14 registered + 50 unregistered per WC,50,64.0,0.21875,640.0,100,640.0,909,0,5.0,13176.666666666668,6400000.0,100000,1.4
10,100,C: 14 registered + 100 unregistered per WC,100,114.0,0.12280701754385964,1140.0,100,1140.0,909,0,1.0,51133.33333333333,11400000.0,100000,1.4
10,100,C: 14 registered + 100 unregistered per WC,100,114.0,0.12280701754385964,1140.0,100,1140.0,909,0,5.0,18093.333333333332,11400000.0,100000,1.4
10,100,C: 14 registered + 235 unregistered per WC,235,249.0,0.05622489959839357,2490.0,100,2490.0,909,0,1.0,64408.333333333336,24900000.0,100000,1.4
10,100,C: 14 registered + 235 unregistered per WC,235,249.0,0.05622489959839357,2490.0,100,2490.0,909,0,5.0,31368.333333333336,24900000.0,100000,1.4
