wcs_per_kwc,members,policy,unregistered_per_wc,miners_per_wc,absences_per_id_per_year,session_changes_per_miner_per_day,ban_rate_per_year,neighbours,one_chance_per_hour,decisions_per_hour,bans_per_hour,catch_up_per_hour,total_per_hour,standing_peers_option_1
3,30,A: 250 miners per WC,,250.0,1.0,2.0,0.0,69,0.007876712328767124,120.83333333333333,0.0,0.0018264840182648401,120.84303652968036,69
3,30,A: 250 miners per WC,,250.0,1.0,2.0,0.01,69,0.007876712328767124,120.83333333333333,0.00006621004566210045,0.0018264840182648401,120.84310273972602,69
3,30,A: 250 miners per WC,,250.0,1.0,2.0,0.05,69,0.007876712328767124,120.83333333333333,0.0003310502283105023,0.0018264840182648401,120.84336757990867,69
3,30,A: 250 miners per WC,,250.0,1.0,8.0,0.0,69,0.007876712328767124,483.3333333333333,0.0,0.0018264840182648401,483.3430365296803,69
3,30,A: 250 miners per WC,,250.0,1.0,8.0,0.01,69,0.007876712328767124,483.3333333333333,0.00006621004566210045,0.0018264840182648401,483.34310273972596,69
3,30,A: 250 miners per WC,,250.0,1.0,8.0,0.05,69,0.007876712328767124,483.3333333333333,0.0003310502283105023,0.0018264840182648401,483.3433675799086,69
3,30,A: 250 miners per WC,,250.0,4.0,2.0,0.0,69,0.031506849315068496,120.83333333333333,0.0,0.0073059360730593605,120.87214611872145,69
3,30,A: 250 miners per WC,,250.0,4.0,2.0,0.01,69,0.031506849315068496,120.83333333333333,0.00006621004566210045,0.0073059360730593605,120.8722123287671,69
3,30,A: 250 miners per WC,,250.0,4.0,2.0,0.05,69,0.031506849315068496,120.83333333333333,0.0003310502283105023,0.0073059360730593605,120.87247716894976,69
3,30,A: 250 miners per WC,,250.0,4.0,8.0,0.0,69,0.031506849315068496,483.3333333333333,0.0,0.0073059360730593605,483.37214611872145,69
3,30,A: 250 miners per WC,,250.0,4.0,8.0,0.01,69,0.031506849315068496,483.3333333333333,0.00006621004566210045,0.0073059360730593605,483.3722123287671,69
3,30,A: 250 miners per WC,,250.0,4.0,8.0,0.05,69,0.031506849315068496,483.3333333333333,0.0003310502283105023,0.0073059360730593605,483.37247716894973,69
3,30,"B: each node watches 1,000 miners",,333.3333333333333,1.0,2.0,0.0,69,0.007876712328767124,161.11111111111111,0.0,0.0018264840182648401,161.12081430745815,69
3,30,"B: each node watches 1,000 miners",,333.3333333333333,1.0,2.0,0.01,69,0.007876712328767124,161.11111111111111,0.00006621004566210045,0.0018264840182648401,161.12088051750382,69
3,30,"B: each node watches 1,000 miners",,333.3333333333333,1.0,2.0,0.05,69,0.007876712328767124,161.11111111111111,0.0003310502283105023,0.0018264840182648401,161.12114535768646,69
3,30,"B: each node watches 1,000 miners",,333.3333333333333,1.0,8.0,0.0,69,0.007876712328767124,644.4444444444445,0.0,0.0018264840182648401,644.4541476407915,69
3,30,"B: each node watches 1,000 miners",,333.3333333333333,1.0,8.0,0.01,69,0.007876712328767124,644.4444444444445,0.00006621004566210045,0.0018264840182648401,644.4542138508372,69
3,30,"B: each node watches 1,000 miners",,333.3333333333333,1.0,8.0,0.05,69,0.007876712328767124,644.4444444444445,0.0003310502283105023,0.0018264840182648401,644.4544786910197,69
3,30,"B: each node watches 1,000 miners",,333.3333333333333,4.0,2.0,0.0,69,0.031506849315068496,161.11111111111111,0.0,0.0073059360730593605,161.14992389649925,69
3,30,"B: each node watches 1,000 miners",,333.3333333333333,4.0,2.0,0.01,69,0.031506849315068496,161.11111111111111,0.00006621004566210045,0.0073059360730593605,161.14999010654492,69
3,30,"B: each node watches 1,000 miners",,333.3333333333333,4.0,2.0,0.05,69,0.031506849315068496,161.11111111111111,0.0003310502283105023,0.0073059360730593605,161.15025494672756,69
3,30,"B: each node watches 1,000 miners",,333.3333333333333,4.0,8.0,0.0,69,0.031506849315068496,644.4444444444445,0.0,0.0073059360730593605,644.4832572298326,69
3,30,"B: each node watches 1,000 miners",,333.3333333333333,4.0,8.0,0.01,69,0.031506849315068496,644.4444444444445,0.00006621004566210045,0.0073059360730593605,644.4833234398783,69
3,30,"B: each node watches 1,000 miners",,333.3333333333333,4.0,8.0,0.05,69,0.031506849315068496,644.4444444444445,0.0003310502283105023,0.0073059360730593605,644.4835882800609,69
3,30,C: 14 registered + 50 unregistered per WC,50,64.0,1.0,2.0,0.0,69,0.007876712328767124,30.933333333333334,0.0,0.0018264840182648401,30.943036529680363,69
3,30,C: 14 registered + 50 unregistered per WC,50,64.0,1.0,2.0,0.01,69,0.007876712328767124,30.933333333333334,0.00006621004566210045,0.0018264840182648401,30.943102739726026,69
3,30,C: 14 registered + 50 unregistered per WC,50,64.0,1.0,2.0,0.05,69,0.007876712328767124,30.933333333333334,0.0003310502283105023,0.0018264840182648401,30.943367579908674,69
3,30,C: 14 registered + 50 unregistered per WC,50,64.0,1.0,8.0,0.0,69,0.007876712328767124,123.73333333333333,0.0,0.0018264840182648401,123.74303652968037,69
3,30,C: 14 registered + 50 unregistered per WC,50,64.0,1.0,8.0,0.01,69,0.007876712328767124,123.73333333333333,0.00006621004566210045,0.0018264840182648401,123.74310273972603,69
3,30,C: 14 registered + 50 unregistered per WC,50,64.0,1.0,8.0,0.05,69,0.007876712328767124,123.73333333333333,0.0003310502283105023,0.0018264840182648401,123.74336757990868,69
3,30,C: 14 registered + 50 unregistered per WC,50,64.0,4.0,2.0,0.0,69,0.031506849315068496,30.933333333333334,0.0,0.0073059360730593605,30.97214611872146,69
3,30,C: 14 registered + 50 unregistered per WC,50,64.0,4.0,2.0,0.01,69,0.031506849315068496,30.933333333333334,0.00006621004566210045,0.0073059360730593605,30.972212328767124,69
3,30,C: 14 registered + 50 unregistered per WC,50,64.0,4.0,2.0,0.05,69,0.031506849315068496,30.933333333333334,0.0003310502283105023,0.0073059360730593605,30.972477168949773,69
3,30,C: 14 registered + 50 unregistered per WC,50,64.0,4.0,8.0,0.0,69,0.031506849315068496,123.73333333333333,0.0,0.0073059360730593605,123.77214611872145,69
3,30,C: 14 registered + 50 unregistered per WC,50,64.0,4.0,8.0,0.01,69,0.031506849315068496,123.73333333333333,0.00006621004566210045,0.0073059360730593605,123.77221232876711,69
3,30,C: 14 registered + 50 unregistered per WC,50,64.0,4.0,8.0,0.05,69,0.031506849315068496,123.73333333333333,0.0003310502283105023,0.0073059360730593605,123.77247716894976,69
3,30,C: 14 registered + 100 unregistered per WC,100,114.0,1.0,2.0,0.0,69,0.007876712328767124,55.1,0.0,0.0018264840182648401,55.109703196347034,69
3,30,C: 14 registered + 100 unregistered per WC,100,114.0,1.0,2.0,0.01,69,0.007876712328767124,55.1,0.00006621004566210045,0.0018264840182648401,55.109769406392694,69
3,30,C: 14 registered + 100 unregistered per WC,100,114.0,1.0,2.0,0.05,69,0.007876712328767124,55.1,0.0003310502283105023,0.0018264840182648401,55.110034246575346,69
3,30,C: 14 registered + 100 unregistered per WC,100,114.0,1.0,8.0,0.0,69,0.007876712328767124,220.4,0.0,0.0018264840182648401,220.40970319634704,69
3,30,C: 14 registered + 100 unregistered per WC,100,114.0,1.0,8.0,0.01,69,0.007876712328767124,220.4,0.00006621004566210045,0.0018264840182648401,220.4097694063927,69
3,30,C: 14 registered + 100 unregistered per WC,100,114.0,1.0,8.0,0.05,69,0.007876712328767124,220.4,0.0003310502283105023,0.0018264840182648401,220.41003424657535,69
3,30,C: 14 registered + 100 unregistered per WC,100,114.0,4.0,2.0,0.0,69,0.031506849315068496,55.1,0.0,0.0073059360730593605,55.13881278538813,69
3,30,C: 14 registered + 100 unregistered per WC,100,114.0,4.0,2.0,0.01,69,0.031506849315068496,55.1,0.00006621004566210045,0.0073059360730593605,55.13887899543379,69
3,30,C: 14 registered + 100 unregistered per WC,100,114.0,4.0,2.0,0.05,69,0.031506849315068496,55.1,0.0003310502283105023,0.0073059360730593605,55.139143835616444,69
3,30,C: 14 registered + 100 unregistered per WC,100,114.0,4.0,8.0,0.0,69,0.031506849315068496,220.4,0.0,0.0073059360730593605,220.43881278538814,69
3,30,C: 14 registered + 100 unregistered per WC,100,114.0,4.0,8.0,0.01,69,0.031506849315068496,220.4,0.00006621004566210045,0.0073059360730593605,220.4388789954338,69
3,30,C: 14 registered + 100 unregistered per WC,100,114.0,4.0,8.0,0.05,69,0.031506849315068496,220.4,0.0003310502283105023,0.0073059360730593605,220.43914383561645,69
3,30,C: 14 registered + 235 unregistered per WC,235,249.0,1.0,2.0,0.0,69,0.007876712328767124,120.35,0.0,0.0018264840182648401,120.35970319634703,69
3,30,C: 14 registered + 235 unregistered per WC,235,249.0,1.0,2.0,0.01,69,0.007876712328767124,120.35,0.00006621004566210045,0.0018264840182648401,120.35976940639269,69
3,30,C: 14 registered + 235 unregistered per WC,235,249.0,1.0,2.0,0.05,69,0.007876712328767124,120.35,0.0003310502283105023,0.0018264840182648401,120.36003424657534,69
3,30,C: 14 registered + 235 unregistered per WC,235,249.0,1.0,8.0,0.0,69,0.007876712328767124,481.4,0.0,0.0018264840182648401,481.409703196347,69
3,30,C: 14 registered + 235 unregistered per WC,235,249.0,1.0,8.0,0.01,69,0.007876712328767124,481.4,0.00006621004566210045,0.0018264840182648401,481.4097694063926,69
3,30,C: 14 registered + 235 unregistered per WC,235,249.0,1.0,8.0,0.05,69,0.007876712328767124,481.4,0.0003310502283105023,0.0018264840182648401,481.41003424657526,69
3,30,C: 14 registered + 235 unregistered per WC,235,249.0,4.0,2.0,0.0,69,0.031506849315068496,120.35,0.0,0.0073059360730593605,120.38881278538811,69
3,30,C: 14 registered + 235 unregistered per WC,235,249.0,4.0,2.0,0.01,69,0.031506849315068496,120.35,0.00006621004566210045,0.0073059360730593605,120.38887899543377,69
3,30,C: 14 registered + 235 unregistered per WC,235,249.0,4.0,2.0,0.05,69,0.031506849315068496,120.35,0.0003310502283105023,0.0073059360730593605,120.38914383561642,69
3,30,C: 14 registered + 235 unregistered per WC,235,249.0,4.0,8.0,0.0,69,0.031506849315068496,481.4,0.0,0.0073059360730593605,481.4388127853881,69
3,30,C: 14 registered + 235 unregistered per WC,235,249.0,4.0,8.0,0.01,69,0.031506849315068496,481.4,0.00006621004566210045,0.0073059360730593605,481.43887899543375,69
3,30,C: 14 registered + 235 unregistered per WC,235,249.0,4.0,8.0,0.05,69,0.031506849315068496,481.4,0.0003310502283105023,0.0073059360730593605,481.4391438356164,69
4,40,A: 250 miners per WC,,250.0,1.0,2.0,0.0,129,0.014726027397260274,162.5,0.0,0.0018264840182648401,162.51655251141554,129
4,40,A: 250 miners per WC,,250.0,1.0,2.0,0.01,129,0.014726027397260274,162.5,0.00008904109589041096,0.0018264840182648401,162.51664155251143,129
4,40,A: 250 miners per WC,,250.0,1.0,2.0,0.05,129,0.014726027397260274,162.5,0.0004452054794520548,0.0018264840182648401,162.516997716895,129
4,40,A: 250 miners per WC,,250.0,1.0,8.0,0.0,129,0.014726027397260274,650.0,0.0,0.0018264840182648401,650.0165525114155,129
4,40,A: 250 miners per WC,,250.0,1.0,8.0,0.01,129,0.014726027397260274,650.0,0.00008904109589041096,0.0018264840182648401,650.0166415525114,129
4,40,A: 250 miners per WC,,250.0,1.0,8.0,0.05,129,0.014726027397260274,650.0,0.0004452054794520548,0.0018264840182648401,650.0169977168949,129
4,40,A: 250 miners per WC,,250.0,4.0,2.0,0.0,129,0.0589041095890411,162.5,0.0,0.0073059360730593605,162.5662100456621,129
4,40,A: 250 miners per WC,,250.0,4.0,2.0,0.01,129,0.0589041095890411,162.5,0.00008904109589041096,0.0073059360730593605,162.566299086758,129
4,40,A: 250 miners per WC,,250.0,4.0,2.0,0.05,129,0.0589041095890411,162.5,0.0004452054794520548,0.0073059360730593605,162.56665525114155,129
4,40,A: 250 miners per WC,,250.0,4.0,8.0,0.0,129,0.0589041095890411,650.0,0.0,0.0073059360730593605,650.0662100456622,129
4,40,A: 250 miners per WC,,250.0,4.0,8.0,0.01,129,0.0589041095890411,650.0,0.00008904109589041096,0.0073059360730593605,650.066299086758,129
4,40,A: 250 miners per WC,,250.0,4.0,8.0,0.05,129,0.0589041095890411,650.0,0.0004452054794520548,0.0073059360730593605,650.0666552511416,129
4,40,"B: each node watches 1,000 miners",,250.0,1.0,2.0,0.0,129,0.014726027397260274,162.5,0.0,0.0018264840182648401,162.51655251141554,129
4,40,"B: each node watches 1,000 miners",,250.0,1.0,2.0,0.01,129,0.014726027397260274,162.5,0.00008904109589041096,0.0018264840182648401,162.51664155251143,129
4,40,"B: each node watches 1,000 miners",,250.0,1.0,2.0,0.05,129,0.014726027397260274,162.5,0.0004452054794520548,0.0018264840182648401,162.516997716895,129
4,40,"B: each node watches 1,000 miners",,250.0,1.0,8.0,0.0,129,0.014726027397260274,650.0,0.0,0.0018264840182648401,650.0165525114155,129
4,40,"B: each node watches 1,000 miners",,250.0,1.0,8.0,0.01,129,0.014726027397260274,650.0,0.00008904109589041096,0.0018264840182648401,650.0166415525114,129
4,40,"B: each node watches 1,000 miners",,250.0,1.0,8.0,0.05,129,0.014726027397260274,650.0,0.0004452054794520548,0.0018264840182648401,650.0169977168949,129
4,40,"B: each node watches 1,000 miners",,250.0,4.0,2.0,0.0,129,0.0589041095890411,162.5,0.0,0.0073059360730593605,162.5662100456621,129
4,40,"B: each node watches 1,000 miners",,250.0,4.0,2.0,0.01,129,0.0589041095890411,162.5,0.00008904109589041096,0.0073059360730593605,162.566299086758,129
4,40,"B: each node watches 1,000 miners",,250.0,4.0,2.0,0.05,129,0.0589041095890411,162.5,0.0004452054794520548,0.0073059360730593605,162.56665525114155,129
4,40,"B: each node watches 1,000 miners",,250.0,4.0,8.0,0.0,129,0.0589041095890411,650.0,0.0,0.0073059360730593605,650.0662100456622,129
4,40,"B: each node watches 1,000 miners",,250.0,4.0,8.0,0.01,129,0.0589041095890411,650.0,0.00008904109589041096,0.0073059360730593605,650.066299086758,129
4,40,"B: each node watches 1,000 miners",,250.0,4.0,8.0,0.05,129,0.0589041095890411,650.0,0.0004452054794520548,0.0073059360730593605,650.0666552511416,129
4,40,C: 14 registered + 50 unregistered per WC,50,64.0,1.0,2.0,0.0,129,0.014726027397260274,41.599999999999994,0.0,0.0018264840182648401,41.61655251141552,129
4,40,C: 14 registered + 50 unregistered per WC,50,64.0,1.0,2.0,0.01,129,0.014726027397260274,41.599999999999994,0.00008904109589041096,0.0018264840182648401,41.61664155251141,129
4,40,C: 14 registered + 50 unregistered per WC,50,64.0,1.0,2.0,0.05,129,0.014726027397260274,41.599999999999994,0.0004452054794520548,0.0018264840182648401,41.61699771689497,129
4,40,C: 14 registered + 50 unregistered per WC,50,64.0,1.0,8.0,0.0,129,0.014726027397260274,166.39999999999998,0.0,0.0018264840182648401,166.41655251141552,129
4,40,C: 14 registered + 50 unregistered per WC,50,64.0,1.0,8.0,0.01,129,0.014726027397260274,166.39999999999998,0.00008904109589041096,0.0018264840182648401,166.4166415525114,129
4,40,C: 14 registered + 50 unregistered per WC,50,64.0,1.0,8.0,0.05,129,0.014726027397260274,166.39999999999998,0.0004452054794520548,0.0018264840182648401,166.41699771689497,129
4,40,C: 14 registered + 50 unregistered per WC,50,64.0,4.0,2.0,0.0,129,0.0589041095890411,41.599999999999994,0.0,0.0073059360730593605,41.6662100456621,129
4,40,C: 14 registered + 50 unregistered per WC,50,64.0,4.0,2.0,0.01,129,0.0589041095890411,41.599999999999994,0.00008904109589041096,0.0073059360730593605,41.66629908675799,129
4,40,C: 14 registered + 50 unregistered per WC,50,64.0,4.0,2.0,0.05,129,0.0589041095890411,41.599999999999994,0.0004452054794520548,0.0073059360730593605,41.66665525114155,129
4,40,C: 14 registered + 50 unregistered per WC,50,64.0,4.0,8.0,0.0,129,0.0589041095890411,166.39999999999998,0.0,0.0073059360730593605,166.46621004566208,129
4,40,C: 14 registered + 50 unregistered per WC,50,64.0,4.0,8.0,0.01,129,0.0589041095890411,166.39999999999998,0.00008904109589041096,0.0073059360730593605,166.46629908675797,129
4,40,C: 14 registered + 50 unregistered per WC,50,64.0,4.0,8.0,0.05,129,0.0589041095890411,166.39999999999998,0.0004452054794520548,0.0073059360730593605,166.46665525114153,129
4,40,C: 14 registered + 100 unregistered per WC,100,114.0,1.0,2.0,0.0,129,0.014726027397260274,74.1,0.0,0.0018264840182648401,74.11655251141552,129
4,40,C: 14 registered + 100 unregistered per WC,100,114.0,1.0,2.0,0.01,129,0.014726027397260274,74.1,0.00008904109589041096,0.0018264840182648401,74.11664155251141,129
4,40,C: 14 registered + 100 unregistered per WC,100,114.0,1.0,2.0,0.05,129,0.014726027397260274,74.1,0.0004452054794520548,0.0018264840182648401,74.11699771689497,129
4,40,C: 14 registered + 100 unregistered per WC,100,114.0,1.0,8.0,0.0,129,0.014726027397260274,296.4,0.0,0.0018264840182648401,296.4165525114155,129
4,40,C: 14 registered + 100 unregistered per WC,100,114.0,1.0,8.0,0.01,129,0.014726027397260274,296.4,0.00008904109589041096,0.0018264840182648401,296.4166415525114,129
4,40,C: 14 registered + 100 unregistered per WC,100,114.0,1.0,8.0,0.05,129,0.014726027397260274,296.4,0.0004452054794520548,0.0018264840182648401,296.41699771689497,129
4,40,C: 14 registered + 100 unregistered per WC,100,114.0,4.0,2.0,0.0,129,0.0589041095890411,74.1,0.0,0.0073059360730593605,74.16621004566208,129
4,40,C: 14 registered + 100 unregistered per WC,100,114.0,4.0,2.0,0.01,129,0.0589041095890411,74.1,0.00008904109589041096,0.0073059360730593605,74.16629908675797,129
4,40,C: 14 registered + 100 unregistered per WC,100,114.0,4.0,2.0,0.05,129,0.0589041095890411,74.1,0.0004452054794520548,0.0073059360730593605,74.16665525114153,129
4,40,C: 14 registered + 100 unregistered per WC,100,114.0,4.0,8.0,0.0,129,0.0589041095890411,296.4,0.0,0.0073059360730593605,296.4662100456621,129
4,40,C: 14 registered + 100 unregistered per WC,100,114.0,4.0,8.0,0.01,129,0.0589041095890411,296.4,0.00008904109589041096,0.0073059360730593605,296.466299086758,129
4,40,C: 14 registered + 100 unregistered per WC,100,114.0,4.0,8.0,0.05,129,0.0589041095890411,296.4,0.0004452054794520548,0.0073059360730593605,296.46665525114156,129
4,40,C: 14 registered + 235 unregistered per WC,235,249.0,1.0,2.0,0.0,129,0.014726027397260274,161.85,0.0,0.0018264840182648401,161.86655251141553,129
4,40,C: 14 registered + 235 unregistered per WC,235,249.0,1.0,2.0,0.01,129,0.014726027397260274,161.85,0.00008904109589041096,0.0018264840182648401,161.86664155251142,129
4,40,C: 14 registered + 235 unregistered per WC,235,249.0,1.0,2.0,0.05,129,0.014726027397260274,161.85,0.0004452054794520548,0.0018264840182648401,161.86699771689499,129
4,40,C: 14 registered + 235 unregistered per WC,235,249.0,1.0,8.0,0.0,129,0.014726027397260274,647.4,0.0,0.0018264840182648401,647.4165525114155,129
4,40,C: 14 registered + 235 unregistered per WC,235,249.0,1.0,8.0,0.01,129,0.014726027397260274,647.4,0.00008904109589041096,0.0018264840182648401,647.4166415525114,129
4,40,C: 14 registered + 235 unregistered per WC,235,249.0,1.0,8.0,0.05,129,0.014726027397260274,647.4,0.0004452054794520548,0.0018264840182648401,647.4169977168949,129
4,40,C: 14 registered + 235 unregistered per WC,235,249.0,4.0,2.0,0.0,129,0.0589041095890411,161.85,0.0,0.0073059360730593605,161.9162100456621,129
4,40,C: 14 registered + 235 unregistered per WC,235,249.0,4.0,2.0,0.01,129,0.0589041095890411,161.85,0.00008904109589041096,0.0073059360730593605,161.916299086758,129
4,40,C: 14 registered + 235 unregistered per WC,235,249.0,4.0,2.0,0.05,129,0.0589041095890411,161.85,0.0004452054794520548,0.0073059360730593605,161.91665525114155,129
4,40,C: 14 registered + 235 unregistered per WC,235,249.0,4.0,8.0,0.0,129,0.0589041095890411,647.4,0.0,0.0073059360730593605,647.4662100456621,129
4,40,C: 14 registered + 235 unregistered per WC,235,249.0,4.0,8.0,0.01,129,0.0589041095890411,647.4,0.00008904109589041096,0.0073059360730593605,647.466299086758,129
4,40,C: 14 registered + 235 unregistered per WC,235,249.0,4.0,8.0,0.05,129,0.0589041095890411,647.4,0.0004452054794520548,0.0073059360730593605,647.4666552511416,129
5,50,A: 250 miners per WC,,250.0,1.0,2.0,0.0,209,0.023858447488584476,204.16666666666669,0.0,0.0018264840182648401,204.19235159817353,209
5,50,A: 250 miners per WC,,250.0,1.0,2.0,0.01,209,0.023858447488584476,204.16666666666669,0.00011187214611872145,0.0018264840182648401,204.19246347031964,209
5,50,A: 250 miners per WC,,250.0,1.0,2.0,0.05,209,0.023858447488584476,204.16666666666669,0.0005593607305936073,0.0018264840182648401,204.19291095890412,209
5,50,A: 250 miners per WC,,250.0,1.0,8.0,0.0,209,0.023858447488584476,816.6666666666667,0.0,0.0018264840182648401,816.6923515981736,209
5,50,A: 250 miners per WC,,250.0,1.0,8.0,0.01,209,0.023858447488584476,816.6666666666667,0.00011187214611872145,0.0018264840182648401,816.6924634703197,209
5,50,A: 250 miners per WC,,250.0,1.0,8.0,0.05,209,0.023858447488584476,816.6666666666667,0.0005593607305936073,0.0018264840182648401,816.6929109589041,209
5,50,A: 250 miners per WC,,250.0,4.0,2.0,0.0,209,0.0954337899543379,204.16666666666669,0.0,0.0073059360730593605,204.2694063926941,209
5,50,A: 250 miners per WC,,250.0,4.0,2.0,0.01,209,0.0954337899543379,204.16666666666669,0.00011187214611872145,0.0073059360730593605,204.2695182648402,209
5,50,A: 250 miners per WC,,250.0,4.0,2.0,0.05,209,0.0954337899543379,204.16666666666669,0.0005593607305936073,0.0073059360730593605,204.26996575342469,209
5,50,A: 250 miners per WC,,250.0,4.0,8.0,0.0,209,0.0954337899543379,816.6666666666667,0.0,0.0073059360730593605,816.7694063926941,209
5,50,A: 250 miners per WC,,250.0,4.0,8.0,0.01,209,0.0954337899543379,816.6666666666667,0.00011187214611872145,0.0073059360730593605,816.7695182648403,209
5,50,A: 250 miners per WC,,250.0,4.0,8.0,0.05,209,0.0954337899543379,816.6666666666667,0.0005593607305936073,0.0073059360730593605,816.7699657534247,209
5,50,"B: each node watches 1,000 miners",,200.0,1.0,2.0,0.0,209,0.023858447488584476,163.33333333333331,0.0,0.0018264840182648401,163.35901826484016,209
5,50,"B: each node watches 1,000 miners",,200.0,1.0,2.0,0.01,209,0.023858447488584476,163.33333333333331,0.00011187214611872145,0.0018264840182648401,163.35913013698627,209
5,50,"B: each node watches 1,000 miners",,200.0,1.0,2.0,0.05,209,0.023858447488584476,163.33333333333331,0.0005593607305936073,0.0018264840182648401,163.35957762557075,209
5,50,"B: each node watches 1,000 miners",,200.0,1.0,8.0,0.0,209,0.023858447488584476,653.3333333333333,0.0,0.0018264840182648401,653.3590182648401,209
5,50,"B: each node watches 1,000 miners",,200.0,1.0,8.0,0.01,209,0.023858447488584476,653.3333333333333,0.00011187214611872145,0.0018264840182648401,653.3591301369862,209
5,50,"B: each node watches 1,000 miners",,200.0,1.0,8.0,0.05,209,0.023858447488584476,653.3333333333333,0.0005593607305936073,0.0018264840182648401,653.3595776255706,209
5,50,"B: each node watches 1,000 miners",,200.0,4.0,2.0,0.0,209,0.0954337899543379,163.33333333333331,0.0,0.0073059360730593605,163.43607305936072,209
5,50,"B: each node watches 1,000 miners",,200.0,4.0,2.0,0.01,209,0.0954337899543379,163.33333333333331,0.00011187214611872145,0.0073059360730593605,163.43618493150683,209
5,50,"B: each node watches 1,000 miners",,200.0,4.0,2.0,0.05,209,0.0954337899543379,163.33333333333331,0.0005593607305936073,0.0073059360730593605,163.4366324200913,209
5,50,"B: each node watches 1,000 miners",,200.0,4.0,8.0,0.0,209,0.0954337899543379,653.3333333333333,0.0,0.0073059360730593605,653.4360730593606,209
5,50,"B: each node watches 1,000 miners",,200.0,4.0,8.0,0.01,209,0.0954337899543379,653.3333333333333,0.00011187214611872145,0.0073059360730593605,653.4361849315068,209
5,50,"B: each node watches 1,000 miners",,200.0,4.0,8.0,0.05,209,0.0954337899543379,653.3333333333333,0.0005593607305936073,0.0073059360730593605,653.4366324200912,209
5,50,C: 14 registered + 50 unregistered per WC,50,64.0,1.0,2.0,0.0,209,0.023858447488584476,52.266666666666666,0.0,0.0018264840182648401,52.29235159817352,209
5,50,C: 14 registered + 50 unregistered per WC,50,64.0,1.0,2.0,0.01,209,0.023858447488584476,52.266666666666666,0.00011187214611872145,0.0018264840182648401,52.29246347031964,209
5,50,C: 14 registered + 50 unregistered per WC,50,64.0,1.0,2.0,0.05,209,0.023858447488584476,52.266666666666666,0.0005593607305936073,0.0018264840182648401,52.29291095890411,209
5,50,C: 14 registered + 50 unregistered per WC,50,64.0,1.0,8.0,0.0,209,0.023858447488584476,209.06666666666666,0.0,0.0018264840182648401,209.0923515981735,209
5,50,C: 14 registered + 50 unregistered per WC,50,64.0,1.0,8.0,0.01,209,0.023858447488584476,209.06666666666666,0.00011187214611872145,0.0018264840182648401,209.09246347031961,209
5,50,C: 14 registered + 50 unregistered per WC,50,64.0,1.0,8.0,0.05,209,0.023858447488584476,209.06666666666666,0.0005593607305936073,0.0018264840182648401,209.0929109589041,209
5,50,C: 14 registered + 50 unregistered per WC,50,64.0,4.0,2.0,0.0,209,0.0954337899543379,52.266666666666666,0.0,0.0073059360730593605,52.36940639269406,209
5,50,C: 14 registered + 50 unregistered per WC,50,64.0,4.0,2.0,0.01,209,0.0954337899543379,52.266666666666666,0.00011187214611872145,0.0073059360730593605,52.36951826484018,209
5,50,C: 14 registered + 50 unregistered per WC,50,64.0,4.0,2.0,0.05,209,0.0954337899543379,52.266666666666666,0.0005593607305936073,0.0073059360730593605,52.36996575342465,209
5,50,C: 14 registered + 50 unregistered per WC,50,64.0,4.0,8.0,0.0,209,0.0954337899543379,209.06666666666666,0.0,0.0073059360730593605,209.16940639269407,209
5,50,C: 14 registered + 50 unregistered per WC,50,64.0,4.0,8.0,0.01,209,0.0954337899543379,209.06666666666666,0.00011187214611872145,0.0073059360730593605,209.16951826484018,209
5,50,C: 14 registered + 50 unregistered per WC,50,64.0,4.0,8.0,0.05,209,0.0954337899543379,209.06666666666666,0.0005593607305936073,0.0073059360730593605,209.16996575342466,209
5,50,C: 14 registered + 100 unregistered per WC,100,114.0,1.0,2.0,0.0,209,0.023858447488584476,93.1,0.0,0.0018264840182648401,93.12568493150684,209
5,50,C: 14 registered + 100 unregistered per WC,100,114.0,1.0,2.0,0.01,209,0.023858447488584476,93.1,0.00011187214611872145,0.0018264840182648401,93.12579680365296,209
5,50,C: 14 registered + 100 unregistered per WC,100,114.0,1.0,2.0,0.05,209,0.023858447488584476,93.1,0.0005593607305936073,0.0018264840182648401,93.12624429223743,209
5,50,C: 14 registered + 100 unregistered per WC,100,114.0,1.0,8.0,0.0,209,0.023858447488584476,372.4,0.0,0.0018264840182648401,372.4256849315068,209
5,50,C: 14 registered + 100 unregistered per WC,100,114.0,1.0,8.0,0.01,209,0.023858447488584476,372.4,0.00011187214611872145,0.0018264840182648401,372.42579680365293,209
5,50,C: 14 registered + 100 unregistered per WC,100,114.0,1.0,8.0,0.05,209,0.023858447488584476,372.4,0.0005593607305936073,0.0018264840182648401,372.4262442922374,209
5,50,C: 14 registered + 100 unregistered per WC,100,114.0,4.0,2.0,0.0,209,0.0954337899543379,93.1,0.0,0.0073059360730593605,93.20273972602739,209
5,50,C: 14 registered + 100 unregistered per WC,100,114.0,4.0,2.0,0.01,209,0.0954337899543379,93.1,0.00011187214611872145,0.0073059360730593605,93.20285159817351,209
5,50,C: 14 registered + 100 unregistered per WC,100,114.0,4.0,2.0,0.05,209,0.0954337899543379,93.1,0.0005593607305936073,0.0073059360730593605,93.20329908675798,209
5,50,C: 14 registered + 100 unregistered per WC,100,114.0,4.0,8.0,0.0,209,0.0954337899543379,372.4,0.0,0.0073059360730593605,372.50273972602736,209
5,50,C: 14 registered + 100 unregistered per WC,100,114.0,4.0,8.0,0.01,209,0.0954337899543379,372.4,0.00011187214611872145,0.0073059360730593605,372.5028515981735,209
5,50,C: 14 registered + 100 unregistered per WC,100,114.0,4.0,8.0,0.05,209,0.0954337899543379,372.4,0.0005593607305936073,0.0073059360730593605,372.503299086758,209
5,50,C: 14 registered + 235 unregistered per WC,235,249.0,1.0,2.0,0.0,209,0.023858447488584476,203.35,0.0,0.0018264840182648401,203.37568493150684,209
5,50,C: 14 registered + 235 unregistered per WC,235,249.0,1.0,2.0,0.01,209,0.023858447488584476,203.35,0.00011187214611872145,0.0018264840182648401,203.37579680365295,209
5,50,C: 14 registered + 235 unregistered per WC,235,249.0,1.0,2.0,0.05,209,0.023858447488584476,203.35,0.0005593607305936073,0.0018264840182648401,203.37624429223743,209
5,50,C: 14 registered + 235 unregistered per WC,235,249.0,1.0,8.0,0.0,209,0.023858447488584476,813.4,0.0,0.0018264840182648401,813.4256849315068,209
5,50,C: 14 registered + 235 unregistered per WC,235,249.0,1.0,8.0,0.01,209,0.023858447488584476,813.4,0.00011187214611872145,0.0018264840182648401,813.4257968036529,209
5,50,C: 14 registered + 235 unregistered per WC,235,249.0,1.0,8.0,0.05,209,0.023858447488584476,813.4,0.0005593607305936073,0.0018264840182648401,813.4262442922374,209
5,50,C: 14 registered + 235 unregistered per WC,235,249.0,4.0,2.0,0.0,209,0.0954337899543379,203.35,0.0,0.0073059360730593605,203.4527397260274,209
5,50,C: 14 registered + 235 unregistered per WC,235,249.0,4.0,2.0,0.01,209,0.0954337899543379,203.35,0.00011187214611872145,0.0073059360730593605,203.4528515981735,209
5,50,C: 14 registered + 235 unregistered per WC,235,249.0,4.0,2.0,0.05,209,0.0954337899543379,203.35,0.0005593607305936073,0.0073059360730593605,203.453299086758,209
5,50,C: 14 registered + 235 unregistered per WC,235,249.0,4.0,8.0,0.0,209,0.0954337899543379,813.4,0.0,0.0073059360730593605,813.5027397260274,209
5,50,C: 14 registered + 235 unregistered per WC,235,249.0,4.0,8.0,0.01,209,0.0954337899543379,813.4,0.00011187214611872145,0.0073059360730593605,813.5028515981735,209
5,50,C: 14 registered + 235 unregistered per WC,235,249.0,4.0,8.0,0.05,209,0.0954337899543379,813.4,0.0005593607305936073,0.0073059360730593605,813.5032990867579,209
6,60,A: 250 miners per WC,,250.0,1.0,2.0,0.0,309,0.03527397260273973,245.83333333333331,0.0,0.0018264840182648401,245.87043378995432,309
6,60,A: 250 miners per WC,,250.0,1.0,2.0,0.01,309,0.03527397260273973,245.83333333333331,0.00013470319634703194,0.0018264840182648401,245.87056849315067,309
6,60,A: 250 miners per WC,,250.0,1.0,2.0,0.05,309,0.03527397260273973,245.83333333333331,0.0006735159817351598,0.0018264840182648401,245.87110730593605,309
6,60,A: 250 miners per WC,,250.0,1.0,8.0,0.0,309,0.03527397260273973,983.3333333333333,0.0,0.0018264840182648401,983.3704337899543,309
6,60,A: 250 miners per WC,,250.0,1.0,8.0,0.01,309,0.03527397260273973,983.3333333333333,0.00013470319634703194,0.0018264840182648401,983.3705684931506,309
6,60,A: 250 miners per WC,,250.0,1.0,8.0,0.05,309,0.03527397260273973,983.3333333333333,0.0006735159817351598,0.0018264840182648401,983.371107305936,309
6,60,A: 250 miners per WC,,250.0,4.0,2.0,0.0,309,0.1410958904109589,245.83333333333331,0.0,0.0073059360730593605,245.98173515981733,309
6,60,A: 250 miners per WC,,250.0,4.0,2.0,0.01,309,0.1410958904109589,245.83333333333331,0.00013470319634703194,0.0073059360730593605,245.98186986301369,309
6,60,A: 250 miners per WC,,250.0,4.0,2.0,0.05,309,0.1410958904109589,245.83333333333331,0.0006735159817351598,0.0073059360730593605,245.98240867579906,309
6,60,A: 250 miners per WC,,250.0,4.0,8.0,0.0,309,0.1410958904109589,983.3333333333333,0.0,0.0073059360730593605,983.4817351598173,309
6,60,A: 250 miners per WC,,250.0,4.0,8.0,0.01,309,0.1410958904109589,983.3333333333333,0.00013470319634703194,0.0073059360730593605,983.4818698630136,309
6,60,A: 250 miners per WC,,250.0,4.0,8.0,0.05,309,0.1410958904109589,983.3333333333333,0.0006735159817351598,0.0073059360730593605,983.482408675799,309
6,60,"B: each node watches 1,000 miners",,166.66666666666666,1.0,2.0,0.0,309,0.03527397260273973,163.88888888888886,0.0,0.0018264840182648401,163.92598934550986,309
6,60,"B: each node watches 1,000 miners",,166.66666666666666,1.0,2.0,0.01,309,0.03527397260273973,163.88888888888886,0.00013470319634703194,0.0018264840182648401,163.9261240487062,309
6,60,"B: each node watches 1,000 miners",,166.66666666666666,1.0,2.0,0.05,309,0.03527397260273973,163.88888888888886,0.0006735159817351598,0.0018264840182648401,163.9266628614916,309
6,60,"B: each node watches 1,000 miners",,166.66666666666666,1.0,8.0,0.0,309,0.03527397260273973,655.5555555555554,0.0,0.0018264840182648401,655.5926560121765,309
6,60,"B: each node watches 1,000 miners",,166.66666666666666,1.0,8.0,0.01,309,0.03527397260273973,655.5555555555554,0.00013470319634703194,0.0018264840182648401,655.5927907153728,309
6,60,"B: each node watches 1,000 miners",,166.66666666666666,1.0,8.0,0.05,309,0.03527397260273973,655.5555555555554,0.0006735159817351598,0.0018264840182648401,655.5933295281582,309
6,60,"B: each node watches 1,000 miners",,166.66666666666666,4.0,2.0,0.0,309,0.1410958904109589,163.88888888888886,0.0,0.0073059360730593605,164.03729071537288,309
6,60,"B: each node watches 1,000 miners",,166.66666666666666,4.0,2.0,0.01,309,0.1410958904109589,163.88888888888886,0.00013470319634703194,0.0073059360730593605,164.03742541856923,309
6,60,"B: each node watches 1,000 miners",,166.66666666666666,4.0,2.0,0.05,309,0.1410958904109589,163.88888888888886,0.0006735159817351598,0.0073059360730593605,164.0379642313546,309
6,60,"B: each node watches 1,000 miners",,166.66666666666666,4.0,8.0,0.0,309,0.1410958904109589,655.5555555555554,0.0,0.0073059360730593605,655.7039573820394,309
6,60,"B: each node watches 1,000 miners",,166.66666666666666,4.0,8.0,0.01,309,0.1410958904109589,655.5555555555554,0.00013470319634703194,0.0073059360730593605,655.7040920852357,309
6,60,"B: each node watches 1,000 miners",,166.66666666666666,4.0,8.0,0.05,309,0.1410958904109589,655.5555555555554,0.0006735159817351598,0.0073059360730593605,655.7046308980212,309
6,60,C: 14 registered + 50 unregistered per WC,50,64.0,1.0,2.0,0.0,309,0.03527397260273973,62.93333333333333,0.0,0.0018264840182648401,62.970433789954335,309
6,60,C: 14 registered + 50 unregistered per WC,50,64.0,1.0,2.0,0.01,309,0.03527397260273973,62.93333333333333,0.00013470319634703194,0.0018264840182648401,62.97056849315068,309
6,60,C: 14 registered + 50 unregistered per WC,50,64.0,1.0,2.0,0.05,309,0.03527397260273973,62.93333333333333,0.0006735159817351598,0.0018264840182648401,62.97110730593607,309
6,60,C: 14 registered + 50 unregistered per WC,50,64.0,1.0,8.0,0.0,309,0.03527397260273973,251.73333333333332,0.0,0.0018264840182648401,251.77043378995432,309
6,60,C: 14 registered + 50 unregistered per WC,50,64.0,1.0,8.0,0.01,309,0.03527397260273973,251.73333333333332,0.00013470319634703194,0.0018264840182648401,251.77056849315068,309
6,60,C: 14 registered + 50 unregistered per WC,50,64.0,1.0,8.0,0.05,309,0.03527397260273973,251.73333333333332,0.0006735159817351598,0.0018264840182648401,251.77110730593606,309
6,60,C: 14 registered + 50 unregistered per WC,50,64.0,4.0,2.0,0.0,309,0.1410958904109589,62.93333333333333,0.0,0.0073059360730593605,63.08173515981735,309
6,60,C: 14 registered + 50 unregistered per WC,50,64.0,4.0,2.0,0.01,309,0.1410958904109589,62.93333333333333,0.00013470319634703194,0.0073059360730593605,63.081869863013694,309
6,60,C: 14 registered + 50 unregistered per WC,50,64.0,4.0,2.0,0.05,309,0.1410958904109589,62.93333333333333,0.0006735159817351598,0.0073059360730593605,63.08240867579909,309
6,60,C: 14 registered + 50 unregistered per WC,50,64.0,4.0,8.0,0.0,309,0.1410958904109589,251.73333333333332,0.0,0.0073059360730593605,251.88173515981734,309
6,60,C: 14 registered + 50 unregistered per WC,50,64.0,4.0,8.0,0.01,309,0.1410958904109589,251.73333333333332,0.00013470319634703194,0.0073059360730593605,251.8818698630137,309
6,60,C: 14 registered + 50 unregistered per WC,50,64.0,4.0,8.0,0.05,309,0.1410958904109589,251.73333333333332,0.0006735159817351598,0.0073059360730593605,251.88240867579907,309
6,60,C: 14 registered + 100 unregistered per WC,100,114.0,1.0,2.0,0.0,309,0.03527397260273973,112.1,0.0,0.0018264840182648401,112.137100456621,309
6,60,C: 14 registered + 100 unregistered per WC,100,114.0,1.0,2.0,0.01,309,0.03527397260273973,112.1,0.00013470319634703194,0.0018264840182648401,112.13723515981735,309
6,60,C: 14 registered + 100 unregistered per WC,100,114.0,1.0,2.0,0.05,309,0.03527397260273973,112.1,0.0006735159817351598,0.0018264840182648401,112.13777397260273,309
6,60,C: 14 registered + 100 unregistered per WC,100,114.0,1.0,8.0,0.0,309,0.03527397260273973,448.4,0.0,0.0018264840182648401,448.43710045662095,309
6,60,C: 14 registered + 100 unregistered per WC,100,114.0,1.0,8.0,0.01,309,0.03527397260273973,448.4,0.00013470319634703194,0.0018264840182648401,448.4372351598173,309
6,60,C: 14 registered + 100 unregistered per WC,100,114.0,1.0,8.0,0.05,309,0.03527397260273973,448.4,0.0006735159817351598,0.0018264840182648401,448.4377739726027,309
6,60,C: 14 registered + 100 unregistered per WC,100,114.0,4.0,2.0,0.0,309,0.1410958904109589,112.1,0.0,0.0073059360730593605,112.248401826484,309
6,60,C: 14 registered + 100 unregistered per WC,100,114.0,4.0,2.0,0.01,309,0.1410958904109589,112.1,0.00013470319634703194,0.0073059360730593605,112.24853652968035,309
6,60,C: 14 registered + 100 unregistered per WC,100,114.0,4.0,2.0,0.05,309,0.1410958904109589,112.1,0.0006735159817351598,0.0073059360730593605,112.24907534246573,309
6,60,C: 14 registered + 100 unregistered per WC,100,114.0,4.0,8.0,0.0,309,0.1410958904109589,448.4,0.0,0.0073059360730593605,448.548401826484,309
6,60,C: 14 registered + 100 unregistered per WC,100,114.0,4.0,8.0,0.01,309,0.1410958904109589,448.4,0.00013470319634703194,0.0073059360730593605,448.54853652968035,309
6,60,C: 14 registered + 100 unregistered per WC,100,114.0,4.0,8.0,0.05,309,0.1410958904109589,448.4,0.0006735159817351598,0.0073059360730593605,448.54907534246576,309
6,60,C: 14 registered + 235 unregistered per WC,235,249.0,1.0,2.0,0.0,309,0.03527397260273973,244.85,0.0,0.0018264840182648401,244.887100456621,309
6,60,C: 14 registered + 235 unregistered per WC,235,249.0,1.0,2.0,0.01,309,0.03527397260273973,244.85,0.00013470319634703194,0.0018264840182648401,244.88723515981735,309
6,60,C: 14 registered + 235 unregistered per WC,235,249.0,1.0,2.0,0.05,309,0.03527397260273973,244.85,0.0006735159817351598,0.0018264840182648401,244.88777397260273,309
6,60,C: 14 registered + 235 unregistered per WC,235,249.0,1.0,8.0,0.0,309,0.03527397260273973,979.4,0.0,0.0018264840182648401,979.437100456621,309
6,60,C: 14 registered + 235 unregistered per WC,235,249.0,1.0,8.0,0.01,309,0.03527397260273973,979.4,0.00013470319634703194,0.0018264840182648401,979.4372351598173,309
6,60,C: 14 registered + 235 unregistered per WC,235,249.0,1.0,8.0,0.05,309,0.03527397260273973,979.4,0.0006735159817351598,0.0018264840182648401,979.4377739726027,309
6,60,C: 14 registered + 235 unregistered per WC,235,249.0,4.0,2.0,0.0,309,0.1410958904109589,244.85,0.0,0.0073059360730593605,244.998401826484,309
6,60,C: 14 registered + 235 unregistered per WC,235,249.0,4.0,2.0,0.01,309,0.1410958904109589,244.85,0.00013470319634703194,0.0073059360730593605,244.99853652968036,309
6,60,C: 14 registered + 235 unregistered per WC,235,249.0,4.0,2.0,0.05,309,0.1410958904109589,244.85,0.0006735159817351598,0.0073059360730593605,244.99907534246574,309
6,60,C: 14 registered + 235 unregistered per WC,235,249.0,4.0,8.0,0.0,309,0.1410958904109589,979.4,0.0,0.0073059360730593605,979.548401826484,309
6,60,C: 14 registered + 235 unregistered per WC,235,249.0,4.0,8.0,0.01,309,0.1410958904109589,979.4,0.00013470319634703194,0.0073059360730593605,979.5485365296803,309
6,60,C: 14 registered + 235 unregistered per WC,235,249.0,4.0,8.0,0.05,309,0.1410958904109589,979.4,0.0006735159817351598,0.0073059360730593605,979.5490753424657,309
8,80,A: 250 miners per WC,,250.0,1.0,2.0,0.0,569,0.06495433789954339,329.1666666666667,0.0,0.0018264840182648401,329.2334474885845,569
8,80,A: 250 miners per WC,,250.0,1.0,2.0,0.01,569,0.06495433789954339,329.1666666666667,0.00018036529680365298,0.0018264840182648401,329.2336278538813,569
8,80,A: 250 miners per WC,,250.0,1.0,2.0,0.05,569,0.06495433789954339,329.1666666666667,0.0009018264840182648,0.0018264840182648401,329.2343493150685,569
8,80,A: 250 miners per WC,,250.0,1.0,8.0,0.0,569,0.06495433789954339,1316.6666666666667,0.0,0.0018264840182648401,1316.7334474885845,569
8,80,A: 250 miners per WC,,250.0,1.0,8.0,0.01,569,0.06495433789954339,1316.6666666666667,0.00018036529680365298,0.0018264840182648401,1316.7336278538812,569
8,80,A: 250 miners per WC,,250.0,1.0,8.0,0.05,569,0.06495433789954339,1316.6666666666667,0.0009018264840182648,0.0018264840182648401,1316.7343493150686,569
8,80,A: 250 miners per WC,,250.0,4.0,2.0,0.0,569,0.25981735159817354,329.1666666666667,0.0,0.0073059360730593605,329.43378995433795,569
8,80,A: 250 miners per WC,,250.0,4.0,2.0,0.01,569,0.25981735159817354,329.1666666666667,0.00018036529680365298,0.0073059360730593605,329.43397031963474,569
8,80,A: 250 miners per WC,,250.0,4.0,2.0,0.05,569,0.25981735159817354,329.1666666666667,0.0009018264840182648,0.0073059360730593605,329.434691780822,569
8,80,A: 250 miners per WC,,250.0,4.0,8.0,0.0,569,0.25981735159817354,1316.6666666666667,0.0,0.0073059360730593605,1316.933789954338,569
8,80,A: 250 miners per WC,,250.0,4.0,8.0,0.01,569,0.25981735159817354,1316.6666666666667,0.00018036529680365298,0.0073059360730593605,1316.9339703196347,569
8,80,A: 250 miners per WC,,250.0,4.0,8.0,0.05,569,0.25981735159817354,1316.6666666666667,0.0009018264840182648,0.0073059360730593605,1316.934691780822,569
8,80,"B: each node watches 1,000 miners",,125.0,1.0,2.0,0.0,569,0.06495433789954339,164.58333333333334,0.0,0.0018264840182648401,164.65011415525115,569
8,80,"B: each node watches 1,000 miners",,125.0,1.0,2.0,0.01,569,0.06495433789954339,164.58333333333334,0.00018036529680365298,0.0018264840182648401,164.65029452054796,569
8,80,"B: each node watches 1,000 miners",,125.0,1.0,2.0,0.05,569,0.06495433789954339,164.58333333333334,0.0009018264840182648,0.0018264840182648401,164.65101598173516,569
8,80,"B: each node watches 1,000 miners",,125.0,1.0,8.0,0.0,569,0.06495433789954339,658.3333333333334,0.0,0.0018264840182648401,658.4001141552511,569
8,80,"B: each node watches 1,000 miners",,125.0,1.0,8.0,0.01,569,0.06495433789954339,658.3333333333334,0.00018036529680365298,0.0018264840182648401,658.400294520548,569
8,80,"B: each node watches 1,000 miners",,125.0,1.0,8.0,0.05,569,0.06495433789954339,658.3333333333334,0.0009018264840182648,0.0018264840182648401,658.4010159817351,569
8,80,"B: each node watches 1,000 miners",,125.0,4.0,2.0,0.0,569,0.25981735159817354,164.58333333333334,0.0,0.0073059360730593605,164.85045662100458,569
8,80,"B: each node watches 1,000 miners",,125.0,4.0,2.0,0.01,569,0.25981735159817354,164.58333333333334,0.00018036529680365298,0.0073059360730593605,164.8506369863014,569
8,80,"B: each node watches 1,000 miners",,125.0,4.0,2.0,0.05,569,0.25981735159817354,164.58333333333334,0.0009018264840182648,0.0073059360730593605,164.8513584474886,569
8,80,"B: each node watches 1,000 miners",,125.0,4.0,8.0,0.0,569,0.25981735159817354,658.3333333333334,0.0,0.0073059360730593605,658.6004566210046,569
8,80,"B: each node watches 1,000 miners",,125.0,4.0,8.0,0.01,569,0.25981735159817354,658.3333333333334,0.00018036529680365298,0.0073059360730593605,658.6006369863014,569
8,80,"B: each node watches 1,000 miners",,125.0,4.0,8.0,0.05,569,0.25981735159817354,658.3333333333334,0.0009018264840182648,0.0073059360730593605,658.6013584474886,569
8,80,C: 14 registered + 50 unregistered per WC,50,64.0,1.0,2.0,0.0,569,0.06495433789954339,84.26666666666667,0.0,0.0018264840182648401,84.33344748858448,569
8,80,C: 14 registered + 50 unregistered per WC,50,64.0,1.0,2.0,0.01,569,0.06495433789954339,84.26666666666667,0.00018036529680365298,0.0018264840182648401,84.33362785388128,569
8,80,C: 14 registered + 50 unregistered per WC,50,64.0,1.0,2.0,0.05,569,0.06495433789954339,84.26666666666667,0.0009018264840182648,0.0018264840182648401,84.33434931506851,569
8,80,C: 14 registered + 50 unregistered per WC,50,64.0,1.0,8.0,0.0,569,0.06495433789954339,337.06666666666666,0.0,0.0018264840182648401,337.13344748858447,569
8,80,C: 14 registered + 50 unregistered per WC,50,64.0,1.0,8.0,0.01,569,0.06495433789954339,337.06666666666666,0.00018036529680365298,0.0018264840182648401,337.13362785388125,569
8,80,C: 14 registered + 50 unregistered per WC,50,64.0,1.0,8.0,0.05,569,0.06495433789954339,337.06666666666666,0.0009018264840182648,0.0018264840182648401,337.1343493150685,569
8,80,C: 14 registered + 50 unregistered per WC,50,64.0,4.0,2.0,0.0,569,0.25981735159817354,84.26666666666667,0.0,0.0073059360730593605,84.53378995433789,569
8,80,C: 14 registered + 50 unregistered per WC,50,64.0,4.0,2.0,0.01,569,0.25981735159817354,84.26666666666667,0.00018036529680365298,0.0073059360730593605,84.53397031963469,569
8,80,C: 14 registered + 50 unregistered per WC,50,64.0,4.0,2.0,0.05,569,0.25981735159817354,84.26666666666667,0.0009018264840182648,0.0073059360730593605,84.53469178082192,569
8,80,C: 14 registered + 50 unregistered per WC,50,64.0,4.0,8.0,0.0,569,0.25981735159817354,337.06666666666666,0.0,0.0073059360730593605,337.33378995433793,569
8,80,C: 14 registered + 50 unregistered per WC,50,64.0,4.0,8.0,0.01,569,0.25981735159817354,337.06666666666666,0.00018036529680365298,0.0073059360730593605,337.3339703196347,569
8,80,C: 14 registered + 50 unregistered per WC,50,64.0,4.0,8.0,0.05,569,0.25981735159817354,337.06666666666666,0.0009018264840182648,0.0073059360730593605,337.33469178082197,569
8,80,C: 14 registered + 100 unregistered per WC,100,114.0,1.0,2.0,0.0,569,0.06495433789954339,150.1,0.0,0.0018264840182648401,150.1667808219178,569
8,80,C: 14 registered + 100 unregistered per WC,100,114.0,1.0,2.0,0.01,569,0.06495433789954339,150.1,0.00018036529680365298,0.0018264840182648401,150.1669611872146,569
8,80,C: 14 registered + 100 unregistered per WC,100,114.0,1.0,2.0,0.05,569,0.06495433789954339,150.1,0.0009018264840182648,0.0018264840182648401,150.1676826484018,569
8,80,C: 14 registered + 100 unregistered per WC,100,114.0,1.0,8.0,0.0,569,0.06495433789954339,600.4,0.0,0.0018264840182648401,600.4667808219177,569
8,80,C: 14 registered + 100 unregistered per WC,100,114.0,1.0,8.0,0.01,569,0.06495433789954339,600.4,0.00018036529680365298,0.0018264840182648401,600.4669611872146,569
8,80,C: 14 registered + 100 unregistered per WC,100,114.0,1.0,8.0,0.05,569,0.06495433789954339,600.4,0.0009018264840182648,0.0018264840182648401,600.4676826484017,569
8,80,C: 14 registered + 100 unregistered per WC,100,114.0,4.0,2.0,0.0,569,0.25981735159817354,150.1,0.0,0.0073059360730593605,150.36712328767123,569
8,80,C: 14 registered + 100 unregistered per WC,100,114.0,4.0,2.0,0.01,569,0.25981735159817354,150.1,0.00018036529680365298,0.0073059360730593605,150.36730365296805,569
8,80,C: 14 registered + 100 unregistered per WC,100,114.0,4.0,2.0,0.05,569,0.25981735159817354,150.1,0.0009018264840182648,0.0073059360730593605,150.36802511415524,569
8,80,C: 14 registered + 100 unregistered per WC,100,114.0,4.0,8.0,0.0,569,0.25981735159817354,600.4,0.0,0.0073059360730593605,600.6671232876712,569
8,80,C: 14 registered + 100 unregistered per WC,100,114.0,4.0,8.0,0.01,569,0.25981735159817354,600.4,0.00018036529680365298,0.0073059360730593605,600.667303652968,569
8,80,C: 14 registered + 100 unregistered per WC,100,114.0,4.0,8.0,0.05,569,0.25981735159817354,600.4,0.0009018264840182648,0.0073059360730593605,600.6680251141552,569
8,80,C: 14 registered + 235 unregistered per WC,235,249.0,1.0,2.0,0.0,569,0.06495433789954339,327.85,0.0,0.0018264840182648401,327.9167808219178,569
8,80,C: 14 registered + 235 unregistered per WC,235,249.0,1.0,2.0,0.01,569,0.06495433789954339,327.85,0.00018036529680365298,0.0018264840182648401,327.9169611872146,569
8,80,C: 14 registered + 235 unregistered per WC,235,249.0,1.0,2.0,0.05,569,0.06495433789954339,327.85,0.0009018264840182648,0.0018264840182648401,327.91768264840186,569
8,80,C: 14 registered + 235 unregistered per WC,235,249.0,1.0,8.0,0.0,569,0.06495433789954339,1311.4,0.0,0.0018264840182648401,1311.4667808219178,569
8,80,C: 14 registered + 235 unregistered per WC,235,249.0,1.0,8.0,0.01,569,0.06495433789954339,1311.4,0.00018036529680365298,0.0018264840182648401,1311.4669611872146,569
8,80,C: 14 registered + 235 unregistered per WC,235,249.0,1.0,8.0,0.05,569,0.06495433789954339,1311.4,0.0009018264840182648,0.0018264840182648401,1311.467682648402,569
8,80,C: 14 registered + 235 unregistered per WC,235,249.0,4.0,2.0,0.0,569,0.25981735159817354,327.85,0.0,0.0073059360730593605,328.1171232876713,569
8,80,C: 14 registered + 235 unregistered per WC,235,249.0,4.0,2.0,0.01,569,0.25981735159817354,327.85,0.00018036529680365298,0.0073059360730593605,328.1173036529681,569
8,80,C: 14 registered + 235 unregistered per WC,235,249.0,4.0,2.0,0.05,569,0.25981735159817354,327.85,0.0009018264840182648,0.0073059360730593605,328.11802511415533,569
8,80,C: 14 registered + 235 unregistered per WC,235,249.0,4.0,8.0,0.0,569,0.25981735159817354,1311.4,0.0,0.0073059360730593605,1311.6671232876713,569
8,80,C: 14 registered + 235 unregistered per WC,235,249.0,4.0,8.0,0.01,569,0.25981735159817354,1311.4,0.00018036529680365298,0.0073059360730593605,1311.667303652968,569
8,80,C: 14 registered + 235 unregistered per WC,235,249.0,4.0,8.0,0.05,569,0.25981735159817354,1311.4,0.0009018264840182648,0.0073059360730593605,1311.6680251141554,569
10,100,A: 250 miners per WC,,250.0,1.0,2.0,0.0,909,0.10376712328767124,412.5,0.0,0.0018264840182648401,412.60559360730593,909
10,100,A: 250 miners per WC,,250.0,1.0,2.0,0.01,909,0.10376712328767124,412.5,0.00022602739726027398,0.0018264840182648401,412.6058196347032,909
10,100,A: 250 miners per WC,,250.0,1.0,2.0,0.05,909,0.10376712328767124,412.5,0.0011301369863013697,0.0018264840182648401,412.60672374429225,909
10,100,A: 250 miners per WC,,250.0,1.0,8.0,0.0,909,0.10376712328767124,1650.0,0.0,0.0018264840182648401,1650.105593607306,909
10,100,A: 250 miners per WC,,250.0,1.0,8.0,0.01,909,0.10376712328767124,1650.0,0.00022602739726027398,0.0018264840182648401,1650.1058196347033,909
10,100,A: 250 miners per WC,,250.0,1.0,8.0,0.05,909,0.10376712328767124,1650.0,0.0011301369863013697,0.0018264840182648401,1650.1067237442924,909
10,100,A: 250 miners per WC,,250.0,4.0,2.0,0.0,909,0.41506849315068495,412.5,0.0,0.0073059360730593605,412.92237442922374,909
10,100,A: 250 miners per WC,,250.0,4.0,2.0,0.01,909,0.41506849315068495,412.5,0.00022602739726027398,0.0073059360730593605,412.922600456621,909
10,100,A: 250 miners per WC,,250.0,4.0,2.0,0.05,909,0.41506849315068495,412.5,0.0011301369863013697,0.0073059360730593605,412.92350456621006,909
10,100,A: 250 miners per WC,,250.0,4.0,8.0,0.0,909,0.41506849315068495,1650.0,0.0,0.0073059360730593605,1650.4223744292237,909
10,100,A: 250 miners per WC,,250.0,4.0,8.0,0.01,909,0.41506849315068495,1650.0,0.00022602739726027398,0.0073059360730593605,1650.422600456621,909
10,100,A: 250 miners per WC,,250.0,4.0,8.0,0.05,909,0.41506849315068495,1650.0,0.0011301369863013697,0.0073059360730593605,1650.42350456621,909
10,100,"B: each node watches 1,000 miners",,100.0,1.0,2.0,0.0,909,0.10376712328767124,165.0,0.0,0.0018264840182648401,165.10559360730593,909
10,100,"B: each node watches 1,000 miners",,100.0,1.0,2.0,0.01,909,0.10376712328767124,165.0,0.00022602739726027398,0.0018264840182648401,165.10581963470318,909
10,100,"B: each node watches 1,000 miners",,100.0,1.0,2.0,0.05,909,0.10376712328767124,165.0,0.0011301369863013697,0.0018264840182648401,165.10672374429222,909
10,100,"B: each node watches 1,000 miners",,100.0,1.0,8.0,0.0,909,0.10376712328767124,660.0,0.0,0.0018264840182648401,660.1055936073059,909
10,100,"B: each node watches 1,000 miners",,100.0,1.0,8.0,0.01,909,0.10376712328767124,660.0,0.00022602739726027398,0.0018264840182648401,660.1058196347032,909
10,100,"B: each node watches 1,000 miners",,100.0,1.0,8.0,0.05,909,0.10376712328767124,660.0,0.0011301369863013697,0.0018264840182648401,660.1067237442921,909
10,100,"B: each node watches 1,000 miners",,100.0,4.0,2.0,0.0,909,0.41506849315068495,165.0,0.0,0.0073059360730593605,165.42237442922377,909
10,100,"B: each node watches 1,000 miners",,100.0,4.0,2.0,0.01,909,0.41506849315068495,165.0,0.00022602739726027398,0.0073059360730593605,165.422600456621,909
10,100,"B: each node watches 1,000 miners",,100.0,4.0,2.0,0.05,909,0.41506849315068495,165.0,0.0011301369863013697,0.0073059360730593605,165.42350456621006,909
10,100,"B: each node watches 1,000 miners",,100.0,4.0,8.0,0.0,909,0.41506849315068495,660.0,0.0,0.0073059360730593605,660.4223744292237,909
10,100,"B: each node watches 1,000 miners",,100.0,4.0,8.0,0.01,909,0.41506849315068495,660.0,0.00022602739726027398,0.0073059360730593605,660.422600456621,909
10,100,"B: each node watches 1,000 miners",,100.0,4.0,8.0,0.05,909,0.41506849315068495,660.0,0.0011301369863013697,0.0073059360730593605,660.42350456621,909
10,100,C: 14 registered + 50 unregistered per WC,50,64.0,1.0,2.0,0.0,909,0.10376712328767124,105.60000000000001,0.0,0.0018264840182648401,105.70559360730594,909
10,100,C: 14 registered + 50 unregistered per WC,50,64.0,1.0,2.0,0.01,909,0.10376712328767124,105.60000000000001,0.00022602739726027398,0.0018264840182648401,105.7058196347032,909
10,100,C: 14 registered + 50 unregistered per WC,50,64.0,1.0,2.0,0.05,909,0.10376712328767124,105.60000000000001,0.0011301369863013697,0.0018264840182648401,105.70672374429225,909
10,100,C: 14 registered + 50 unregistered per WC,50,64.0,1.0,8.0,0.0,909,0.10376712328767124,422.40000000000003,0.0,0.0018264840182648401,422.50559360730597,909
10,100,C: 14 registered + 50 unregistered per WC,50,64.0,1.0,8.0,0.01,909,0.10376712328767124,422.40000000000003,0.00022602739726027398,0.0018264840182648401,422.50581963470324,909
10,100,C: 14 registered + 50 unregistered per WC,50,64.0,1.0,8.0,0.05,909,0.10376712328767124,422.40000000000003,0.0011301369863013697,0.0018264840182648401,422.5067237442923,909
10,100,C: 14 registered + 50 unregistered per WC,50,64.0,4.0,2.0,0.0,909,0.41506849315068495,105.60000000000001,0.0,0.0073059360730593605,106.02237442922375,909
10,100,C: 14 registered + 50 unregistered per WC,50,64.0,4.0,2.0,0.01,909,0.41506849315068495,105.60000000000001,0.00022602739726027398,0.0073059360730593605,106.022600456621,909
10,100,C: 14 registered + 50 unregistered per WC,50,64.0,4.0,2.0,0.05,909,0.41506849315068495,105.60000000000001,0.0011301369863013697,0.0073059360730593605,106.02350456621005,909
10,100,C: 14 registered + 50 unregistered per WC,50,64.0,4.0,8.0,0.0,909,0.41506849315068495,422.40000000000003,0.0,0.0073059360730593605,422.82237442922377,909
10,100,C: 14 registered + 50 unregistered per WC,50,64.0,4.0,8.0,0.01,909,0.41506849315068495,422.40000000000003,0.00022602739726027398,0.0073059360730593605,422.82260045662105,909
10,100,C: 14 registered + 50 unregistered per WC,50,64.0,4.0,8.0,0.05,909,0.41506849315068495,422.40000000000003,0.0011301369863013697,0.0073059360730593605,422.8235045662101,909
10,100,C: 14 registered + 100 unregistered per WC,100,114.0,1.0,2.0,0.0,909,0.10376712328767124,188.1,0.0,0.0018264840182648401,188.20559360730593,909
10,100,C: 14 registered + 100 unregistered per WC,100,114.0,1.0,2.0,0.01,909,0.10376712328767124,188.1,0.00022602739726027398,0.0018264840182648401,188.20581963470318,909
10,100,C: 14 registered + 100 unregistered per WC,100,114.0,1.0,2.0,0.05,909,0.10376712328767124,188.1,0.0011301369863013697,0.0018264840182648401,188.20672374429222,909
10,100,C: 14 registered + 100 unregistered per WC,100,114.0,1.0,8.0,0.0,909,0.10376712328767124,752.4,0.0,0.0018264840182648401,752.5055936073059,909
10,100,C: 14 registered + 100 unregistered per WC,100,114.0,1.0,8.0,0.01,909,0.10376712328767124,752.4,0.00022602739726027398,0.0018264840182648401,752.5058196347031,909
10,100,C: 14 registered + 100 unregistered per WC,100,114.0,1.0,8.0,0.05,909,0.10376712328767124,752.4,0.0011301369863013697,0.0018264840182648401,752.5067237442921,909
10,100,C: 14 registered + 100 unregistered per WC,100,114.0,4.0,2.0,0.0,909,0.41506849315068495,188.1,0.0,0.0073059360730593605,188.52237442922376,909
10,100,C: 14 registered + 100 unregistered per WC,100,114.0,4.0,2.0,0.01,909,0.41506849315068495,188.1,0.00022602739726027398,0.0073059360730593605,188.522600456621,909
10,100,C: 14 registered + 100 unregistered per WC,100,114.0,4.0,2.0,0.05,909,0.41506849315068495,188.1,0.0011301369863013697,0.0073059360730593605,188.52350456621005,909
10,100,C: 14 registered + 100 unregistered per WC,100,114.0,4.0,8.0,0.0,909,0.41506849315068495,752.4,0.0,0.0073059360730593605,752.8223744292237,909
10,100,C: 14 registered + 100 unregistered per WC,100,114.0,4.0,8.0,0.01,909,0.41506849315068495,752.4,0.00022602739726027398,0.0073059360730593605,752.822600456621,909
10,100,C: 14 registered + 100 unregistered per WC,100,114.0,4.0,8.0,0.05,909,0.41506849315068495,752.4,0.0011301369863013697,0.0073059360730593605,752.82350456621,909
10,100,C: 14 registered + 235 unregistered per WC,235,249.0,1.0,2.0,0.0,909,0.10376712328767124,410.85,0.0,0.0018264840182648401,410.95559360730596,909
10,100,C: 14 registered + 235 unregistered per WC,235,249.0,1.0,2.0,0.01,909,0.10376712328767124,410.85,0.00022602739726027398,0.0018264840182648401,410.95581963470323,909
10,100,C: 14 registered + 235 unregistered per WC,235,249.0,1.0,2.0,0.05,909,0.10376712328767124,410.85,0.0011301369863013697,0.0018264840182648401,410.9567237442923,909
10,100,C: 14 registered + 235 unregistered per WC,235,249.0,1.0,8.0,0.0,909,0.10376712328767124,1643.4,0.0,0.0018264840182648401,1643.505593607306,909
10,100,C: 14 registered + 235 unregistered per WC,235,249.0,1.0,8.0,0.01,909,0.10376712328767124,1643.4,0.00022602739726027398,0.0018264840182648401,1643.5058196347034,909
10,100,C: 14 registered + 235 unregistered per WC,235,249.0,1.0,8.0,0.05,909,0.10376712328767124,1643.4,0.0011301369863013697,0.0018264840182648401,1643.5067237442925,909
10,100,C: 14 registered + 235 unregistered per WC,235,249.0,4.0,2.0,0.0,909,0.41506849315068495,410.85,0.0,0.0073059360730593605,411.27237442922376,909
10,100,C: 14 registered + 235 unregistered per WC,235,249.0,4.0,2.0,0.01,909,0.41506849315068495,410.85,0.00022602739726027398,0.0073059360730593605,411.27260045662103,909
10,100,C: 14 registered + 235 unregistered per WC,235,249.0,4.0,2.0,0.05,909,0.41506849315068495,410.85,0.0011301369863013697,0.0073059360730593605,411.2735045662101,909
10,100,C: 14 registered + 235 unregistered per WC,235,249.0,4.0,8.0,0.0,909,0.41506849315068495,1643.4,0.0,0.0073059360730593605,1643.8223744292238,909
10,100,C: 14 registered + 235 unregistered per WC,235,249.0,4.0,8.0,0.01,909,0.41506849315068495,1643.4,0.00022602739726027398,0.0073059360730593605,1643.822600456621,909
10,100,C: 14 registered + 235 unregistered per WC,235,249.0,4.0,8.0,0.05,909,0.41506849315068495,1643.4,0.0011301369863013697,0.0073059360730593605,1643.8235045662102,909
